2025-08-21 14:00:01 - === HEALTH CHECK SUMMARY ===
2025-08-21 14:00:01 - Checking MariaDB...
2025-08-21 14:00:02 - ✗ MariaDB is not responding
2025-08-21 14:00:02 - Checking PostgreSQL...
2025-08-21 14:00:02 - ✗ PostgreSQL is not responding
2025-08-21 14:00:02 - Checking MongoDB...
2025-08-21 14:00:02 - ✗ MongoDB is not responding
2025-08-21 14:00:02 - Checking Redis...
2025-08-21 14:00:02 - ✓ Redis is healthy
2025-08-21 14:00:02 -   - Memory usage: 1.08M
2025-08-21 14:00:02 -   - Connected clients: 2
2025-08-21 14:00:02 - Database Services: 1/4 healthy
2025-08-21 14:00:02 - Checking disk space...
2025-08-21 14:00:02 - Disk usage: 15%
2025-08-21 14:00:02 - ✓ Disk space is adequate
2025-08-21 14:00:02 - Checking container status...
2025-08-21 14:00:02 - ✓ mariadb is running
2025-08-21 14:00:02 - ✓ postgresql is running
2025-08-21 14:00:02 - ✓ mongodb is running
2025-08-21 14:00:02 - ✓ redis is running
2025-08-21 14:00:02 - ✓ phpmyadmin is running
2025-08-21 14:00:02 - ✓ pgadmin is running
2025-08-21 14:00:02 - ✓ mongo-express is running
2025-08-21 14:00:02 - ✓ redis-commander is running
2025-08-21 14:00:02 - === END SUMMARY ===
2025-08-21 15:00:01 - === HEALTH CHECK SUMMARY ===
2025-08-21 15:00:01 - Checking MariaDB...
2025-08-21 15:00:02 - ✗ MariaDB is not responding
2025-08-21 15:00:02 - Checking PostgreSQL...
2025-08-21 15:00:02 - ✓ PostgreSQL is healthy
2025-08-21 15:00:02 -   - Active connections: 6
2025-08-21 15:00:02 - Checking MongoDB...
2025-08-21 15:00:02 - ✗ MongoDB is not responding
2025-08-21 15:00:02 - Checking Redis...
2025-08-21 15:00:02 - ✓ Redis is healthy
2025-08-21 15:00:02 -   - Memory usage: 1.11M
2025-08-21 15:00:02 -   - Connected clients: 2
2025-08-21 15:00:02 - Database Services: 2/4 healthy
2025-08-21 15:00:02 - Checking disk space...
2025-08-21 15:00:02 - Disk usage: 16%
2025-08-21 15:00:02 - ✓ Disk space is adequate
2025-08-21 15:00:02 - Checking container status...
2025-08-21 15:00:02 - ✓ mariadb is running
2025-08-21 15:00:02 - ✓ postgresql is running
2025-08-21 15:00:03 - ✓ mongodb is running
2025-08-21 15:00:03 - ✓ redis is running
2025-08-21 15:00:03 - ✓ phpmyadmin is running
2025-08-21 15:00:03 - ✓ pgadmin is running
2025-08-21 15:00:03 - ✓ mongo-express is running
2025-08-21 15:00:03 - ✓ redis-commander is running
2025-08-21 15:00:03 - === END SUMMARY ===
2025-08-21 16:00:01 - === HEALTH CHECK SUMMARY ===
2025-08-21 16:00:01 - Checking MariaDB...
2025-08-21 16:00:01 - ✗ MariaDB is not responding
2025-08-21 16:00:01 - Checking PostgreSQL...
2025-08-21 16:00:01 - ✓ PostgreSQL is healthy
2025-08-21 16:00:01 -   - Active connections: 6
2025-08-21 16:00:01 - Checking MongoDB...
2025-08-21 16:00:01 - ✗ MongoDB is not responding
2025-08-21 16:00:01 - Checking Redis...
2025-08-21 16:00:01 - ✓ Redis is healthy
2025-08-21 16:00:02 -   - Memory usage: 1.11M
2025-08-21 16:00:02 -   - Connected clients: 2
2025-08-21 16:00:02 - Database Services: 2/4 healthy
2025-08-21 16:00:02 - Checking disk space...
2025-08-21 16:00:02 - Disk usage: 16%
2025-08-21 16:00:02 - ✓ Disk space is adequate
2025-08-21 16:00:02 - Checking container status...
2025-08-21 16:00:02 - ✓ mariadb is running
2025-08-21 16:00:02 - ✓ postgresql is running
2025-08-21 16:00:02 - ✓ mongodb is running
2025-08-21 16:00:02 - ✓ redis is running
2025-08-21 16:00:02 - ✓ phpmyadmin is running
2025-08-21 16:00:02 - ✓ pgadmin is running
2025-08-21 16:00:02 - ✓ mongo-express is running
2025-08-21 16:00:02 - ✓ redis-commander is running
2025-08-21 16:00:02 - === END SUMMARY ===
2025-08-21 17:00:01 - === HEALTH CHECK SUMMARY ===
2025-08-21 17:00:01 - Checking MariaDB...
2025-08-21 17:00:01 - ✗ MariaDB is not responding
2025-08-21 17:00:01 - Checking PostgreSQL...
2025-08-21 17:00:01 - ✓ PostgreSQL is healthy
2025-08-21 17:00:02 -   - Active connections: 6
2025-08-21 17:00:02 - Checking MongoDB...
2025-08-21 17:00:02 - ✗ MongoDB is not responding
2025-08-21 17:00:02 - Checking Redis...
2025-08-21 17:00:02 - ✓ Redis is healthy
2025-08-21 17:00:02 -   - Memory usage: 1.11M
2025-08-21 17:00:02 -   - Connected clients: 2
2025-08-21 17:00:02 - Database Services: 2/4 healthy
2025-08-21 17:00:02 - Checking disk space...
2025-08-21 17:00:02 - Disk usage: 16%
2025-08-21 17:00:02 - ✓ Disk space is adequate
2025-08-21 17:00:02 - Checking container status...
2025-08-21 17:00:02 - ✓ mariadb is running
2025-08-21 17:00:02 - ✓ postgresql is running
2025-08-21 17:00:02 - ✓ mongodb is running
2025-08-21 17:00:02 - ✓ redis is running
2025-08-21 17:00:02 - ✓ phpmyadmin is running
2025-08-21 17:00:02 - ✓ pgadmin is running
2025-08-21 17:00:02 - ✓ mongo-express is running
2025-08-21 17:00:02 - ✓ redis-commander is running
2025-08-21 17:00:02 - === END SUMMARY ===
2025-08-21 18:00:01 - === HEALTH CHECK SUMMARY ===
2025-08-21 18:00:01 - Checking MariaDB...
2025-08-21 18:00:01 - ✗ MariaDB is not responding
2025-08-21 18:00:01 - Checking PostgreSQL...
2025-08-21 18:00:01 - ✓ PostgreSQL is healthy
2025-08-21 18:00:01 -   - Active connections: 6
2025-08-21 18:00:01 - Checking MongoDB...
2025-08-21 18:00:01 - ✗ MongoDB is not responding
2025-08-21 18:00:01 - Checking Redis...
2025-08-21 18:00:01 - ✓ Redis is healthy
2025-08-21 18:00:01 -   - Memory usage: 1.11M
2025-08-21 18:00:01 -   - Connected clients: 2
2025-08-21 18:00:01 - Database Services: 2/4 healthy
2025-08-21 18:00:01 - Checking disk space...
2025-08-21 18:00:01 - Disk usage: 16%
2025-08-21 18:00:01 - ✓ Disk space is adequate
2025-08-21 18:00:01 - Checking container status...
2025-08-21 18:00:01 - ✓ mariadb is running
2025-08-21 18:00:01 - ✓ postgresql is running
2025-08-21 18:00:02 - ✓ mongodb is running
2025-08-21 18:00:02 - ✓ redis is running
2025-08-21 18:00:02 - ✓ phpmyadmin is running
2025-08-21 18:00:02 - ✓ pgadmin is running
2025-08-21 18:00:02 - ✓ mongo-express is running
2025-08-21 18:00:02 - ✓ redis-commander is running
2025-08-21 18:00:02 - === END SUMMARY ===
2025-08-21 19:00:01 - === HEALTH CHECK SUMMARY ===
2025-08-21 19:00:01 - Checking MariaDB...
2025-08-21 19:00:01 - ✗ MariaDB is not responding
2025-08-21 19:00:01 - Checking PostgreSQL...
2025-08-21 19:00:01 - ✓ PostgreSQL is healthy
2025-08-21 19:00:01 -   - Active connections: 6
2025-08-21 19:00:01 - Checking MongoDB...
2025-08-21 19:00:01 - ✗ MongoDB is not responding
2025-08-21 19:00:01 - Checking Redis...
2025-08-21 19:00:02 - ✓ Redis is healthy
2025-08-21 19:00:02 -   - Memory usage: 1.11M
2025-08-21 19:00:02 -   - Connected clients: 2
2025-08-21 19:00:02 - Database Services: 2/4 healthy
2025-08-21 19:00:02 - Checking disk space...
2025-08-21 19:00:02 - Disk usage: 16%
2025-08-21 19:00:02 - ✓ Disk space is adequate
2025-08-21 19:00:02 - Checking container status...
2025-08-21 19:00:02 - ✓ mariadb is running
2025-08-21 19:00:02 - ✓ postgresql is running
2025-08-21 19:00:02 - ✓ mongodb is running
2025-08-21 19:00:02 - ✓ redis is running
2025-08-21 19:00:02 - ✓ phpmyadmin is running
2025-08-21 19:00:02 - ✓ pgadmin is running
2025-08-21 19:00:02 - ✓ mongo-express is running
2025-08-21 19:00:02 - ✓ redis-commander is running
2025-08-21 19:00:02 - === END SUMMARY ===
2025-08-21 20:00:01 - === HEALTH CHECK SUMMARY ===
2025-08-21 20:00:01 - Checking MariaDB...
2025-08-21 20:00:01 - ✗ MariaDB is not responding
2025-08-21 20:00:01 - Checking PostgreSQL...
2025-08-21 20:00:02 - ✓ PostgreSQL is healthy
2025-08-21 20:00:02 -   - Active connections: 6
2025-08-21 20:00:02 - Checking MongoDB...
2025-08-21 20:00:02 - ✗ MongoDB is not responding
2025-08-21 20:00:02 - Checking Redis...
2025-08-21 20:00:02 - ✓ Redis is healthy
2025-08-21 20:00:02 -   - Memory usage: 1.11M
2025-08-21 20:00:02 -   - Connected clients: 2
2025-08-21 20:00:02 - Database Services: 2/4 healthy
2025-08-21 20:00:02 - Checking disk space...
2025-08-21 20:00:02 - Disk usage: 16%
2025-08-21 20:00:02 - ✓ Disk space is adequate
2025-08-21 20:00:02 - Checking container status...
2025-08-21 20:00:02 - ✓ mariadb is running
2025-08-21 20:00:02 - ✓ postgresql is running
2025-08-21 20:00:02 - ✓ mongodb is running
2025-08-21 20:00:02 - ✓ redis is running
2025-08-21 20:00:02 - ✓ phpmyadmin is running
2025-08-21 20:00:02 - ✓ pgadmin is running
2025-08-21 20:00:03 - ✓ mongo-express is running
2025-08-21 20:00:03 - ✓ redis-commander is running
2025-08-21 20:00:03 - === END SUMMARY ===
2025-08-21 21:00:01 - === HEALTH CHECK SUMMARY ===
2025-08-21 21:00:01 - Checking MariaDB...
2025-08-21 21:00:01 - ✗ MariaDB is not responding
2025-08-21 21:00:01 - Checking PostgreSQL...
2025-08-21 21:00:01 - ✓ PostgreSQL is healthy
2025-08-21 21:00:01 -   - Active connections: 6
2025-08-21 21:00:01 - Checking MongoDB...
2025-08-21 21:00:01 - ✗ MongoDB is not responding
2025-08-21 21:00:01 - Checking Redis...
2025-08-21 21:00:01 - ✓ Redis is healthy
2025-08-21 21:00:01 -   - Memory usage: 1.11M
2025-08-21 21:00:02 -   - Connected clients: 2
2025-08-21 21:00:02 - Database Services: 2/4 healthy
2025-08-21 21:00:02 - Checking disk space...
2025-08-21 21:00:02 - Disk usage: 16%
2025-08-21 21:00:02 - ✓ Disk space is adequate
2025-08-21 21:00:02 - Checking container status...
2025-08-21 21:00:02 - ✓ mariadb is running
2025-08-21 21:00:02 - ✓ postgresql is running
2025-08-21 21:00:02 - ✓ mongodb is running
2025-08-21 21:00:02 - ✓ redis is running
2025-08-21 21:00:02 - ✓ phpmyadmin is running
2025-08-21 21:00:02 - ✓ pgadmin is running
2025-08-21 21:00:02 - ✓ mongo-express is running
2025-08-21 21:00:02 - ✓ redis-commander is running
2025-08-21 21:00:02 - === END SUMMARY ===
2025-08-21 22:00:01 - === HEALTH CHECK SUMMARY ===
2025-08-21 22:00:01 - Checking MariaDB...
2025-08-21 22:00:01 - ✗ MariaDB is not responding
2025-08-21 22:00:01 - Checking PostgreSQL...
2025-08-21 22:00:01 - ✓ PostgreSQL is healthy
2025-08-21 22:00:02 -   - Active connections: 6
2025-08-21 22:00:02 - Checking MongoDB...
2025-08-21 22:00:02 - ✗ MongoDB is not responding
2025-08-21 22:00:02 - Checking Redis...
2025-08-21 22:00:02 - ✓ Redis is healthy
2025-08-21 22:00:02 -   - Memory usage: 1.11M
2025-08-21 22:00:02 -   - Connected clients: 2
2025-08-21 22:00:02 - Database Services: 2/4 healthy
2025-08-21 22:00:02 - Checking disk space...
2025-08-21 22:00:02 - Disk usage: 16%
2025-08-21 22:00:02 - ✓ Disk space is adequate
2025-08-21 22:00:02 - Checking container status...
2025-08-21 22:00:02 - ✓ mariadb is running
2025-08-21 22:00:02 - ✓ postgresql is running
2025-08-21 22:00:02 - ✓ mongodb is running
2025-08-21 22:00:02 - ✓ redis is running
2025-08-21 22:00:02 - ✓ phpmyadmin is running
2025-08-21 22:00:02 - ✓ pgadmin is running
2025-08-21 22:00:02 - ✓ mongo-express is running
2025-08-21 22:00:02 - ✓ redis-commander is running
2025-08-21 22:00:02 - === END SUMMARY ===
2025-08-21 23:00:01 - === HEALTH CHECK SUMMARY ===
2025-08-21 23:00:01 - Checking MariaDB...
2025-08-21 23:00:01 - ✗ MariaDB is not responding
2025-08-21 23:00:01 - Checking PostgreSQL...
2025-08-21 23:00:01 - ✓ PostgreSQL is healthy
2025-08-21 23:00:01 -   - Active connections: 6
2025-08-21 23:00:01 - Checking MongoDB...
2025-08-21 23:00:01 - ✗ MongoDB is not responding
2025-08-21 23:00:01 - Checking Redis...
2025-08-21 23:00:01 - ✓ Redis is healthy
2025-08-21 23:00:01 -   - Memory usage: 1.11M
2025-08-21 23:00:02 -   - Connected clients: 2
2025-08-21 23:00:02 - Database Services: 2/4 healthy
2025-08-21 23:00:02 - Checking disk space...
2025-08-21 23:00:02 - Disk usage: 16%
2025-08-21 23:00:02 - ✓ Disk space is adequate
2025-08-21 23:00:02 - Checking container status...
2025-08-21 23:00:02 - ✓ mariadb is running
2025-08-21 23:00:02 - ✓ postgresql is running
2025-08-21 23:00:02 - ✓ mongodb is running
2025-08-21 23:00:02 - ✓ redis is running
2025-08-21 23:00:02 - ✓ phpmyadmin is running
2025-08-21 23:00:02 - ✓ pgadmin is running
2025-08-21 23:00:02 - ✓ mongo-express is running
2025-08-21 23:00:02 - ✓ redis-commander is running
2025-08-21 23:00:02 - === END SUMMARY ===
2025-08-22 00:00:01 - === HEALTH CHECK SUMMARY ===
2025-08-22 00:00:01 - Checking MariaDB...
2025-08-22 00:00:01 - ✗ MariaDB is not responding
2025-08-22 00:00:01 - Checking PostgreSQL...
2025-08-22 00:00:01 - ✓ PostgreSQL is healthy
2025-08-22 00:00:01 -   - Active connections: 6
2025-08-22 00:00:01 - Checking MongoDB...
2025-08-22 00:00:02 - ✗ MongoDB is not responding
2025-08-22 00:00:02 - Checking Redis...
2025-08-22 00:00:02 - ✓ Redis is healthy
2025-08-22 00:00:02 -   - Memory usage: 1.11M
2025-08-22 00:00:02 -   - Connected clients: 2
2025-08-22 00:00:02 - Database Services: 2/4 healthy
2025-08-22 00:00:02 - Checking disk space...
2025-08-22 00:00:02 - Disk usage: 16%
2025-08-22 00:00:02 - ✓ Disk space is adequate
2025-08-22 00:00:02 - Checking container status...
2025-08-22 00:00:02 - ✓ mariadb is running
2025-08-22 00:00:02 - ✓ postgresql is running
2025-08-22 00:00:02 - ✓ mongodb is running
2025-08-22 00:00:02 - ✓ redis is running
2025-08-22 00:00:02 - ✓ phpmyadmin is running
2025-08-22 00:00:02 - ✓ pgadmin is running
2025-08-22 00:00:02 - ✓ mongo-express is running
2025-08-22 00:00:02 - ✓ redis-commander is running
2025-08-22 00:00:02 - === END SUMMARY ===
2025-08-22 01:00:01 - === HEALTH CHECK SUMMARY ===
2025-08-22 01:00:01 - Checking MariaDB...
2025-08-22 01:00:01 - ✗ MariaDB is not responding
2025-08-22 01:00:01 - Checking PostgreSQL...
2025-08-22 01:00:02 - ✓ PostgreSQL is healthy
2025-08-22 01:00:02 -   - Active connections: 6
2025-08-22 01:00:02 - Checking MongoDB...
2025-08-22 01:00:02 - ✗ MongoDB is not responding
2025-08-22 01:00:02 - Checking Redis...
2025-08-22 01:00:02 - ✓ Redis is healthy
2025-08-22 01:00:02 -   - Memory usage: 1.11M
2025-08-22 01:00:02 -   - Connected clients: 2
2025-08-22 01:00:02 - Database Services: 2/4 healthy
2025-08-22 01:00:02 - Checking disk space...
2025-08-22 01:00:02 - Disk usage: 16%
2025-08-22 01:00:02 - ✓ Disk space is adequate
2025-08-22 01:00:02 - Checking container status...
2025-08-22 01:00:02 - ✓ mariadb is running
2025-08-22 01:00:02 - ✓ postgresql is running
2025-08-22 01:00:02 - ✓ mongodb is running
2025-08-22 01:00:03 - ✓ redis is running
2025-08-22 01:00:03 - ✓ phpmyadmin is running
2025-08-22 01:00:03 - ✓ pgadmin is running
2025-08-22 01:00:03 - ✓ mongo-express is running
2025-08-22 01:00:03 - ✓ redis-commander is running
2025-08-22 01:00:03 - === END SUMMARY ===
2025-08-22 02:00:01 - === HEALTH CHECK SUMMARY ===
2025-08-22 02:00:01 - Checking MariaDB...
2025-08-22 02:00:01 - ✗ MariaDB is not responding
2025-08-22 02:00:01 - Checking PostgreSQL...
2025-08-22 02:00:01 - ✓ PostgreSQL is healthy
2025-08-22 02:00:01 -   - Active connections: 7
2025-08-22 02:00:01 - Checking MongoDB...
2025-08-22 02:00:01 - ✗ MongoDB is not responding
2025-08-22 02:00:01 - Checking Redis...
2025-08-22 02:00:01 - ✓ Redis is healthy
2025-08-22 02:00:02 -   - Memory usage: 1.11M
2025-08-22 02:00:02 -   - Connected clients: 2
2025-08-22 02:00:02 - Database Services: 2/4 healthy
2025-08-22 02:00:02 - Checking disk space...
2025-08-22 02:00:02 - Disk usage: 16%
2025-08-22 02:00:02 - ✓ Disk space is adequate
2025-08-22 02:00:02 - Checking container status...
2025-08-22 02:00:02 - ✓ mariadb is running
2025-08-22 02:00:02 - ✓ postgresql is running
2025-08-22 02:00:02 - ✓ mongodb is running
2025-08-22 02:00:02 - ✓ redis is running
2025-08-22 02:00:02 - ✓ phpmyadmin is running
2025-08-22 02:00:02 - ✓ pgadmin is running
2025-08-22 02:00:02 - ✓ mongo-express is running
2025-08-22 02:00:02 - ✓ redis-commander is running
2025-08-22 02:00:02 - === END SUMMARY ===
2025-08-22 03:00:01 - === HEALTH CHECK SUMMARY ===
2025-08-22 03:00:01 - Checking MariaDB...
2025-08-22 03:00:01 - ✗ MariaDB is not responding
2025-08-22 03:00:01 - Checking PostgreSQL...
2025-08-22 03:00:01 - ✓ PostgreSQL is healthy
2025-08-22 03:00:01 -   - Active connections: 6
2025-08-22 03:00:01 - Checking MongoDB...
2025-08-22 03:00:01 - ✗ MongoDB is not responding
2025-08-22 03:00:01 - Checking Redis...
2025-08-22 03:00:02 - ✓ Redis is healthy
2025-08-22 03:00:02 -   - Memory usage: 1.13M
2025-08-22 03:00:02 -   - Connected clients: 2
2025-08-22 03:00:02 - Database Services: 2/4 healthy
2025-08-22 03:00:02 - Checking disk space...
2025-08-22 03:00:02 - Disk usage: 16%
2025-08-22 03:00:02 - ✓ Disk space is adequate
2025-08-22 03:00:02 - Checking container status...
2025-08-22 03:00:02 - ✓ mariadb is running
2025-08-22 03:00:02 - ✓ postgresql is running
2025-08-22 03:00:02 - ✓ mongodb is running
2025-08-22 03:00:02 - ✓ redis is running
2025-08-22 03:00:02 - ✓ phpmyadmin is running
2025-08-22 03:00:02 - ✓ pgadmin is running
2025-08-22 03:00:02 - ✓ mongo-express is running
2025-08-22 03:00:02 - ✓ redis-commander is running
2025-08-22 03:00:02 - === END SUMMARY ===
2025-08-22 04:00:01 - === HEALTH CHECK SUMMARY ===
2025-08-22 04:00:01 - Checking MariaDB...
2025-08-22 04:00:01 - ✗ MariaDB is not responding
2025-08-22 04:00:01 - Checking PostgreSQL...
2025-08-22 04:00:02 - ✓ PostgreSQL is healthy
2025-08-22 04:00:02 -   - Active connections: 6
2025-08-22 04:00:02 - Checking MongoDB...
2025-08-22 04:00:02 - ✗ MongoDB is not responding
2025-08-22 04:00:02 - Checking Redis...
2025-08-22 04:00:02 - ✓ Redis is healthy
2025-08-22 04:00:02 -   - Memory usage: 1.13M
2025-08-22 04:00:02 -   - Connected clients: 2
2025-08-22 04:00:02 - Database Services: 2/4 healthy
2025-08-22 04:00:02 - Checking disk space...
2025-08-22 04:00:02 - Disk usage: 16%
2025-08-22 04:00:02 - ✓ Disk space is adequate
2025-08-22 04:00:02 - Checking container status...
2025-08-22 04:00:02 - ✓ mariadb is running
2025-08-22 04:00:02 - ✓ postgresql is running
2025-08-22 04:00:02 - ✓ mongodb is running
2025-08-22 04:00:02 - ✓ redis is running
2025-08-22 04:00:02 - ✓ phpmyadmin is running
2025-08-22 04:00:03 - ✓ pgadmin is running
2025-08-22 04:00:03 - ✓ mongo-express is running
2025-08-22 04:00:03 - ✓ redis-commander is running
2025-08-22 04:00:03 - === END SUMMARY ===
2025-08-22 05:00:01 - === HEALTH CHECK SUMMARY ===
2025-08-22 05:00:01 - Checking MariaDB...
2025-08-22 05:00:01 - ✗ MariaDB is not responding
2025-08-22 05:00:01 - Checking PostgreSQL...
2025-08-22 05:00:01 - ✓ PostgreSQL is healthy
2025-08-22 05:00:01 -   - Active connections: 6
2025-08-22 05:00:01 - Checking MongoDB...
2025-08-22 05:00:01 - ✗ MongoDB is not responding
2025-08-22 05:00:01 - Checking Redis...
2025-08-22 05:00:01 - ✓ Redis is healthy
2025-08-22 05:00:01 -   - Memory usage: 1.13M
2025-08-22 05:00:02 -   - Connected clients: 2
2025-08-22 05:00:02 - Database Services: 2/4 healthy
2025-08-22 05:00:02 - Checking disk space...
2025-08-22 05:00:02 - Disk usage: 16%
2025-08-22 05:00:02 - ✓ Disk space is adequate
2025-08-22 05:00:02 - Checking container status...
2025-08-22 05:00:02 - ✓ mariadb is running
2025-08-22 05:00:02 - ✓ postgresql is running
2025-08-22 05:00:02 - ✓ mongodb is running
2025-08-22 05:00:02 - ✓ redis is running
2025-08-22 05:00:02 - ✓ phpmyadmin is running
2025-08-22 05:00:02 - ✓ pgadmin is running
2025-08-22 05:00:02 - ✓ mongo-express is running
2025-08-22 05:00:02 - ✓ redis-commander is running
2025-08-22 05:00:02 - === END SUMMARY ===
2025-08-22 06:00:01 - === HEALTH CHECK SUMMARY ===
2025-08-22 06:00:01 - Checking MariaDB...
2025-08-22 06:00:01 - ✗ MariaDB is not responding
2025-08-22 06:00:01 - Checking PostgreSQL...
2025-08-22 06:00:01 - ✓ PostgreSQL is healthy
2025-08-22 06:00:02 -   - Active connections: 6
2025-08-22 06:00:02 - Checking MongoDB...
2025-08-22 06:00:02 - ✗ MongoDB is not responding
2025-08-22 06:00:02 - Checking Redis...
2025-08-22 06:00:02 - ✓ Redis is healthy
2025-08-22 06:00:02 -   - Memory usage: 1.13M
2025-08-22 06:00:02 -   - Connected clients: 2
2025-08-22 06:00:02 - Database Services: 2/4 healthy
2025-08-22 06:00:02 - Checking disk space...
2025-08-22 06:00:02 - Disk usage: 16%
2025-08-22 06:00:02 - ✓ Disk space is adequate
2025-08-22 06:00:02 - Checking container status...
2025-08-22 06:00:02 - ✓ mariadb is running
2025-08-22 06:00:02 - ✓ postgresql is running
2025-08-22 06:00:02 - ✓ mongodb is running
2025-08-22 06:00:02 - ✓ redis is running
2025-08-22 06:00:02 - ✓ phpmyadmin is running
2025-08-22 06:00:02 - ✓ pgadmin is running
2025-08-22 06:00:02 - ✓ mongo-express is running
2025-08-22 06:00:02 - ✓ redis-commander is running
2025-08-22 06:00:02 - === END SUMMARY ===
2025-08-22 07:00:01 - === HEALTH CHECK SUMMARY ===
2025-08-22 07:00:01 - Checking MariaDB...
2025-08-22 07:00:01 - ✗ MariaDB is not responding
2025-08-22 07:00:01 - Checking PostgreSQL...
2025-08-22 07:00:01 - ✗ PostgreSQL is not responding
2025-08-22 07:00:01 - Checking MongoDB...
2025-08-22 07:00:01 - ✗ MongoDB is not responding
2025-08-22 07:00:01 - Checking Redis...
2025-08-22 07:00:01 - ✗ Redis is not responding
2025-08-22 07:00:01 - Database Services: 0/4 healthy
2025-08-22 07:00:01 - Checking disk space...
2025-08-22 07:00:01 - Disk usage: 19%
2025-08-22 07:00:01 - ✓ Disk space is adequate
2025-08-22 07:00:01 - Checking container status...
2025-08-22 07:00:01 - ✓ mariadb is running
2025-08-22 07:00:01 - ✓ postgresql is running
2025-08-22 07:00:01 - ✓ mongodb is running
2025-08-22 07:00:01 - ✗ redis is not running
2025-08-22 07:00:01 - ✓ phpmyadmin is running
2025-08-22 07:00:02 - ✓ pgadmin is running
2025-08-22 07:00:02 - ✓ mongo-express is running
2025-08-22 07:00:02 - ✗ redis-commander is not running
2025-08-22 07:00:02 - === END SUMMARY ===
2025-08-22 08:00:01 - === HEALTH CHECK SUMMARY ===
2025-08-22 08:00:01 - Checking MariaDB...
2025-08-22 08:00:01 - ✗ MariaDB is not responding
2025-08-22 08:00:01 - Checking PostgreSQL...
2025-08-22 08:00:01 - ✓ PostgreSQL is healthy
2025-08-22 08:00:01 -   - Active connections: 6
2025-08-22 08:00:01 - Checking MongoDB...
2025-08-22 08:00:01 - ✗ MongoDB is not responding
2025-08-22 08:00:01 - Checking Redis...
2025-08-22 08:00:01 - ✓ Redis is healthy
2025-08-22 08:00:01 -   - Memory usage: 1.11M
2025-08-22 08:00:02 -   - Connected clients: 2
2025-08-22 08:00:02 - Database Services: 2/4 healthy
2025-08-22 08:00:02 - Checking disk space...
2025-08-22 08:00:02 - Disk usage: 18%
2025-08-22 08:00:02 - ✓ Disk space is adequate
2025-08-22 08:00:02 - Checking container status...
2025-08-22 08:00:02 - ✓ mariadb is running
2025-08-22 08:00:02 - ✓ postgresql is running
2025-08-22 08:00:02 - ✓ mongodb is running
2025-08-22 08:00:02 - ✓ redis is running
2025-08-22 08:00:02 - ✓ phpmyadmin is running
2025-08-22 08:00:02 - ✓ pgadmin is running
2025-08-22 08:00:02 - ✓ mongo-express is running
2025-08-22 08:00:02 - ✓ redis-commander is running
2025-08-22 08:00:02 - === END SUMMARY ===
2025-08-22 09:00:01 - === HEALTH CHECK SUMMARY ===
2025-08-22 09:00:01 - Checking MariaDB...
2025-08-22 09:00:01 - ✗ MariaDB is not responding
2025-08-22 09:00:01 - Checking PostgreSQL...
2025-08-22 09:00:01 - ✓ PostgreSQL is healthy
2025-08-22 09:00:02 -   - Active connections: 6
2025-08-22 09:00:02 - Checking MongoDB...
2025-08-22 09:00:02 - ✗ MongoDB is not responding
2025-08-22 09:00:02 - Checking Redis...
2025-08-22 09:00:02 - ✓ Redis is healthy
2025-08-22 09:00:02 -   - Memory usage: 1.11M
2025-08-22 09:00:02 -   - Connected clients: 2
2025-08-22 09:00:02 - Database Services: 2/4 healthy
2025-08-22 09:00:02 - Checking disk space...
2025-08-22 09:00:02 - Disk usage: 18%
2025-08-22 09:00:02 - ✓ Disk space is adequate
2025-08-22 09:00:02 - Checking container status...
2025-08-22 09:00:02 - ✓ mariadb is running
2025-08-22 09:00:02 - ✓ postgresql is running
2025-08-22 09:00:02 - ✓ mongodb is running
2025-08-22 09:00:02 - ✓ redis is running
2025-08-22 09:00:02 - ✓ phpmyadmin is running
2025-08-22 09:00:02 - ✓ pgadmin is running
2025-08-22 09:00:02 - ✓ mongo-express is running
2025-08-22 09:00:02 - ✓ redis-commander is running
2025-08-22 09:00:02 - === END SUMMARY ===
2025-08-22 10:00:01 - === HEALTH CHECK SUMMARY ===
2025-08-22 10:00:01 - Checking MariaDB...
2025-08-22 10:00:02 - ✗ MariaDB is not responding
2025-08-22 10:00:02 - Checking PostgreSQL...
2025-08-22 10:00:02 - ✓ PostgreSQL is healthy
2025-08-22 10:00:02 -   - Active connections: 6
2025-08-22 10:00:02 - Checking MongoDB...
2025-08-22 10:00:02 - ✗ MongoDB is not responding
2025-08-22 10:00:02 - Checking Redis...
2025-08-22 10:00:02 - ✓ Redis is healthy
2025-08-22 10:00:02 -   - Memory usage: 1.11M
2025-08-22 10:00:02 -   - Connected clients: 2
2025-08-22 10:00:02 - Database Services: 2/4 healthy
2025-08-22 10:00:02 - Checking disk space...
2025-08-22 10:00:02 - Disk usage: 18%
2025-08-22 10:00:02 - ✓ Disk space is adequate
2025-08-22 10:00:02 - Checking container status...
2025-08-22 10:00:03 - ✓ mariadb is running
2025-08-22 10:00:03 - ✓ postgresql is running
2025-08-22 10:00:03 - ✓ mongodb is running
2025-08-22 10:00:03 - ✓ redis is running
2025-08-22 10:00:03 - ✓ phpmyadmin is running
2025-08-22 10:00:03 - ✓ pgadmin is running
2025-08-22 10:00:03 - ✓ mongo-express is running
2025-08-22 10:00:03 - ✓ redis-commander is running
2025-08-22 10:00:03 - === END SUMMARY ===
2025-08-22 11:00:01 - === HEALTH CHECK SUMMARY ===
2025-08-22 11:00:01 - Checking MariaDB...
2025-08-22 11:00:01 - ✗ MariaDB is not responding
2025-08-22 11:00:01 - Checking PostgreSQL...
2025-08-22 11:00:01 - ✓ PostgreSQL is healthy
2025-08-22 11:00:01 -   - Active connections: 6
2025-08-22 11:00:01 - Checking MongoDB...
2025-08-22 11:00:02 - ✗ MongoDB is not responding
2025-08-22 11:00:02 - Checking Redis...
2025-08-22 11:00:02 - ✓ Redis is healthy
2025-08-22 11:00:02 -   - Memory usage: 1.11M
2025-08-22 11:00:02 -   - Connected clients: 2
2025-08-22 11:00:02 - Database Services: 2/4 healthy
2025-08-22 11:00:02 - Checking disk space...
2025-08-22 11:00:02 - Disk usage: 18%
2025-08-22 11:00:02 - ✓ Disk space is adequate
2025-08-22 11:00:02 - Checking container status...
2025-08-22 11:00:02 - ✓ mariadb is running
2025-08-22 11:00:02 - ✓ postgresql is running
2025-08-22 11:00:02 - ✓ mongodb is running
2025-08-22 11:00:02 - ✓ redis is running
2025-08-22 11:00:02 - ✓ phpmyadmin is running
2025-08-22 11:00:02 - ✓ pgadmin is running
2025-08-22 11:00:02 - ✓ mongo-express is running
2025-08-22 11:00:02 - ✓ redis-commander is running
2025-08-22 11:00:02 - === END SUMMARY ===
2025-08-22 12:00:01 - === HEALTH CHECK SUMMARY ===
2025-08-22 12:00:01 - Checking MariaDB...
2025-08-22 12:00:02 - ✗ MariaDB is not responding
2025-08-22 12:00:02 - Checking PostgreSQL...
2025-08-22 12:00:02 - ✓ PostgreSQL is healthy
2025-08-22 12:00:02 -   - Active connections: 6
2025-08-22 12:00:02 - Checking MongoDB...
2025-08-22 12:00:02 - ✗ MongoDB is not responding
2025-08-22 12:00:02 - Checking Redis...
2025-08-22 12:00:02 - ✓ Redis is healthy
2025-08-22 12:00:02 -   - Memory usage: 1.11M
2025-08-22 12:00:02 -   - Connected clients: 2
2025-08-22 12:00:02 - Database Services: 2/4 healthy
2025-08-22 12:00:02 - Checking disk space...
2025-08-22 12:00:02 - Disk usage: 18%
2025-08-22 12:00:02 - ✓ Disk space is adequate
2025-08-22 12:00:02 - Checking container status...
2025-08-22 12:00:02 - ✓ mariadb is running
2025-08-22 12:00:02 - ✓ postgresql is running
2025-08-22 12:00:02 - ✓ mongodb is running
2025-08-22 12:00:03 - ✓ redis is running
2025-08-22 12:00:03 - ✓ phpmyadmin is running
2025-08-22 12:00:03 - ✓ pgadmin is running
2025-08-22 12:00:03 - ✓ mongo-express is running
2025-08-22 12:00:03 - ✓ redis-commander is running
2025-08-22 12:00:03 - === END SUMMARY ===
2025-08-22 13:00:01 - === HEALTH CHECK SUMMARY ===
2025-08-22 13:00:01 - Checking MariaDB...
2025-08-22 13:00:01 - ✗ MariaDB is not responding
2025-08-22 13:00:01 - Checking PostgreSQL...
2025-08-22 13:00:01 - ✓ PostgreSQL is healthy
2025-08-22 13:00:01 -   - Active connections: 6
2025-08-22 13:00:01 - Checking MongoDB...
2025-08-22 13:00:01 - ✗ MongoDB is not responding
2025-08-22 13:00:01 - Checking Redis...
2025-08-22 13:00:01 - ✓ Redis is healthy
2025-08-22 13:00:02 -   - Memory usage: 1.11M
2025-08-22 13:00:02 -   - Connected clients: 2
2025-08-22 13:00:02 - Database Services: 2/4 healthy
2025-08-22 13:00:02 - Checking disk space...
2025-08-22 13:00:02 - Disk usage: 18%
2025-08-22 13:00:02 - ✓ Disk space is adequate
2025-08-22 13:00:02 - Checking container status...
2025-08-22 13:00:02 - ✓ mariadb is running
2025-08-22 13:00:02 - ✓ postgresql is running
2025-08-22 13:00:02 - ✓ mongodb is running
2025-08-22 13:00:02 - ✓ redis is running
2025-08-22 13:00:02 - ✓ phpmyadmin is running
2025-08-22 13:00:02 - ✓ pgadmin is running
2025-08-22 13:00:02 - ✓ mongo-express is running
2025-08-22 13:00:02 - ✓ redis-commander is running
2025-08-22 13:00:02 - === END SUMMARY ===
2025-08-22 14:00:01 - === HEALTH CHECK SUMMARY ===
2025-08-22 14:00:01 - Checking MariaDB...
2025-08-22 14:00:01 - ✗ MariaDB is not responding
2025-08-22 14:00:01 - Checking PostgreSQL...
2025-08-22 14:00:01 - ✓ PostgreSQL is healthy
2025-08-22 14:00:02 -   - Active connections: 6
2025-08-22 14:00:02 - Checking MongoDB...
2025-08-22 14:00:02 - ✗ MongoDB is not responding
2025-08-22 14:00:02 - Checking Redis...
2025-08-22 14:00:02 - ✓ Redis is healthy
2025-08-22 14:00:02 -   - Memory usage: 1.11M
2025-08-22 14:00:02 -   - Connected clients: 2
2025-08-22 14:00:02 - Database Services: 2/4 healthy
2025-08-22 14:00:02 - Checking disk space...
2025-08-22 14:00:02 - Disk usage: 18%
2025-08-22 14:00:02 - ✓ Disk space is adequate
2025-08-22 14:00:02 - Checking container status...
2025-08-22 14:00:02 - ✓ mariadb is running
2025-08-22 14:00:02 - ✓ postgresql is running
2025-08-22 14:00:02 - ✓ mongodb is running
2025-08-22 14:00:02 - ✓ redis is running
2025-08-22 14:00:02 - ✓ phpmyadmin is running
2025-08-22 14:00:02 - ✓ pgadmin is running
2025-08-22 14:00:02 - ✓ mongo-express is running
2025-08-22 14:00:02 - ✓ redis-commander is running
2025-08-22 14:00:02 - === END SUMMARY ===
2025-08-22 15:00:01 - === HEALTH CHECK SUMMARY ===
2025-08-22 15:00:01 - Checking MariaDB...
2025-08-22 15:00:02 - ✗ MariaDB is not responding
2025-08-22 15:00:02 - Checking PostgreSQL...
2025-08-22 15:00:02 - ✓ PostgreSQL is healthy
2025-08-22 15:00:02 -   - Active connections: 6
2025-08-22 15:00:02 - Checking MongoDB...
2025-08-22 15:00:02 - ✗ MongoDB is not responding
2025-08-22 15:00:02 - Checking Redis...
2025-08-22 15:00:02 - ✓ Redis is healthy
2025-08-22 15:00:02 -   - Memory usage: 1.11M
2025-08-22 15:00:02 -   - Connected clients: 2
2025-08-22 15:00:02 - Database Services: 2/4 healthy
2025-08-22 15:00:02 - Checking disk space...
2025-08-22 15:00:02 - Disk usage: 18%
2025-08-22 15:00:02 - ✓ Disk space is adequate
2025-08-22 15:00:02 - Checking container status...
2025-08-22 15:00:02 - ✓ mariadb is running
2025-08-22 15:00:03 - ✓ postgresql is running
2025-08-22 15:00:03 - ✓ mongodb is running
2025-08-22 15:00:03 - ✓ redis is running
2025-08-22 15:00:03 - ✓ phpmyadmin is running
2025-08-22 15:00:03 - ✓ pgadmin is running
2025-08-22 15:00:03 - ✓ mongo-express is running
2025-08-22 15:00:03 - ✓ redis-commander is running
2025-08-22 15:00:03 - === END SUMMARY ===
2025-08-22 16:00:01 - === HEALTH CHECK SUMMARY ===
2025-08-22 16:00:01 - Checking MariaDB...
2025-08-22 16:00:01 - ✗ MariaDB is not responding
2025-08-22 16:00:01 - Checking PostgreSQL...
2025-08-22 16:00:01 - ✓ PostgreSQL is healthy
2025-08-22 16:00:01 -   - Active connections: 6
2025-08-22 16:00:01 - Checking MongoDB...
2025-08-22 16:00:01 - ✗ MongoDB is not responding
2025-08-22 16:00:01 - Checking Redis...
2025-08-22 16:00:02 - ✓ Redis is healthy
2025-08-22 16:00:02 -   - Memory usage: 1.11M
2025-08-22 16:00:02 -   - Connected clients: 2
2025-08-22 16:00:02 - Database Services: 2/4 healthy
2025-08-22 16:00:02 - Checking disk space...
2025-08-22 16:00:02 - Disk usage: 18%
2025-08-22 16:00:02 - ✓ Disk space is adequate
2025-08-22 16:00:02 - Checking container status...
2025-08-22 16:00:02 - ✓ mariadb is running
2025-08-22 16:00:02 - ✓ postgresql is running
2025-08-22 16:00:02 - ✓ mongodb is running
2025-08-22 16:00:02 - ✓ redis is running
2025-08-22 16:00:02 - ✓ phpmyadmin is running
2025-08-22 16:00:02 - ✓ pgadmin is running
2025-08-22 16:00:02 - ✓ mongo-express is running
2025-08-22 16:00:02 - ✓ redis-commander is running
2025-08-22 16:00:02 - === END SUMMARY ===
2025-08-22 17:00:01 - === HEALTH CHECK SUMMARY ===
2025-08-22 17:00:01 - Checking MariaDB...
2025-08-22 17:00:01 - ✗ MariaDB is not responding
2025-08-22 17:00:01 - Checking PostgreSQL...
2025-08-22 17:00:02 - ✓ PostgreSQL is healthy
2025-08-22 17:00:02 -   - Active connections: 6
2025-08-22 17:00:02 - Checking MongoDB...
2025-08-22 17:00:02 - ✗ MongoDB is not responding
2025-08-22 17:00:02 - Checking Redis...
2025-08-22 17:00:02 - ✓ Redis is healthy
2025-08-22 17:00:02 -   - Memory usage: 1.11M
2025-08-22 17:00:02 -   - Connected clients: 2
2025-08-22 17:00:02 - Database Services: 2/4 healthy
2025-08-22 17:00:02 - Checking disk space...
2025-08-22 17:00:02 - Disk usage: 18%
2025-08-22 17:00:02 - ✓ Disk space is adequate
2025-08-22 17:00:02 - Checking container status...
2025-08-22 17:00:02 - ✓ mariadb is running
2025-08-22 17:00:02 - ✓ postgresql is running
2025-08-22 17:00:02 - ✓ mongodb is running
2025-08-22 17:00:02 - ✓ redis is running
2025-08-22 17:00:02 - ✓ phpmyadmin is running
2025-08-22 17:00:02 - ✓ pgadmin is running
2025-08-22 17:00:03 - ✓ mongo-express is running
2025-08-22 17:00:03 - ✓ redis-commander is running
2025-08-22 17:00:03 - === END SUMMARY ===
2025-08-22 18:00:01 - === HEALTH CHECK SUMMARY ===
2025-08-22 18:00:01 - Checking MariaDB...
2025-08-22 18:00:01 - ✗ MariaDB is not responding
2025-08-22 18:00:01 - Checking PostgreSQL...
2025-08-22 18:00:01 - ✓ PostgreSQL is healthy
2025-08-22 18:00:01 -   - Active connections: 6
2025-08-22 18:00:01 - Checking MongoDB...
2025-08-22 18:00:01 - ✗ MongoDB is not responding
2025-08-22 18:00:01 - Checking Redis...
2025-08-22 18:00:01 - ✓ Redis is healthy
2025-08-22 18:00:01 -   - Memory usage: 1.11M
2025-08-22 18:00:02 -   - Connected clients: 2
2025-08-22 18:00:02 - Database Services: 2/4 healthy
2025-08-22 18:00:02 - Checking disk space...
2025-08-22 18:00:02 - Disk usage: 18%
2025-08-22 18:00:02 - ✓ Disk space is adequate
2025-08-22 18:00:02 - Checking container status...
2025-08-22 18:00:02 - ✓ mariadb is running
2025-08-22 18:00:02 - ✓ postgresql is running
2025-08-22 18:00:02 - ✓ mongodb is running
2025-08-22 18:00:02 - ✓ redis is running
2025-08-22 18:00:02 - ✓ phpmyadmin is running
2025-08-22 18:00:02 - ✓ pgadmin is running
2025-08-22 18:00:02 - ✓ mongo-express is running
2025-08-22 18:00:02 - ✓ redis-commander is running
2025-08-22 18:00:02 - === END SUMMARY ===
2025-08-22 19:00:01 - === HEALTH CHECK SUMMARY ===
2025-08-22 19:00:01 - Checking MariaDB...
2025-08-22 19:00:01 - ✗ MariaDB is not responding
2025-08-22 19:00:01 - Checking PostgreSQL...
2025-08-22 19:00:01 - ✓ PostgreSQL is healthy
2025-08-22 19:00:02 -   - Active connections: 6
2025-08-22 19:00:02 - Checking MongoDB...
2025-08-22 19:00:02 - ✗ MongoDB is not responding
2025-08-22 19:00:02 - Checking Redis...
2025-08-22 19:00:02 - ✓ Redis is healthy
2025-08-22 19:00:02 -   - Memory usage: 1.11M
2025-08-22 19:00:02 -   - Connected clients: 2
2025-08-22 19:00:02 - Database Services: 2/4 healthy
2025-08-22 19:00:02 - Checking disk space...
2025-08-22 19:00:02 - Disk usage: 18%
2025-08-22 19:00:02 - ✓ Disk space is adequate
2025-08-22 19:00:02 - Checking container status...
2025-08-22 19:00:02 - ✓ mariadb is running
2025-08-22 19:00:02 - ✓ postgresql is running
2025-08-22 19:00:02 - ✓ mongodb is running
2025-08-22 19:00:02 - ✓ redis is running
2025-08-22 19:00:02 - ✓ phpmyadmin is running
2025-08-22 19:00:02 - ✓ pgadmin is running
2025-08-22 19:00:02 - ✓ mongo-express is running
2025-08-22 19:00:02 - ✓ redis-commander is running
2025-08-22 19:00:02 - === END SUMMARY ===
2025-08-22 20:00:01 - === HEALTH CHECK SUMMARY ===
2025-08-22 20:00:01 - Checking MariaDB...
2025-08-22 20:00:02 - ✗ MariaDB is not responding
2025-08-22 20:00:02 - Checking PostgreSQL...
2025-08-22 20:00:02 - ✓ PostgreSQL is healthy
2025-08-22 20:00:02 -   - Active connections: 6
2025-08-22 20:00:02 - Checking MongoDB...
2025-08-22 20:00:02 - ✗ MongoDB is not responding
2025-08-22 20:00:02 - Checking Redis...
2025-08-22 20:00:02 - ✓ Redis is healthy
2025-08-22 20:00:02 -   - Memory usage: 1.11M
2025-08-22 20:00:02 -   - Connected clients: 2
2025-08-22 20:00:02 - Database Services: 2/4 healthy
2025-08-22 20:00:02 - Checking disk space...
2025-08-22 20:00:02 - Disk usage: 18%
2025-08-22 20:00:02 - ✓ Disk space is adequate
2025-08-22 20:00:02 - Checking container status...
2025-08-22 20:00:02 - ✓ mariadb is running
2025-08-22 20:00:03 - ✓ postgresql is running
2025-08-22 20:00:03 - ✓ mongodb is running
2025-08-22 20:00:03 - ✓ redis is running
2025-08-22 20:00:03 - ✓ phpmyadmin is running
2025-08-22 20:00:03 - ✓ pgadmin is running
2025-08-22 20:00:03 - ✓ mongo-express is running
2025-08-22 20:00:03 - ✓ redis-commander is running
2025-08-22 20:00:03 - === END SUMMARY ===
2025-08-22 21:00:01 - === HEALTH CHECK SUMMARY ===
2025-08-22 21:00:01 - Checking MariaDB...
2025-08-22 21:00:01 - ✗ MariaDB is not responding
2025-08-22 21:00:01 - Checking PostgreSQL...
2025-08-22 21:00:01 - ✓ PostgreSQL is healthy
2025-08-22 21:00:01 -   - Active connections: 6
2025-08-22 21:00:01 - Checking MongoDB...
2025-08-22 21:00:01 - ✗ MongoDB is not responding
2025-08-22 21:00:01 - Checking Redis...
2025-08-22 21:00:02 - ✓ Redis is healthy
2025-08-22 21:00:02 -   - Memory usage: 1.11M
2025-08-22 21:00:02 -   - Connected clients: 2
2025-08-22 21:00:02 - Database Services: 2/4 healthy
2025-08-22 21:00:02 - Checking disk space...
2025-08-22 21:00:02 - Disk usage: 18%
2025-08-22 21:00:02 - ✓ Disk space is adequate
2025-08-22 21:00:02 - Checking container status...
2025-08-22 21:00:02 - ✓ mariadb is running
2025-08-22 21:00:02 - ✓ postgresql is running
2025-08-22 21:00:02 - ✓ mongodb is running
2025-08-22 21:00:02 - ✓ redis is running
2025-08-22 21:00:02 - ✓ phpmyadmin is running
2025-08-22 21:00:02 - ✓ pgadmin is running
2025-08-22 21:00:02 - ✓ mongo-express is running
2025-08-22 21:00:02 - ✓ redis-commander is running
2025-08-22 21:00:02 - === END SUMMARY ===
2025-08-22 22:00:01 - === HEALTH CHECK SUMMARY ===
2025-08-22 22:00:01 - Checking MariaDB...
2025-08-22 22:00:01 - ✗ MariaDB is not responding
2025-08-22 22:00:01 - Checking PostgreSQL...
2025-08-22 22:00:02 - ✓ PostgreSQL is healthy
2025-08-22 22:00:02 -   - Active connections: 6
2025-08-22 22:00:02 - Checking MongoDB...
2025-08-22 22:00:02 - ✗ MongoDB is not responding
2025-08-22 22:00:02 - Checking Redis...
2025-08-22 22:00:02 - ✓ Redis is healthy
2025-08-22 22:00:02 -   - Memory usage: 1.11M
2025-08-22 22:00:02 -   - Connected clients: 2
2025-08-22 22:00:02 - Database Services: 2/4 healthy
2025-08-22 22:00:02 - Checking disk space...
2025-08-22 22:00:02 - Disk usage: 18%
2025-08-22 22:00:02 - ✓ Disk space is adequate
2025-08-22 22:00:02 - Checking container status...
2025-08-22 22:00:02 - ✓ mariadb is running
2025-08-22 22:00:02 - ✓ postgresql is running
2025-08-22 22:00:02 - ✓ mongodb is running
2025-08-22 22:00:02 - ✓ redis is running
2025-08-22 22:00:02 - ✓ phpmyadmin is running
2025-08-22 22:00:02 - ✓ pgadmin is running
2025-08-22 22:00:03 - ✓ mongo-express is running
2025-08-22 22:00:03 - ✓ redis-commander is running
2025-08-22 22:00:03 - === END SUMMARY ===
2025-08-22 23:00:01 - === HEALTH CHECK SUMMARY ===
2025-08-22 23:00:01 - Checking MariaDB...
2025-08-22 23:00:01 - ✗ MariaDB is not responding
2025-08-22 23:00:01 - Checking PostgreSQL...
2025-08-22 23:00:01 - ✓ PostgreSQL is healthy
2025-08-22 23:00:01 -   - Active connections: 6
2025-08-22 23:00:01 - Checking MongoDB...
2025-08-22 23:00:01 - ✗ MongoDB is not responding
2025-08-22 23:00:01 - Checking Redis...
2025-08-22 23:00:01 - ✓ Redis is healthy
2025-08-22 23:00:01 -   - Memory usage: 1.11M
2025-08-22 23:00:02 -   - Connected clients: 2
2025-08-22 23:00:02 - Database Services: 2/4 healthy
2025-08-22 23:00:02 - Checking disk space...
2025-08-22 23:00:02 - Disk usage: 18%
2025-08-22 23:00:02 - ✓ Disk space is adequate
2025-08-22 23:00:02 - Checking container status...
2025-08-22 23:00:02 - ✓ mariadb is running
2025-08-22 23:00:02 - ✓ postgresql is running
2025-08-22 23:00:02 - ✓ mongodb is running
2025-08-22 23:00:02 - ✓ redis is running
2025-08-22 23:00:02 - ✓ phpmyadmin is running
2025-08-22 23:00:02 - ✓ pgadmin is running
2025-08-22 23:00:02 - ✓ mongo-express is running
2025-08-22 23:00:02 - ✓ redis-commander is running
2025-08-22 23:00:02 - === END SUMMARY ===
2025-08-23 00:00:01 - === HEALTH CHECK SUMMARY ===
2025-08-23 00:00:01 - Checking MariaDB...
2025-08-23 00:00:01 - ✗ MariaDB is not responding
2025-08-23 00:00:01 - Checking PostgreSQL...
2025-08-23 00:00:01 - ✓ PostgreSQL is healthy
2025-08-23 00:00:01 -   - Active connections: 6
2025-08-23 00:00:01 - Checking MongoDB...
2025-08-23 00:00:02 - ✗ MongoDB is not responding
2025-08-23 00:00:02 - Checking Redis...
2025-08-23 00:00:02 - ✓ Redis is healthy
2025-08-23 00:00:02 -   - Memory usage: 1.11M
2025-08-23 00:00:02 -   - Connected clients: 2
2025-08-23 00:00:02 - Database Services: 2/4 healthy
2025-08-23 00:00:02 - Checking disk space...
2025-08-23 00:00:02 - Disk usage: 18%
2025-08-23 00:00:02 - ✓ Disk space is adequate
2025-08-23 00:00:02 - Checking container status...
2025-08-23 00:00:02 - ✓ mariadb is running
2025-08-23 00:00:02 - ✓ postgresql is running
2025-08-23 00:00:02 - ✓ mongodb is running
2025-08-23 00:00:02 - ✓ redis is running
2025-08-23 00:00:02 - ✓ phpmyadmin is running
2025-08-23 00:00:02 - ✓ pgadmin is running
2025-08-23 00:00:02 - ✓ mongo-express is running
2025-08-23 00:00:02 - ✓ redis-commander is running
2025-08-23 00:00:02 - === END SUMMARY ===
2025-08-23 01:00:01 - === HEALTH CHECK SUMMARY ===
2025-08-23 01:00:01 - Checking MariaDB...
2025-08-23 01:00:02 - ✗ MariaDB is not responding
2025-08-23 01:00:02 - Checking PostgreSQL...
2025-08-23 01:00:02 - ✓ PostgreSQL is healthy
2025-08-23 01:00:02 -   - Active connections: 6
2025-08-23 01:00:02 - Checking MongoDB...
2025-08-23 01:00:02 - ✗ MongoDB is not responding
2025-08-23 01:00:02 - Checking Redis...
2025-08-23 01:00:02 - ✓ Redis is healthy
2025-08-23 01:00:02 -   - Memory usage: 1.11M
2025-08-23 01:00:02 -   - Connected clients: 2
2025-08-23 01:00:02 - Database Services: 2/4 healthy
2025-08-23 01:00:02 - Checking disk space...
2025-08-23 01:00:02 - Disk usage: 18%
2025-08-23 01:00:02 - ✓ Disk space is adequate
2025-08-23 01:00:02 - Checking container status...
2025-08-23 01:00:02 - ✓ mariadb is running
2025-08-23 01:00:02 - ✓ postgresql is running
2025-08-23 01:00:03 - ✓ mongodb is running
2025-08-23 01:00:03 - ✓ redis is running
2025-08-23 01:00:03 - ✓ phpmyadmin is running
2025-08-23 01:00:03 - ✓ pgadmin is running
2025-08-23 01:00:03 - ✓ mongo-express is running
2025-08-23 01:00:03 - ✓ redis-commander is running
2025-08-23 01:00:03 - === END SUMMARY ===
2025-08-23 02:00:01 - === HEALTH CHECK SUMMARY ===
2025-08-23 02:00:01 - Checking MariaDB...
2025-08-23 02:00:01 - ✗ MariaDB is not responding
2025-08-23 02:00:01 - Checking PostgreSQL...
2025-08-23 02:00:01 - ✓ PostgreSQL is healthy
2025-08-23 02:00:01 -   - Active connections: 7
2025-08-23 02:00:01 - Checking MongoDB...
2025-08-23 02:00:01 - ✗ MongoDB is not responding
2025-08-23 02:00:01 - Checking Redis...
2025-08-23 02:00:01 - ✓ Redis is healthy
2025-08-23 02:00:02 -   - Memory usage: 1.11M
2025-08-23 02:00:02 -   - Connected clients: 2
2025-08-23 02:00:02 - Database Services: 2/4 healthy
2025-08-23 02:00:02 - Checking disk space...
2025-08-23 02:00:02 - Disk usage: 18%
2025-08-23 02:00:02 - ✓ Disk space is adequate
2025-08-23 02:00:02 - Checking container status...
2025-08-23 02:00:02 - ✓ mariadb is running
2025-08-23 02:00:02 - ✓ postgresql is running
2025-08-23 02:00:02 - ✓ mongodb is running
2025-08-23 02:00:02 - ✓ redis is running
2025-08-23 02:00:02 - ✓ phpmyadmin is running
2025-08-23 02:00:02 - ✓ pgadmin is running
2025-08-23 02:00:02 - ✓ mongo-express is running
2025-08-23 02:00:02 - ✓ redis-commander is running
2025-08-23 02:00:02 - === END SUMMARY ===
2025-08-23 03:00:01 - === HEALTH CHECK SUMMARY ===
2025-08-23 03:00:01 - Checking MariaDB...
2025-08-23 03:00:01 - ✗ MariaDB is not responding
2025-08-23 03:00:01 - Checking PostgreSQL...
2025-08-23 03:00:01 - ✓ PostgreSQL is healthy
2025-08-23 03:00:01 -   - Active connections: 6
2025-08-23 03:00:01 - Checking MongoDB...
2025-08-23 03:00:01 - ✗ MongoDB is not responding
2025-08-23 03:00:01 - Checking Redis...
2025-08-23 03:00:01 - ✓ Redis is healthy
2025-08-23 03:00:02 -   - Memory usage: 1.13M
2025-08-23 03:00:02 -   - Connected clients: 2
2025-08-23 03:00:02 - Database Services: 2/4 healthy
2025-08-23 03:00:02 - Checking disk space...
2025-08-23 03:00:02 - Disk usage: 18%
2025-08-23 03:00:02 - ✓ Disk space is adequate
2025-08-23 03:00:02 - Checking container status...
2025-08-23 03:00:02 - ✓ mariadb is running
2025-08-23 03:00:02 - ✓ postgresql is running
2025-08-23 03:00:02 - ✓ mongodb is running
2025-08-23 03:00:02 - ✓ redis is running
2025-08-23 03:00:02 - ✓ phpmyadmin is running
2025-08-23 03:00:02 - ✓ pgadmin is running
2025-08-23 03:00:02 - ✓ mongo-express is running
2025-08-23 03:00:02 - ✓ redis-commander is running
2025-08-23 03:00:02 - === END SUMMARY ===
2025-08-23 04:00:01 - === HEALTH CHECK SUMMARY ===
2025-08-23 04:00:01 - Checking MariaDB...
2025-08-23 04:00:01 - ✗ MariaDB is not responding
2025-08-23 04:00:01 - Checking PostgreSQL...
2025-08-23 04:00:02 - ✓ PostgreSQL is healthy
2025-08-23 04:00:02 -   - Active connections: 6
2025-08-23 04:00:02 - Checking MongoDB...
2025-08-23 04:00:02 - ✗ MongoDB is not responding
2025-08-23 04:00:02 - Checking Redis...
2025-08-23 04:00:02 - ✓ Redis is healthy
2025-08-23 04:00:02 -   - Memory usage: 1.13M
2025-08-23 04:00:02 -   - Connected clients: 2
2025-08-23 04:00:02 - Database Services: 2/4 healthy
2025-08-23 04:00:02 - Checking disk space...
2025-08-23 04:00:02 - Disk usage: 18%
2025-08-23 04:00:02 - ✓ Disk space is adequate
2025-08-23 04:00:02 - Checking container status...
2025-08-23 04:00:02 - ✓ mariadb is running
2025-08-23 04:00:02 - ✓ postgresql is running
2025-08-23 04:00:02 - ✓ mongodb is running
2025-08-23 04:00:02 - ✓ redis is running
2025-08-23 04:00:03 - ✓ phpmyadmin is running
2025-08-23 04:00:03 - ✓ pgadmin is running
2025-08-23 04:00:03 - ✓ mongo-express is running
2025-08-23 04:00:03 - ✓ redis-commander is running
2025-08-23 04:00:03 - === END SUMMARY ===
2025-08-23 05:00:01 - === HEALTH CHECK SUMMARY ===
2025-08-23 05:00:01 - Checking MariaDB...
2025-08-23 05:00:01 - ✗ MariaDB is not responding
2025-08-23 05:00:01 - Checking PostgreSQL...
2025-08-23 05:00:01 - ✓ PostgreSQL is healthy
2025-08-23 05:00:01 -   - Active connections: 6
2025-08-23 05:00:01 - Checking MongoDB...
2025-08-23 05:00:01 - ✗ MongoDB is not responding
2025-08-23 05:00:01 - Checking Redis...
2025-08-23 05:00:01 - ✓ Redis is healthy
2025-08-23 05:00:02 -   - Memory usage: 1.13M
2025-08-23 05:00:02 -   - Connected clients: 2
2025-08-23 05:00:02 - Database Services: 2/4 healthy
2025-08-23 05:00:02 - Checking disk space...
2025-08-23 05:00:02 - Disk usage: 18%
2025-08-23 05:00:02 - ✓ Disk space is adequate
2025-08-23 05:00:02 - Checking container status...
2025-08-23 05:00:02 - ✓ mariadb is running
2025-08-23 05:00:02 - ✓ postgresql is running
2025-08-23 05:00:02 - ✓ mongodb is running
2025-08-23 05:00:02 - ✓ redis is running
2025-08-23 05:00:02 - ✓ phpmyadmin is running
2025-08-23 05:00:02 - ✓ pgadmin is running
2025-08-23 05:00:02 - ✓ mongo-express is running
2025-08-23 05:00:02 - ✓ redis-commander is running
2025-08-23 05:00:02 - === END SUMMARY ===
2025-08-23 06:00:01 - === HEALTH CHECK SUMMARY ===
2025-08-23 06:00:01 - Checking MariaDB...
2025-08-23 06:00:01 - ✗ MariaDB is not responding
2025-08-23 06:00:01 - Checking PostgreSQL...
2025-08-23 06:00:01 - ✓ PostgreSQL is healthy
2025-08-23 06:00:02 -   - Active connections: 6
2025-08-23 06:00:02 - Checking MongoDB...
2025-08-23 06:00:02 - ✗ MongoDB is not responding
2025-08-23 06:00:02 - Checking Redis...
2025-08-23 06:00:02 - ✓ Redis is healthy
2025-08-23 06:00:02 -   - Memory usage: 1.13M
2025-08-23 06:00:02 -   - Connected clients: 2
2025-08-23 06:00:02 - Database Services: 2/4 healthy
2025-08-23 06:00:02 - Checking disk space...
2025-08-23 06:00:02 - Disk usage: 18%
2025-08-23 06:00:02 - ✓ Disk space is adequate
2025-08-23 06:00:02 - Checking container status...
2025-08-23 06:00:02 - ✓ mariadb is running
2025-08-23 06:00:02 - ✓ postgresql is running
2025-08-23 06:00:02 - ✓ mongodb is running
2025-08-23 06:00:02 - ✓ redis is running
2025-08-23 06:00:02 - ✓ phpmyadmin is running
2025-08-23 06:00:02 - ✓ pgadmin is running
2025-08-23 06:00:02 - ✓ mongo-express is running
2025-08-23 06:00:02 - ✓ redis-commander is running
2025-08-23 06:00:02 - === END SUMMARY ===
2025-08-23 07:00:01 - === HEALTH CHECK SUMMARY ===
2025-08-23 07:00:01 - Checking MariaDB...
2025-08-23 07:00:01 - ✗ MariaDB is not responding
2025-08-23 07:00:01 - Checking PostgreSQL...
2025-08-23 07:00:01 - ✓ PostgreSQL is healthy
2025-08-23 07:00:01 -   - Active connections: 6
2025-08-23 07:00:01 - Checking MongoDB...
2025-08-23 07:00:01 - ✗ MongoDB is not responding
2025-08-23 07:00:01 - Checking Redis...
2025-08-23 07:00:01 - ✓ Redis is healthy
2025-08-23 07:00:01 -   - Memory usage: 1.13M
2025-08-23 07:00:01 -   - Connected clients: 2
2025-08-23 07:00:01 - Database Services: 2/4 healthy
2025-08-23 07:00:01 - Checking disk space...
2025-08-23 07:00:01 - Disk usage: 18%
2025-08-23 07:00:01 - ✓ Disk space is adequate
2025-08-23 07:00:01 - Checking container status...
2025-08-23 07:00:02 - ✓ mariadb is running
2025-08-23 07:00:02 - ✓ postgresql is running
2025-08-23 07:00:02 - ✓ mongodb is running
2025-08-23 07:00:02 - ✓ redis is running
2025-08-23 07:00:02 - ✓ phpmyadmin is running
2025-08-23 07:00:02 - ✓ pgadmin is running
2025-08-23 07:00:02 - ✓ mongo-express is running
2025-08-23 07:00:02 - ✓ redis-commander is running
2025-08-23 07:00:02 - === END SUMMARY ===
2025-08-23 08:00:01 - === HEALTH CHECK SUMMARY ===
2025-08-23 08:00:01 - Checking MariaDB...
2025-08-23 08:00:01 - ✗ MariaDB is not responding
2025-08-23 08:00:01 - Checking PostgreSQL...
2025-08-23 08:00:01 - ✓ PostgreSQL is healthy
2025-08-23 08:00:01 -   - Active connections: 6
2025-08-23 08:00:01 - Checking MongoDB...
2025-08-23 08:00:01 - ✗ MongoDB is not responding
2025-08-23 08:00:01 - Checking Redis...
2025-08-23 08:00:02 - ✓ Redis is healthy
2025-08-23 08:00:02 -   - Memory usage: 1.13M
2025-08-23 08:00:02 -   - Connected clients: 2
2025-08-23 08:00:02 - Database Services: 2/4 healthy
2025-08-23 08:00:02 - Checking disk space...
2025-08-23 08:00:02 - Disk usage: 18%
2025-08-23 08:00:02 - ✓ Disk space is adequate
2025-08-23 08:00:02 - Checking container status...
2025-08-23 08:00:02 - ✓ mariadb is running
2025-08-23 08:00:02 - ✓ postgresql is running
2025-08-23 08:00:02 - ✓ mongodb is running
2025-08-23 08:00:02 - ✓ redis is running
2025-08-23 08:00:02 - ✓ phpmyadmin is running
2025-08-23 08:00:02 - ✓ pgadmin is running
2025-08-23 08:00:02 - ✓ mongo-express is running
2025-08-23 08:00:02 - ✓ redis-commander is running
2025-08-23 08:00:02 - === END SUMMARY ===
2025-08-23 09:00:01 - === HEALTH CHECK SUMMARY ===
2025-08-23 09:00:01 - Checking MariaDB...
2025-08-23 09:00:01 - ✗ MariaDB is not responding
2025-08-23 09:00:01 - Checking PostgreSQL...
2025-08-23 09:00:02 - ✓ PostgreSQL is healthy
2025-08-23 09:00:02 -   - Active connections: 6
2025-08-23 09:00:02 - Checking MongoDB...
2025-08-23 09:00:02 - ✗ MongoDB is not responding
2025-08-23 09:00:02 - Checking Redis...
2025-08-23 09:00:02 - ✓ Redis is healthy
2025-08-23 09:00:02 -   - Memory usage: 1.13M
2025-08-23 09:00:02 -   - Connected clients: 2
2025-08-23 09:00:02 - Database Services: 2/4 healthy
2025-08-23 09:00:02 - Checking disk space...
2025-08-23 09:00:02 - Disk usage: 18%
2025-08-23 09:00:02 - ✓ Disk space is adequate
2025-08-23 09:00:02 - Checking container status...
2025-08-23 09:00:02 - ✓ mariadb is running
2025-08-23 09:00:02 - ✓ postgresql is running
2025-08-23 09:00:02 - ✓ mongodb is running
2025-08-23 09:00:02 - ✓ redis is running
2025-08-23 09:00:02 - ✓ phpmyadmin is running
2025-08-23 09:00:02 - ✓ pgadmin is running
2025-08-23 09:00:02 - ✓ mongo-express is running
2025-08-23 09:00:03 - ✓ redis-commander is running
2025-08-23 09:00:03 - === END SUMMARY ===
2025-08-23 10:00:01 - === HEALTH CHECK SUMMARY ===
2025-08-23 10:00:01 - Checking MariaDB...
2025-08-23 10:00:01 - ✗ MariaDB is not responding
2025-08-23 10:00:01 - Checking PostgreSQL...
2025-08-23 10:00:01 - ✓ PostgreSQL is healthy
2025-08-23 10:00:01 -   - Active connections: 6
2025-08-23 10:00:01 - Checking MongoDB...
2025-08-23 10:00:01 - ✗ MongoDB is not responding
2025-08-23 10:00:01 - Checking Redis...
2025-08-23 10:00:01 - ✓ Redis is healthy
2025-08-23 10:00:01 -   - Memory usage: 1.13M
2025-08-23 10:00:02 -   - Connected clients: 2
2025-08-23 10:00:02 - Database Services: 2/4 healthy
2025-08-23 10:00:02 - Checking disk space...
2025-08-23 10:00:02 - Disk usage: 18%
2025-08-23 10:00:02 - ✓ Disk space is adequate
2025-08-23 10:00:02 - Checking container status...
2025-08-23 10:00:02 - ✓ mariadb is running
2025-08-23 10:00:02 - ✓ postgresql is running
2025-08-23 10:00:02 - ✓ mongodb is running
2025-08-23 10:00:02 - ✓ redis is running
2025-08-23 10:00:02 - ✓ phpmyadmin is running
2025-08-23 10:00:02 - ✓ pgadmin is running
2025-08-23 10:00:02 - ✓ mongo-express is running
2025-08-23 10:00:02 - ✓ redis-commander is running
2025-08-23 10:00:02 - === END SUMMARY ===
2025-08-23 11:00:01 - === HEALTH CHECK SUMMARY ===
2025-08-23 11:00:01 - Checking MariaDB...
2025-08-23 11:00:01 - ✗ MariaDB is not responding
2025-08-23 11:00:01 - Checking PostgreSQL...
2025-08-23 11:00:01 - ✓ PostgreSQL is healthy
2025-08-23 11:00:01 -   - Active connections: 6
2025-08-23 11:00:01 - Checking MongoDB...
2025-08-23 11:00:02 - ✗ MongoDB is not responding
2025-08-23 11:00:02 - Checking Redis...
2025-08-23 11:00:02 - ✓ Redis is healthy
2025-08-23 11:00:02 -   - Memory usage: 1.13M
2025-08-23 11:00:02 -   - Connected clients: 2
2025-08-23 11:00:02 - Database Services: 2/4 healthy
2025-08-23 11:00:02 - Checking disk space...
2025-08-23 11:00:02 - Disk usage: 18%
2025-08-23 11:00:02 - ✓ Disk space is adequate
2025-08-23 11:00:02 - Checking container status...
2025-08-23 11:00:02 - ✓ mariadb is running
2025-08-23 11:00:02 - ✓ postgresql is running
2025-08-23 11:00:02 - ✓ mongodb is running
2025-08-23 11:00:02 - ✓ redis is running
2025-08-23 11:00:02 - ✓ phpmyadmin is running
2025-08-23 11:00:02 - ✓ pgadmin is running
2025-08-23 11:00:02 - ✓ mongo-express is running
2025-08-23 11:00:02 - ✓ redis-commander is running
2025-08-23 11:00:02 - === END SUMMARY ===
2025-08-23 12:00:01 - === HEALTH CHECK SUMMARY ===
2025-08-23 12:00:01 - Checking MariaDB...
2025-08-23 12:00:02 - ✗ MariaDB is not responding
2025-08-23 12:00:02 - Checking PostgreSQL...
2025-08-23 12:00:02 - ✓ PostgreSQL is healthy
2025-08-23 12:00:02 -   - Active connections: 6
2025-08-23 12:00:02 - Checking MongoDB...
2025-08-23 12:00:02 - ✗ MongoDB is not responding
2025-08-23 12:00:02 - Checking Redis...
2025-08-23 12:00:02 - ✓ Redis is healthy
2025-08-23 12:00:02 -   - Memory usage: 1.13M
2025-08-23 12:00:02 -   - Connected clients: 2
2025-08-23 12:00:02 - Database Services: 2/4 healthy
2025-08-23 12:00:02 - Checking disk space...
2025-08-23 12:00:02 - Disk usage: 18%
2025-08-23 12:00:02 - ✓ Disk space is adequate
2025-08-23 12:00:02 - Checking container status...
2025-08-23 12:00:02 - ✓ mariadb is running
2025-08-23 12:00:02 - ✓ postgresql is running
2025-08-23 12:00:02 - ✓ mongodb is running
2025-08-23 12:00:02 - ✓ redis is running
2025-08-23 12:00:03 - ✓ phpmyadmin is running
2025-08-23 12:00:03 - ✓ pgadmin is running
2025-08-23 12:00:03 - ✓ mongo-express is running
2025-08-23 12:00:03 - ✓ redis-commander is running
2025-08-23 12:00:03 - === END SUMMARY ===
2025-08-23 13:00:01 - === HEALTH CHECK SUMMARY ===
2025-08-23 13:00:01 - Checking MariaDB...
2025-08-23 13:00:01 - ✗ MariaDB is not responding
2025-08-23 13:00:01 - Checking PostgreSQL...
2025-08-23 13:00:01 - ✓ PostgreSQL is healthy
2025-08-23 13:00:01 -   - Active connections: 6
2025-08-23 13:00:01 - Checking MongoDB...
2025-08-23 13:00:01 - ✗ MongoDB is not responding
2025-08-23 13:00:01 - Checking Redis...
2025-08-23 13:00:01 - ✓ Redis is healthy
2025-08-23 13:00:02 -   - Memory usage: 1.13M
2025-08-23 13:00:02 -   - Connected clients: 2
2025-08-23 13:00:02 - Database Services: 2/4 healthy
2025-08-23 13:00:02 - Checking disk space...
2025-08-23 13:00:02 - Disk usage: 18%
2025-08-23 13:00:02 - ✓ Disk space is adequate
2025-08-23 13:00:02 - Checking container status...
2025-08-23 13:00:02 - ✓ mariadb is running
2025-08-23 13:00:02 - ✓ postgresql is running
2025-08-23 13:00:02 - ✓ mongodb is running
2025-08-23 13:00:02 - ✓ redis is running
2025-08-23 13:00:02 - ✓ phpmyadmin is running
2025-08-23 13:00:02 - ✓ pgadmin is running
2025-08-23 13:00:02 - ✓ mongo-express is running
2025-08-23 13:00:02 - ✓ redis-commander is running
2025-08-23 13:00:02 - === END SUMMARY ===
2025-08-23 14:00:01 - === HEALTH CHECK SUMMARY ===
2025-08-23 14:00:01 - Checking MariaDB...
2025-08-23 14:00:01 - ✗ MariaDB is not responding
2025-08-23 14:00:01 - Checking PostgreSQL...
2025-08-23 14:00:01 - ✓ PostgreSQL is healthy
2025-08-23 14:00:02 -   - Active connections: 6
2025-08-23 14:00:02 - Checking MongoDB...
2025-08-23 14:00:02 - ✗ MongoDB is not responding
2025-08-23 14:00:02 - Checking Redis...
2025-08-23 14:00:02 - ✓ Redis is healthy
2025-08-23 14:00:02 -   - Memory usage: 1.13M
2025-08-23 14:00:02 -   - Connected clients: 2
2025-08-23 14:00:02 - Database Services: 2/4 healthy
2025-08-23 14:00:02 - Checking disk space...
2025-08-23 14:00:02 - Disk usage: 18%
2025-08-23 14:00:02 - ✓ Disk space is adequate
2025-08-23 14:00:02 - Checking container status...
2025-08-23 14:00:02 - ✓ mariadb is running
2025-08-23 14:00:02 - ✓ postgresql is running
2025-08-23 14:00:02 - ✓ mongodb is running
2025-08-23 14:00:02 - ✓ redis is running
2025-08-23 14:00:02 - ✓ phpmyadmin is running
2025-08-23 14:00:02 - ✓ pgadmin is running
2025-08-23 14:00:02 - ✓ mongo-express is running
2025-08-23 14:00:03 - ✓ redis-commander is running
2025-08-23 14:00:03 - === END SUMMARY ===
2025-08-23 15:00:01 - === HEALTH CHECK SUMMARY ===
2025-08-23 15:00:01 - Checking MariaDB...
2025-08-23 15:00:01 - ✗ MariaDB is not responding
2025-08-23 15:00:01 - Checking PostgreSQL...
2025-08-23 15:00:01 - ✓ PostgreSQL is healthy
2025-08-23 15:00:01 -   - Active connections: 6
2025-08-23 15:00:01 - Checking MongoDB...
2025-08-23 15:00:01 - ✗ MongoDB is not responding
2025-08-23 15:00:01 - Checking Redis...
2025-08-23 15:00:01 - ✓ Redis is healthy
2025-08-23 15:00:01 -   - Memory usage: 1.13M
2025-08-23 15:00:02 -   - Connected clients: 2
2025-08-23 15:00:02 - Database Services: 2/4 healthy
2025-08-23 15:00:02 - Checking disk space...
2025-08-23 15:00:02 - Disk usage: 18%
2025-08-23 15:00:02 - ✓ Disk space is adequate
2025-08-23 15:00:02 - Checking container status...
2025-08-23 15:00:02 - ✓ mariadb is running
2025-08-23 15:00:02 - ✓ postgresql is running
2025-08-23 15:00:02 - ✓ mongodb is running
2025-08-23 15:00:02 - ✓ redis is running
2025-08-23 15:00:02 - ✓ phpmyadmin is running
2025-08-23 15:00:02 - ✓ pgadmin is running
2025-08-23 15:00:02 - ✓ mongo-express is running
2025-08-23 15:00:02 - ✓ redis-commander is running
2025-08-23 15:00:02 - === END SUMMARY ===
2025-08-23 16:00:01 - === HEALTH CHECK SUMMARY ===
2025-08-23 16:00:01 - Checking MariaDB...
2025-08-23 16:00:01 - ✗ MariaDB is not responding
2025-08-23 16:00:01 - Checking PostgreSQL...
2025-08-23 16:00:01 - ✓ PostgreSQL is healthy
2025-08-23 16:00:01 -   - Active connections: 6
2025-08-23 16:00:01 - Checking MongoDB...
2025-08-23 16:00:02 - ✗ MongoDB is not responding
2025-08-23 16:00:02 - Checking Redis...
2025-08-23 16:00:02 - ✓ Redis is healthy
2025-08-23 16:00:02 -   - Memory usage: 1.13M
2025-08-23 16:00:02 -   - Connected clients: 2
2025-08-23 16:00:02 - Database Services: 2/4 healthy
2025-08-23 16:00:02 - Checking disk space...
2025-08-23 16:00:02 - Disk usage: 18%
2025-08-23 16:00:02 - ✓ Disk space is adequate
2025-08-23 16:00:02 - Checking container status...
2025-08-23 16:00:02 - ✓ mariadb is running
2025-08-23 16:00:02 - ✓ postgresql is running
2025-08-23 16:00:02 - ✓ mongodb is running
2025-08-23 16:00:02 - ✓ redis is running
2025-08-23 16:00:02 - ✓ phpmyadmin is running
2025-08-23 16:00:02 - ✓ pgadmin is running
2025-08-23 16:00:02 - ✓ mongo-express is running
2025-08-23 16:00:02 - ✓ redis-commander is running
2025-08-23 16:00:02 - === END SUMMARY ===
2025-08-23 17:00:01 - === HEALTH CHECK SUMMARY ===
2025-08-23 17:00:01 - Checking MariaDB...
2025-08-23 17:00:02 - ✗ MariaDB is not responding
2025-08-23 17:00:02 - Checking PostgreSQL...
2025-08-23 17:00:02 - ✓ PostgreSQL is healthy
2025-08-23 17:00:02 -   - Active connections: 6
2025-08-23 17:00:02 - Checking MongoDB...
2025-08-23 17:00:02 - ✗ MongoDB is not responding
2025-08-23 17:00:02 - Checking Redis...
2025-08-23 17:00:02 - ✓ Redis is healthy
2025-08-23 17:00:02 -   - Memory usage: 1.13M
2025-08-23 17:00:02 -   - Connected clients: 2
2025-08-23 17:00:02 - Database Services: 2/4 healthy
2025-08-23 17:00:02 - Checking disk space...
2025-08-23 17:00:02 - Disk usage: 18%
2025-08-23 17:00:02 - ✓ Disk space is adequate
2025-08-23 17:00:02 - Checking container status...
2025-08-23 17:00:02 - ✓ mariadb is running
2025-08-23 17:00:02 - ✓ postgresql is running
2025-08-23 17:00:03 - ✓ mongodb is running
2025-08-23 17:00:03 - ✓ redis is running
2025-08-23 17:00:03 - ✓ phpmyadmin is running
2025-08-23 17:00:03 - ✓ pgadmin is running
2025-08-23 17:00:03 - ✓ mongo-express is running
2025-08-23 17:00:03 - ✓ redis-commander is running
2025-08-23 17:00:03 - === END SUMMARY ===
2025-08-23 18:00:01 - === HEALTH CHECK SUMMARY ===
2025-08-23 18:00:01 - Checking MariaDB...
2025-08-23 18:00:01 - ✗ MariaDB is not responding
2025-08-23 18:00:01 - Checking PostgreSQL...
2025-08-23 18:00:01 - ✓ PostgreSQL is healthy
2025-08-23 18:00:01 -   - Active connections: 6
2025-08-23 18:00:01 - Checking MongoDB...
2025-08-23 18:00:01 - ✗ MongoDB is not responding
2025-08-23 18:00:01 - Checking Redis...
2025-08-23 18:00:01 - ✓ Redis is healthy
2025-08-23 18:00:02 -   - Memory usage: 1.13M
2025-08-23 18:00:02 -   - Connected clients: 2
2025-08-23 18:00:02 - Database Services: 2/4 healthy
2025-08-23 18:00:02 - Checking disk space...
2025-08-23 18:00:02 - Disk usage: 18%
2025-08-23 18:00:02 - ✓ Disk space is adequate
2025-08-23 18:00:02 - Checking container status...
2025-08-23 18:00:02 - ✓ mariadb is running
2025-08-23 18:00:02 - ✓ postgresql is running
2025-08-23 18:00:02 - ✓ mongodb is running
2025-08-23 18:00:02 - ✓ redis is running
2025-08-23 18:00:02 - ✓ phpmyadmin is running
2025-08-23 18:00:02 - ✓ pgadmin is running
2025-08-23 18:00:02 - ✓ mongo-express is running
2025-08-23 18:00:02 - ✓ redis-commander is running
2025-08-23 18:00:02 - === END SUMMARY ===
2025-08-23 19:00:01 - === HEALTH CHECK SUMMARY ===
2025-08-23 19:00:01 - Checking MariaDB...
2025-08-23 19:00:01 - ✗ MariaDB is not responding
2025-08-23 19:00:01 - Checking PostgreSQL...
2025-08-23 19:00:01 - ✓ PostgreSQL is healthy
2025-08-23 19:00:02 -   - Active connections: 6
2025-08-23 19:00:02 - Checking MongoDB...
2025-08-23 19:00:02 - ✗ MongoDB is not responding
2025-08-23 19:00:02 - Checking Redis...
2025-08-23 19:00:02 - ✓ Redis is healthy
2025-08-23 19:00:02 -   - Memory usage: 1.13M
2025-08-23 19:00:02 -   - Connected clients: 2
2025-08-23 19:00:02 - Database Services: 2/4 healthy
2025-08-23 19:00:02 - Checking disk space...
2025-08-23 19:00:02 - Disk usage: 18%
2025-08-23 19:00:02 - ✓ Disk space is adequate
2025-08-23 19:00:02 - Checking container status...
2025-08-23 19:00:02 - ✓ mariadb is running
2025-08-23 19:00:02 - ✓ postgresql is running
2025-08-23 19:00:02 - ✓ mongodb is running
2025-08-23 19:00:02 - ✓ redis is running
2025-08-23 19:00:02 - ✓ phpmyadmin is running
2025-08-23 19:00:02 - ✓ pgadmin is running
2025-08-23 19:00:02 - ✓ mongo-express is running
2025-08-23 19:00:03 - ✓ redis-commander is running
2025-08-23 19:00:03 - === END SUMMARY ===
2025-08-23 20:00:01 - === HEALTH CHECK SUMMARY ===
2025-08-23 20:00:01 - Checking MariaDB...
2025-08-23 20:00:01 - ✗ MariaDB is not responding
2025-08-23 20:00:01 - Checking PostgreSQL...
2025-08-23 20:00:01 - ✓ PostgreSQL is healthy
2025-08-23 20:00:01 -   - Active connections: 6
2025-08-23 20:00:01 - Checking MongoDB...
2025-08-23 20:00:01 - ✗ MongoDB is not responding
2025-08-23 20:00:01 - Checking Redis...
2025-08-23 20:00:01 - ✓ Redis is healthy
2025-08-23 20:00:01 -   - Memory usage: 1.13M
2025-08-23 20:00:01 -   - Connected clients: 2
2025-08-23 20:00:01 - Database Services: 2/4 healthy
2025-08-23 20:00:01 - Checking disk space...
2025-08-23 20:00:01 - Disk usage: 18%
2025-08-23 20:00:02 - ✓ Disk space is adequate
2025-08-23 20:00:02 - Checking container status...
2025-08-23 20:00:02 - ✓ mariadb is running
2025-08-23 20:00:02 - ✓ postgresql is running
2025-08-23 20:00:02 - ✓ mongodb is running
2025-08-23 20:00:02 - ✓ redis is running
2025-08-23 20:00:02 - ✓ phpmyadmin is running
2025-08-23 20:00:02 - ✓ pgadmin is running
2025-08-23 20:00:02 - ✓ mongo-express is running
2025-08-23 20:00:02 - ✓ redis-commander is running
2025-08-23 20:00:02 - === END SUMMARY ===
2025-08-23 21:00:01 - === HEALTH CHECK SUMMARY ===
2025-08-23 21:00:01 - Checking MariaDB...
2025-08-23 21:00:01 - ✗ MariaDB is not responding
2025-08-23 21:00:01 - Checking PostgreSQL...
2025-08-23 21:00:01 - ✓ PostgreSQL is healthy
2025-08-23 21:00:01 -   - Active connections: 6
2025-08-23 21:00:01 - Checking MongoDB...
2025-08-23 21:00:02 - ✗ MongoDB is not responding
2025-08-23 21:00:02 - Checking Redis...
2025-08-23 21:00:02 - ✓ Redis is healthy
2025-08-23 21:00:02 -   - Memory usage: 1.13M
2025-08-23 21:00:02 -   - Connected clients: 2
2025-08-23 21:00:02 - Database Services: 2/4 healthy
2025-08-23 21:00:02 - Checking disk space...
2025-08-23 21:00:02 - Disk usage: 18%
2025-08-23 21:00:02 - ✓ Disk space is adequate
2025-08-23 21:00:02 - Checking container status...
2025-08-23 21:00:02 - ✓ mariadb is running
2025-08-23 21:00:02 - ✓ postgresql is running
2025-08-23 21:00:02 - ✓ mongodb is running
2025-08-23 21:00:02 - ✓ redis is running
2025-08-23 21:00:02 - ✓ phpmyadmin is running
2025-08-23 21:00:02 - ✓ pgadmin is running
2025-08-23 21:00:02 - ✓ mongo-express is running
2025-08-23 21:00:02 - ✓ redis-commander is running
2025-08-23 21:00:02 - === END SUMMARY ===
2025-08-23 22:00:01 - === HEALTH CHECK SUMMARY ===
2025-08-23 22:00:01 - Checking MariaDB...
2025-08-23 22:00:01 - ✗ MariaDB is not responding
2025-08-23 22:00:01 - Checking PostgreSQL...
2025-08-23 22:00:02 - ✓ PostgreSQL is healthy
2025-08-23 22:00:02 -   - Active connections: 6
2025-08-23 22:00:02 - Checking MongoDB...
2025-08-23 22:00:02 - ✗ MongoDB is not responding
2025-08-23 22:00:02 - Checking Redis...
2025-08-23 22:00:02 - ✓ Redis is healthy
2025-08-23 22:00:02 -   - Memory usage: 1.13M
2025-08-23 22:00:02 -   - Connected clients: 2
2025-08-23 22:00:02 - Database Services: 2/4 healthy
2025-08-23 22:00:02 - Checking disk space...
2025-08-23 22:00:02 - Disk usage: 18%
2025-08-23 22:00:02 - ✓ Disk space is adequate
2025-08-23 22:00:02 - Checking container status...
2025-08-23 22:00:02 - ✓ mariadb is running
2025-08-23 22:00:02 - ✓ postgresql is running
2025-08-23 22:00:02 - ✓ mongodb is running
2025-08-23 22:00:02 - ✓ redis is running
2025-08-23 22:00:03 - ✓ phpmyadmin is running
2025-08-23 22:00:03 - ✓ pgadmin is running
2025-08-23 22:00:03 - ✓ mongo-express is running
2025-08-23 22:00:03 - ✓ redis-commander is running
2025-08-23 22:00:03 - === END SUMMARY ===
2025-08-23 23:00:01 - === HEALTH CHECK SUMMARY ===
2025-08-23 23:00:01 - Checking MariaDB...
2025-08-23 23:00:01 - ✗ MariaDB is not responding
2025-08-23 23:00:01 - Checking PostgreSQL...
2025-08-23 23:00:01 - ✓ PostgreSQL is healthy
2025-08-23 23:00:01 -   - Active connections: 6
2025-08-23 23:00:01 - Checking MongoDB...
2025-08-23 23:00:01 - ✗ MongoDB is not responding
2025-08-23 23:00:01 - Checking Redis...
2025-08-23 23:00:01 - ✓ Redis is healthy
2025-08-23 23:00:02 -   - Memory usage: 1.13M
2025-08-23 23:00:02 -   - Connected clients: 2
2025-08-23 23:00:02 - Database Services: 2/4 healthy
2025-08-23 23:00:02 - Checking disk space...
2025-08-23 23:00:02 - Disk usage: 18%
2025-08-23 23:00:02 - ✓ Disk space is adequate
2025-08-23 23:00:02 - Checking container status...
2025-08-23 23:00:02 - ✓ mariadb is running
2025-08-23 23:00:02 - ✓ postgresql is running
2025-08-23 23:00:02 - ✓ mongodb is running
2025-08-23 23:00:02 - ✓ redis is running
2025-08-23 23:00:02 - ✓ phpmyadmin is running
2025-08-23 23:00:02 - ✓ pgadmin is running
2025-08-23 23:00:02 - ✓ mongo-express is running
2025-08-23 23:00:02 - ✓ redis-commander is running
2025-08-23 23:00:02 - === END SUMMARY ===
2025-08-24 00:00:01 - === HEALTH CHECK SUMMARY ===
2025-08-24 00:00:01 - Checking MariaDB...
2025-08-24 00:00:01 - ✗ MariaDB is not responding
2025-08-24 00:00:01 - Checking PostgreSQL...
2025-08-24 00:00:01 - ✓ PostgreSQL is healthy
2025-08-24 00:00:02 -   - Active connections: 6
2025-08-24 00:00:02 - Checking MongoDB...
2025-08-24 00:00:02 - ✗ MongoDB is not responding
2025-08-24 00:00:02 - Checking Redis...
2025-08-24 00:00:02 - ✓ Redis is healthy
2025-08-24 00:00:02 -   - Memory usage: 1.13M
2025-08-24 00:00:02 -   - Connected clients: 2
2025-08-24 00:00:02 - Database Services: 2/4 healthy
2025-08-24 00:00:02 - Checking disk space...
2025-08-24 00:00:02 - Disk usage: 18%
2025-08-24 00:00:02 - ✓ Disk space is adequate
2025-08-24 00:00:02 - Checking container status...
2025-08-24 00:00:02 - ✓ mariadb is running
2025-08-24 00:00:02 - ✓ postgresql is running
2025-08-24 00:00:02 - ✓ mongodb is running
2025-08-24 00:00:02 - ✓ redis is running
2025-08-24 00:00:02 - ✓ phpmyadmin is running
2025-08-24 00:00:02 - ✓ pgadmin is running
2025-08-24 00:00:02 - ✓ mongo-express is running
2025-08-24 00:00:02 - ✓ redis-commander is running
2025-08-24 00:00:02 - === END SUMMARY ===
2025-08-24 01:00:01 - === HEALTH CHECK SUMMARY ===
2025-08-24 01:00:01 - Checking MariaDB...
2025-08-24 01:00:01 - ✗ MariaDB is not responding
2025-08-24 01:00:01 - Checking PostgreSQL...
2025-08-24 01:00:01 - ✓ PostgreSQL is healthy
2025-08-24 01:00:01 -   - Active connections: 6
2025-08-24 01:00:01 - Checking MongoDB...
2025-08-24 01:00:01 - ✗ MongoDB is not responding
2025-08-24 01:00:01 - Checking Redis...
2025-08-24 01:00:01 - ✓ Redis is healthy
2025-08-24 01:00:01 -   - Memory usage: 1.13M
2025-08-24 01:00:02 -   - Connected clients: 2
2025-08-24 01:00:02 - Database Services: 2/4 healthy
2025-08-24 01:00:02 - Checking disk space...
2025-08-24 01:00:02 - Disk usage: 18%
2025-08-24 01:00:02 - ✓ Disk space is adequate
2025-08-24 01:00:02 - Checking container status...
2025-08-24 01:00:02 - ✓ mariadb is running
2025-08-24 01:00:02 - ✓ postgresql is running
2025-08-24 01:00:02 - ✓ mongodb is running
2025-08-24 01:00:02 - ✓ redis is running
2025-08-24 01:00:02 - ✓ phpmyadmin is running
2025-08-24 01:00:02 - ✓ pgadmin is running
2025-08-24 01:00:02 - ✓ mongo-express is running
2025-08-24 01:00:02 - ✓ redis-commander is running
2025-08-24 01:00:02 - === END SUMMARY ===
2025-08-24 02:00:01 - === HEALTH CHECK SUMMARY ===
2025-08-24 02:00:01 - Checking MariaDB...
2025-08-24 02:00:01 - ✗ MariaDB is not responding
2025-08-24 02:00:01 - Checking PostgreSQL...
2025-08-24 02:00:01 - ✓ PostgreSQL is healthy
2025-08-24 02:00:01 -   - Active connections: 8
2025-08-24 02:00:01 - Checking MongoDB...
2025-08-24 02:00:02 - ✗ MongoDB is not responding
2025-08-24 02:00:02 - Checking Redis...
2025-08-24 02:00:02 - ✓ Redis is healthy
2025-08-24 02:00:02 -   - Memory usage: 1.13M
2025-08-24 02:00:02 -   - Connected clients: 2
2025-08-24 02:00:02 - Database Services: 2/4 healthy
2025-08-24 02:00:02 - Checking disk space...
2025-08-24 02:00:02 - Disk usage: 18%
2025-08-24 02:00:02 - ✓ Disk space is adequate
2025-08-24 02:00:02 - Checking container status...
2025-08-24 02:00:02 - ✓ mariadb is running
2025-08-24 02:00:02 - ✓ postgresql is running
2025-08-24 02:00:02 - ✓ mongodb is running
2025-08-24 02:00:02 - ✓ redis is running
2025-08-24 02:00:02 - ✓ phpmyadmin is running
2025-08-24 02:00:02 - ✓ pgadmin is running
2025-08-24 02:00:02 - ✓ mongo-express is running
2025-08-24 02:00:02 - ✓ redis-commander is running
2025-08-24 02:00:02 - === END SUMMARY ===
2025-08-24 03:00:01 - === HEALTH CHECK SUMMARY ===
2025-08-24 03:00:01 - Checking MariaDB...
2025-08-24 03:00:01 - ✗ MariaDB is not responding
2025-08-24 03:00:01 - Checking PostgreSQL...
2025-08-24 03:00:01 - ✓ PostgreSQL is healthy
2025-08-24 03:00:01 -   - Active connections: 6
2025-08-24 03:00:01 - Checking MongoDB...
2025-08-24 03:00:02 - ✗ MongoDB is not responding
2025-08-24 03:00:02 - Checking Redis...
2025-08-24 03:00:02 - ✓ Redis is healthy
2025-08-24 03:00:02 -   - Memory usage: 1.13M
2025-08-24 03:00:02 -   - Connected clients: 2
2025-08-24 03:00:02 - Database Services: 2/4 healthy
2025-08-24 03:00:02 - Checking disk space...
2025-08-24 03:00:02 - Disk usage: 18%
2025-08-24 03:00:02 - ✓ Disk space is adequate
2025-08-24 03:00:02 - Checking container status...
2025-08-24 03:00:02 - ✓ mariadb is running
2025-08-24 03:00:02 - ✓ postgresql is running
2025-08-24 03:00:02 - ✓ mongodb is running
2025-08-24 03:00:02 - ✓ redis is running
2025-08-24 03:00:02 - ✓ phpmyadmin is running
2025-08-24 03:00:02 - ✓ pgadmin is running
2025-08-24 03:00:02 - ✓ mongo-express is running
2025-08-24 03:00:02 - ✓ redis-commander is running
2025-08-24 03:00:02 - === END SUMMARY ===
2025-08-24 04:00:01 - === HEALTH CHECK SUMMARY ===
2025-08-24 04:00:01 - Checking MariaDB...
2025-08-24 04:00:02 - ✗ MariaDB is not responding
2025-08-24 04:00:02 - Checking PostgreSQL...
2025-08-24 04:00:02 - ✓ PostgreSQL is healthy
2025-08-24 04:00:02 -   - Active connections: 6
2025-08-24 04:00:02 - Checking MongoDB...
2025-08-24 04:00:02 - ✗ MongoDB is not responding
2025-08-24 04:00:02 - Checking Redis...
2025-08-24 04:00:02 - ✓ Redis is healthy
2025-08-24 04:00:02 -   - Memory usage: 1.13M
2025-08-24 04:00:02 -   - Connected clients: 2
2025-08-24 04:00:02 - Database Services: 2/4 healthy
2025-08-24 04:00:02 - Checking disk space...
2025-08-24 04:00:02 - Disk usage: 18%
2025-08-24 04:00:02 - ✓ Disk space is adequate
2025-08-24 04:00:02 - Checking container status...
2025-08-24 04:00:02 - ✓ mariadb is running
2025-08-24 04:00:02 - ✓ postgresql is running
2025-08-24 04:00:03 - ✓ mongodb is running
2025-08-24 04:00:03 - ✓ redis is running
2025-08-24 04:00:03 - ✓ phpmyadmin is running
2025-08-24 04:00:03 - ✓ pgadmin is running
2025-08-24 04:00:03 - ✓ mongo-express is running
2025-08-24 04:00:03 - ✓ redis-commander is running
2025-08-24 04:00:03 - === END SUMMARY ===
2025-08-24 05:00:01 - === HEALTH CHECK SUMMARY ===
2025-08-24 05:00:01 - Checking MariaDB...
2025-08-24 05:00:01 - ✗ MariaDB is not responding
2025-08-24 05:00:01 - Checking PostgreSQL...
2025-08-24 05:00:01 - ✓ PostgreSQL is healthy
2025-08-24 05:00:01 -   - Active connections: 6
2025-08-24 05:00:01 - Checking MongoDB...
2025-08-24 05:00:01 - ✗ MongoDB is not responding
2025-08-24 05:00:01 - Checking Redis...
2025-08-24 05:00:02 - ✓ Redis is healthy
2025-08-24 05:00:02 -   - Memory usage: 1.13M
2025-08-24 05:00:02 -   - Connected clients: 2
2025-08-24 05:00:02 - Database Services: 2/4 healthy
2025-08-24 05:00:02 - Checking disk space...
2025-08-24 05:00:02 - Disk usage: 18%
2025-08-24 05:00:02 - ✓ Disk space is adequate
2025-08-24 05:00:02 - Checking container status...
2025-08-24 05:00:02 - ✓ mariadb is running
2025-08-24 05:00:02 - ✓ postgresql is running
2025-08-24 05:00:02 - ✓ mongodb is running
2025-08-24 05:00:02 - ✓ redis is running
2025-08-24 05:00:02 - ✓ phpmyadmin is running
2025-08-24 05:00:02 - ✓ pgadmin is running
2025-08-24 05:00:02 - ✓ mongo-express is running
2025-08-24 05:00:02 - ✓ redis-commander is running
2025-08-24 05:00:02 - === END SUMMARY ===
2025-08-24 06:00:01 - === HEALTH CHECK SUMMARY ===
2025-08-24 06:00:01 - Checking MariaDB...
2025-08-24 06:00:01 - ✗ MariaDB is not responding
2025-08-24 06:00:01 - Checking PostgreSQL...
2025-08-24 06:00:02 - ✓ PostgreSQL is healthy
2025-08-24 06:00:02 -   - Active connections: 6
2025-08-24 06:00:02 - Checking MongoDB...
2025-08-24 06:00:02 - ✗ MongoDB is not responding
2025-08-24 06:00:02 - Checking Redis...
2025-08-24 06:00:02 - ✓ Redis is healthy
2025-08-24 06:00:02 -   - Memory usage: 1.13M
2025-08-24 06:00:02 -   - Connected clients: 2
2025-08-24 06:00:02 - Database Services: 2/4 healthy
2025-08-24 06:00:02 - Checking disk space...
2025-08-24 06:00:02 - Disk usage: 18%
2025-08-24 06:00:02 - ✓ Disk space is adequate
2025-08-24 06:00:02 - Checking container status...
2025-08-24 06:00:02 - ✓ mariadb is running
2025-08-24 06:00:02 - ✓ postgresql is running
2025-08-24 06:00:02 - ✓ mongodb is running
2025-08-24 06:00:02 - ✓ redis is running
2025-08-24 06:00:02 - ✓ phpmyadmin is running
2025-08-24 06:00:02 - ✓ pgadmin is running
2025-08-24 06:00:03 - ✓ mongo-express is running
2025-08-24 06:00:03 - ✓ redis-commander is running
2025-08-24 06:00:03 - === END SUMMARY ===
2025-08-24 07:00:01 - === HEALTH CHECK SUMMARY ===
2025-08-24 07:00:01 - Checking MariaDB...
2025-08-24 07:00:01 - ✗ MariaDB is not responding
2025-08-24 07:00:01 - Checking PostgreSQL...
2025-08-24 07:00:01 - ✓ PostgreSQL is healthy
2025-08-24 07:00:01 -   - Active connections: 6
2025-08-24 07:00:01 - Checking MongoDB...
2025-08-24 07:00:01 - ✗ MongoDB is not responding
2025-08-24 07:00:01 - Checking Redis...
2025-08-24 07:00:01 - ✓ Redis is healthy
2025-08-24 07:00:01 -   - Memory usage: 1.13M
2025-08-24 07:00:02 -   - Connected clients: 2
2025-08-24 07:00:02 - Database Services: 2/4 healthy
2025-08-24 07:00:02 - Checking disk space...
2025-08-24 07:00:02 - Disk usage: 18%
2025-08-24 07:00:02 - ✓ Disk space is adequate
2025-08-24 07:00:02 - Checking container status...
2025-08-24 07:00:02 - ✓ mariadb is running
2025-08-24 07:00:02 - ✓ postgresql is running
2025-08-24 07:00:02 - ✓ mongodb is running
2025-08-24 07:00:02 - ✓ redis is running
2025-08-24 07:00:02 - ✓ phpmyadmin is running
2025-08-24 07:00:02 - ✓ pgadmin is running
2025-08-24 07:00:02 - ✓ mongo-express is running
2025-08-24 07:00:02 - ✓ redis-commander is running
2025-08-24 07:00:02 - === END SUMMARY ===
2025-08-24 08:00:01 - === HEALTH CHECK SUMMARY ===
2025-08-24 08:00:01 - Checking MariaDB...
2025-08-24 08:00:01 - ✗ MariaDB is not responding
2025-08-24 08:00:01 - Checking PostgreSQL...
2025-08-24 08:00:01 - ✓ PostgreSQL is healthy
2025-08-24 08:00:01 -   - Active connections: 6
2025-08-24 08:00:01 - Checking MongoDB...
2025-08-24 08:00:02 - ✗ MongoDB is not responding
2025-08-24 08:00:02 - Checking Redis...
2025-08-24 08:00:02 - ✓ Redis is healthy
2025-08-24 08:00:02 -   - Memory usage: 1.13M
2025-08-24 08:00:02 -   - Connected clients: 2
2025-08-24 08:00:02 - Database Services: 2/4 healthy
2025-08-24 08:00:02 - Checking disk space...
2025-08-24 08:00:02 - Disk usage: 18%
2025-08-24 08:00:02 - ✓ Disk space is adequate
2025-08-24 08:00:02 - Checking container status...
2025-08-24 08:00:02 - ✓ mariadb is running
2025-08-24 08:00:02 - ✓ postgresql is running
2025-08-24 08:00:02 - ✓ mongodb is running
2025-08-24 08:00:02 - ✓ redis is running
2025-08-24 08:00:02 - ✓ phpmyadmin is running
2025-08-24 08:00:02 - ✓ pgadmin is running
2025-08-24 08:00:02 - ✓ mongo-express is running
2025-08-24 08:00:02 - ✓ redis-commander is running
2025-08-24 08:00:02 - === END SUMMARY ===
2025-08-24 09:00:01 - === HEALTH CHECK SUMMARY ===
2025-08-24 09:00:01 - Checking MariaDB...
2025-08-24 09:00:02 - ✗ MariaDB is not responding
2025-08-24 09:00:02 - Checking PostgreSQL...
2025-08-24 09:00:02 - ✓ PostgreSQL is healthy
2025-08-24 09:00:02 -   - Active connections: 6
2025-08-24 09:00:02 - Checking MongoDB...
2025-08-24 09:00:02 - ✗ MongoDB is not responding
2025-08-24 09:00:02 - Checking Redis...
2025-08-24 09:00:02 - ✓ Redis is healthy
2025-08-24 09:00:02 -   - Memory usage: 1.13M
2025-08-24 09:00:02 -   - Connected clients: 2
2025-08-24 09:00:02 - Database Services: 2/4 healthy
2025-08-24 09:00:02 - Checking disk space...
2025-08-24 09:00:02 - Disk usage: 18%
2025-08-24 09:00:02 - ✓ Disk space is adequate
2025-08-24 09:00:02 - Checking container status...
2025-08-24 09:00:02 - ✓ mariadb is running
2025-08-24 09:00:02 - ✓ postgresql is running
2025-08-24 09:00:02 - ✓ mongodb is running
2025-08-24 09:00:02 - ✓ redis is running
2025-08-24 09:00:03 - ✓ phpmyadmin is running
2025-08-24 09:00:03 - ✓ pgadmin is running
2025-08-24 09:00:03 - ✓ mongo-express is running
2025-08-24 09:00:03 - ✓ redis-commander is running
2025-08-24 09:00:03 - === END SUMMARY ===
2025-08-24 10:00:01 - === HEALTH CHECK SUMMARY ===
2025-08-24 10:00:01 - Checking MariaDB...
2025-08-24 10:00:01 - ✗ MariaDB is not responding
2025-08-24 10:00:01 - Checking PostgreSQL...
2025-08-24 10:00:01 - ✓ PostgreSQL is healthy
2025-08-24 10:00:01 -   - Active connections: 6
2025-08-24 10:00:01 - Checking MongoDB...
2025-08-24 10:00:01 - ✗ MongoDB is not responding
2025-08-24 10:00:01 - Checking Redis...
2025-08-24 10:00:01 - ✓ Redis is healthy
2025-08-24 10:00:02 -   - Memory usage: 1.13M
2025-08-24 10:00:02 -   - Connected clients: 2
2025-08-24 10:00:02 - Database Services: 2/4 healthy
2025-08-24 10:00:02 - Checking disk space...
2025-08-24 10:00:02 - Disk usage: 18%
2025-08-24 10:00:02 - ✓ Disk space is adequate
2025-08-24 10:00:02 - Checking container status...
2025-08-24 10:00:02 - ✓ mariadb is running
2025-08-24 10:00:02 - ✓ postgresql is running
2025-08-24 10:00:02 - ✓ mongodb is running
2025-08-24 10:00:02 - ✓ redis is running
2025-08-24 10:00:02 - ✓ phpmyadmin is running
2025-08-24 10:00:02 - ✓ pgadmin is running
2025-08-24 10:00:02 - ✓ mongo-express is running
2025-08-24 10:00:02 - ✓ redis-commander is running
2025-08-24 10:00:02 - === END SUMMARY ===
2025-08-24 11:00:01 - === HEALTH CHECK SUMMARY ===
2025-08-24 11:00:01 - Checking MariaDB...
2025-08-24 11:00:01 - ✗ MariaDB is not responding
2025-08-24 11:00:01 - Checking PostgreSQL...
2025-08-24 11:00:01 - ✓ PostgreSQL is healthy
2025-08-24 11:00:02 -   - Active connections: 6
2025-08-24 11:00:02 - Checking MongoDB...
2025-08-24 11:00:02 - ✗ MongoDB is not responding
2025-08-24 11:00:02 - Checking Redis...
2025-08-24 11:00:02 - ✓ Redis is healthy
2025-08-24 11:00:02 -   - Memory usage: 1.13M
2025-08-24 11:00:02 -   - Connected clients: 2
2025-08-24 11:00:02 - Database Services: 2/4 healthy
2025-08-24 11:00:02 - Checking disk space...
2025-08-24 11:00:02 - Disk usage: 18%
2025-08-24 11:00:02 - ✓ Disk space is adequate
2025-08-24 11:00:02 - Checking container status...
2025-08-24 11:00:02 - ✓ mariadb is running
2025-08-24 11:00:02 - ✓ postgresql is running
2025-08-24 11:00:02 - ✓ mongodb is running
2025-08-24 11:00:02 - ✓ redis is running
2025-08-24 11:00:02 - ✓ phpmyadmin is running
2025-08-24 11:00:02 - ✓ pgadmin is running
2025-08-24 11:00:03 - ✓ mongo-express is running
2025-08-24 11:00:03 - ✓ redis-commander is running
2025-08-24 11:00:03 - === END SUMMARY ===
2025-08-24 12:00:01 - === HEALTH CHECK SUMMARY ===
2025-08-24 12:00:01 - Checking MariaDB...
2025-08-24 12:00:01 - ✗ MariaDB is not responding
2025-08-24 12:00:01 - Checking PostgreSQL...
2025-08-24 12:00:01 - ✓ PostgreSQL is healthy
2025-08-24 12:00:01 -   - Active connections: 6
2025-08-24 12:00:01 - Checking MongoDB...
2025-08-24 12:00:01 - ✗ MongoDB is not responding
2025-08-24 12:00:01 - Checking Redis...
2025-08-24 12:00:01 - ✓ Redis is healthy
2025-08-24 12:00:01 -   - Memory usage: 1.13M
2025-08-24 12:00:02 -   - Connected clients: 2
2025-08-24 12:00:02 - Database Services: 2/4 healthy
2025-08-24 12:00:02 - Checking disk space...
2025-08-24 12:00:02 - Disk usage: 18%
2025-08-24 12:00:02 - ✓ Disk space is adequate
2025-08-24 12:00:02 - Checking container status...
2025-08-24 12:00:02 - ✓ mariadb is running
2025-08-24 12:00:02 - ✓ postgresql is running
2025-08-24 12:00:02 - ✓ mongodb is running
2025-08-24 12:00:02 - ✓ redis is running
2025-08-24 12:00:02 - ✓ phpmyadmin is running
2025-08-24 12:00:02 - ✓ pgadmin is running
2025-08-24 12:00:02 - ✓ mongo-express is running
2025-08-24 12:00:02 - ✓ redis-commander is running
2025-08-24 12:00:02 - === END SUMMARY ===
2025-08-24 13:00:01 - === HEALTH CHECK SUMMARY ===
2025-08-24 13:00:01 - Checking MariaDB...
2025-08-24 13:00:01 - ✗ MariaDB is not responding
2025-08-24 13:00:01 - Checking PostgreSQL...
2025-08-24 13:00:01 - ✓ PostgreSQL is healthy
2025-08-24 13:00:01 -   - Active connections: 6
2025-08-24 13:00:01 - Checking MongoDB...
2025-08-24 13:00:02 - ✗ MongoDB is not responding
2025-08-24 13:00:02 - Checking Redis...
2025-08-24 13:00:02 - ✓ Redis is healthy
2025-08-24 13:00:02 -   - Memory usage: 1.13M
2025-08-24 13:00:02 -   - Connected clients: 2
2025-08-24 13:00:02 - Database Services: 2/4 healthy
2025-08-24 13:00:02 - Checking disk space...
2025-08-24 13:00:02 - Disk usage: 18%
2025-08-24 13:00:02 - ✓ Disk space is adequate
2025-08-24 13:00:02 - Checking container status...
2025-08-24 13:00:02 - ✓ mariadb is running
2025-08-24 13:00:02 - ✓ postgresql is running
2025-08-24 13:00:02 - ✓ mongodb is running
2025-08-24 13:00:02 - ✓ redis is running
2025-08-24 13:00:02 - ✓ phpmyadmin is running
2025-08-24 13:00:02 - ✓ pgadmin is running
2025-08-24 13:00:02 - ✓ mongo-express is running
2025-08-24 13:00:02 - ✓ redis-commander is running
2025-08-24 13:00:02 - === END SUMMARY ===
2025-08-24 14:00:01 - === HEALTH CHECK SUMMARY ===
2025-08-24 14:00:01 - Checking MariaDB...
2025-08-24 14:00:01 - ✗ MariaDB is not responding
2025-08-24 14:00:01 - Checking PostgreSQL...
2025-08-24 14:00:02 - ✓ PostgreSQL is healthy
2025-08-24 14:00:02 -   - Active connections: 6
2025-08-24 14:00:02 - Checking MongoDB...
2025-08-24 14:00:02 - ✗ MongoDB is not responding
2025-08-24 14:00:02 - Checking Redis...
2025-08-24 14:00:02 - ✓ Redis is healthy
2025-08-24 14:00:02 -   - Memory usage: 1.13M
2025-08-24 14:00:02 -   - Connected clients: 2
2025-08-24 14:00:02 - Database Services: 2/4 healthy
2025-08-24 14:00:02 - Checking disk space...
2025-08-24 14:00:02 - Disk usage: 18%
2025-08-24 14:00:02 - ✓ Disk space is adequate
2025-08-24 14:00:02 - Checking container status...
2025-08-24 14:00:02 - ✓ mariadb is running
2025-08-24 14:00:02 - ✓ postgresql is running
2025-08-24 14:00:02 - ✓ mongodb is running
2025-08-24 14:00:02 - ✓ redis is running
2025-08-24 14:00:02 - ✓ phpmyadmin is running
2025-08-24 14:00:03 - ✓ pgadmin is running
2025-08-24 14:00:03 - ✓ mongo-express is running
2025-08-24 14:00:03 - ✓ redis-commander is running
2025-08-24 14:00:03 - === END SUMMARY ===
2025-08-24 15:00:01 - === HEALTH CHECK SUMMARY ===
2025-08-24 15:00:01 - Checking MariaDB...
2025-08-24 15:00:01 - ✗ MariaDB is not responding
2025-08-24 15:00:01 - Checking PostgreSQL...
2025-08-24 15:00:01 - ✓ PostgreSQL is healthy
2025-08-24 15:00:01 -   - Active connections: 6
2025-08-24 15:00:01 - Checking MongoDB...
2025-08-24 15:00:01 - ✗ MongoDB is not responding
2025-08-24 15:00:01 - Checking Redis...
2025-08-24 15:00:01 - ✓ Redis is healthy
2025-08-24 15:00:01 -   - Memory usage: 1.13M
2025-08-24 15:00:02 -   - Connected clients: 2
2025-08-24 15:00:02 - Database Services: 2/4 healthy
2025-08-24 15:00:02 - Checking disk space...
2025-08-24 15:00:02 - Disk usage: 18%
2025-08-24 15:00:02 - ✓ Disk space is adequate
2025-08-24 15:00:02 - Checking container status...
2025-08-24 15:00:02 - ✓ mariadb is running
2025-08-24 15:00:02 - ✓ postgresql is running
2025-08-24 15:00:02 - ✓ mongodb is running
2025-08-24 15:00:02 - ✓ redis is running
2025-08-24 15:00:02 - ✓ phpmyadmin is running
2025-08-24 15:00:02 - ✓ pgadmin is running
2025-08-24 15:00:02 - ✓ mongo-express is running
2025-08-24 15:00:02 - ✓ redis-commander is running
2025-08-24 15:00:02 - === END SUMMARY ===
2025-08-24 16:00:01 - === HEALTH CHECK SUMMARY ===
2025-08-24 16:00:01 - Checking MariaDB...
2025-08-24 16:00:01 - ✗ MariaDB is not responding
2025-08-24 16:00:01 - Checking PostgreSQL...
2025-08-24 16:00:01 - ✓ PostgreSQL is healthy
2025-08-24 16:00:02 -   - Active connections: 6
2025-08-24 16:00:02 - Checking MongoDB...
2025-08-24 16:00:02 - ✗ MongoDB is not responding
2025-08-24 16:00:02 - Checking Redis...
2025-08-24 16:00:02 - ✓ Redis is healthy
2025-08-24 16:00:02 -   - Memory usage: 1.13M
2025-08-24 16:00:02 -   - Connected clients: 2
2025-08-24 16:00:02 - Database Services: 2/4 healthy
2025-08-24 16:00:02 - Checking disk space...
2025-08-24 16:00:02 - Disk usage: 18%
2025-08-24 16:00:02 - ✓ Disk space is adequate
2025-08-24 16:00:02 - Checking container status...
2025-08-24 16:00:02 - ✓ mariadb is running
2025-08-24 16:00:02 - ✓ postgresql is running
2025-08-24 16:00:02 - ✓ mongodb is running
2025-08-24 16:00:02 - ✓ redis is running
2025-08-24 16:00:02 - ✓ phpmyadmin is running
2025-08-24 16:00:02 - ✓ pgadmin is running
2025-08-24 16:00:02 - ✓ mongo-express is running
2025-08-24 16:00:02 - ✓ redis-commander is running
2025-08-24 16:00:02 - === END SUMMARY ===
2025-08-24 17:00:01 - === HEALTH CHECK SUMMARY ===
2025-08-24 17:00:01 - Checking MariaDB...
2025-08-24 17:00:01 - ✗ MariaDB is not responding
2025-08-24 17:00:01 - Checking PostgreSQL...
2025-08-24 17:00:01 - ✓ PostgreSQL is healthy
2025-08-24 17:00:01 -   - Active connections: 6
2025-08-24 17:00:01 - Checking MongoDB...
2025-08-24 17:00:01 - ✗ MongoDB is not responding
2025-08-24 17:00:01 - Checking Redis...
2025-08-24 17:00:01 - ✓ Redis is healthy
2025-08-24 17:00:01 -   - Memory usage: 1.13M
2025-08-24 17:00:01 -   - Connected clients: 2
2025-08-24 17:00:01 - Database Services: 2/4 healthy
2025-08-24 17:00:01 - Checking disk space...
2025-08-24 17:00:01 - Disk usage: 18%
2025-08-24 17:00:01 - ✓ Disk space is adequate
2025-08-24 17:00:01 - Checking container status...
2025-08-24 17:00:02 - ✓ mariadb is running
2025-08-24 17:00:02 - ✓ postgresql is running
2025-08-24 17:00:02 - ✓ mongodb is running
2025-08-24 17:00:02 - ✓ redis is running
2025-08-24 17:00:02 - ✓ phpmyadmin is running
2025-08-24 17:00:02 - ✓ pgadmin is running
2025-08-24 17:00:02 - ✓ mongo-express is running
2025-08-24 17:00:02 - ✓ redis-commander is running
2025-08-24 17:00:02 - === END SUMMARY ===
2025-08-24 18:00:01 - === HEALTH CHECK SUMMARY ===
2025-08-24 18:00:01 - Checking MariaDB...
2025-08-24 18:00:01 - ✗ MariaDB is not responding
2025-08-24 18:00:01 - Checking PostgreSQL...
2025-08-24 18:00:01 - ✓ PostgreSQL is healthy
2025-08-24 18:00:01 -   - Active connections: 6
2025-08-24 18:00:01 - Checking MongoDB...
2025-08-24 18:00:02 - ✗ MongoDB is not responding
2025-08-24 18:00:02 - Checking Redis...
2025-08-24 18:00:02 - ✓ Redis is healthy
2025-08-24 18:00:02 -   - Memory usage: 1.13M
2025-08-24 18:00:02 -   - Connected clients: 2
2025-08-24 18:00:02 - Database Services: 2/4 healthy
2025-08-24 18:00:02 - Checking disk space...
2025-08-24 18:00:02 - Disk usage: 18%
2025-08-24 18:00:02 - ✓ Disk space is adequate
2025-08-24 18:00:02 - Checking container status...
2025-08-24 18:00:02 - ✓ mariadb is running
2025-08-24 18:00:02 - ✓ postgresql is running
2025-08-24 18:00:02 - ✓ mongodb is running
2025-08-24 18:00:02 - ✓ redis is running
2025-08-24 18:00:02 - ✓ phpmyadmin is running
2025-08-24 18:00:02 - ✓ pgadmin is running
2025-08-24 18:00:02 - ✓ mongo-express is running
2025-08-24 18:00:02 - ✓ redis-commander is running
2025-08-24 18:00:02 - === END SUMMARY ===
2025-08-24 19:00:01 - === HEALTH CHECK SUMMARY ===
2025-08-24 19:00:01 - Checking MariaDB...
2025-08-24 19:00:01 - ✗ MariaDB is not responding
2025-08-24 19:00:01 - Checking PostgreSQL...
2025-08-24 19:00:02 - ✓ PostgreSQL is healthy
2025-08-24 19:00:02 -   - Active connections: 6
2025-08-24 19:00:02 - Checking MongoDB...
2025-08-24 19:00:02 - ✗ MongoDB is not responding
2025-08-24 19:00:02 - Checking Redis...
2025-08-24 19:00:02 - ✓ Redis is healthy
2025-08-24 19:00:02 -   - Memory usage: 1.13M
2025-08-24 19:00:02 -   - Connected clients: 2
2025-08-24 19:00:02 - Database Services: 2/4 healthy
2025-08-24 19:00:02 - Checking disk space...
2025-08-24 19:00:02 - Disk usage: 18%
2025-08-24 19:00:02 - ✓ Disk space is adequate
2025-08-24 19:00:02 - Checking container status...
2025-08-24 19:00:02 - ✓ mariadb is running
2025-08-24 19:00:02 - ✓ postgresql is running
2025-08-24 19:00:02 - ✓ mongodb is running
2025-08-24 19:00:02 - ✓ redis is running
2025-08-24 19:00:03 - ✓ phpmyadmin is running
2025-08-24 19:00:03 - ✓ pgadmin is running
2025-08-24 19:00:03 - ✓ mongo-express is running
2025-08-24 19:00:03 - ✓ redis-commander is running
2025-08-24 19:00:03 - === END SUMMARY ===
2025-08-24 20:00:01 - === HEALTH CHECK SUMMARY ===
2025-08-24 20:00:01 - Checking MariaDB...
2025-08-24 20:00:01 - ✗ MariaDB is not responding
2025-08-24 20:00:01 - Checking PostgreSQL...
2025-08-24 20:00:01 - ✓ PostgreSQL is healthy
2025-08-24 20:00:01 -   - Active connections: 6
2025-08-24 20:00:01 - Checking MongoDB...
2025-08-24 20:00:01 - ✗ MongoDB is not responding
2025-08-24 20:00:01 - Checking Redis...
2025-08-24 20:00:01 - ✓ Redis is healthy
2025-08-24 20:00:02 -   - Memory usage: 1.13M
2025-08-24 20:00:02 -   - Connected clients: 2
2025-08-24 20:00:02 - Database Services: 2/4 healthy
2025-08-24 20:00:02 - Checking disk space...
2025-08-24 20:00:02 - Disk usage: 18%
2025-08-24 20:00:02 - ✓ Disk space is adequate
2025-08-24 20:00:02 - Checking container status...
2025-08-24 20:00:02 - ✓ mariadb is running
2025-08-24 20:00:02 - ✓ postgresql is running
2025-08-24 20:00:02 - ✓ mongodb is running
2025-08-24 20:00:02 - ✓ redis is running
2025-08-24 20:00:02 - ✓ phpmyadmin is running
2025-08-24 20:00:02 - ✓ pgadmin is running
2025-08-24 20:00:02 - ✓ mongo-express is running
2025-08-24 20:00:02 - ✓ redis-commander is running
2025-08-24 20:00:02 - === END SUMMARY ===
2025-08-24 21:00:01 - === HEALTH CHECK SUMMARY ===
2025-08-24 21:00:01 - Checking MariaDB...
2025-08-24 21:00:01 - ✗ MariaDB is not responding
2025-08-24 21:00:01 - Checking PostgreSQL...
2025-08-24 21:00:01 - ✓ PostgreSQL is healthy
2025-08-24 21:00:02 -   - Active connections: 6
2025-08-24 21:00:02 - Checking MongoDB...
2025-08-24 21:00:02 - ✗ MongoDB is not responding
2025-08-24 21:00:02 - Checking Redis...
2025-08-24 21:00:02 - ✓ Redis is healthy
2025-08-24 21:00:02 -   - Memory usage: 1.13M
2025-08-24 21:00:02 -   - Connected clients: 2
2025-08-24 21:00:02 - Database Services: 2/4 healthy
2025-08-24 21:00:02 - Checking disk space...
2025-08-24 21:00:02 - Disk usage: 18%
2025-08-24 21:00:02 - ✓ Disk space is adequate
2025-08-24 21:00:02 - Checking container status...
2025-08-24 21:00:02 - ✓ mariadb is running
2025-08-24 21:00:02 - ✓ postgresql is running
2025-08-24 21:00:02 - ✓ mongodb is running
2025-08-24 21:00:02 - ✓ redis is running
2025-08-24 21:00:02 - ✓ phpmyadmin is running
2025-08-24 21:00:02 - ✓ pgadmin is running
2025-08-24 21:00:02 - ✓ mongo-express is running
2025-08-24 21:00:03 - ✓ redis-commander is running
2025-08-24 21:00:03 - === END SUMMARY ===
2025-08-24 22:00:01 - === HEALTH CHECK SUMMARY ===
2025-08-24 22:00:01 - Checking MariaDB...
2025-08-24 22:00:01 - ✗ MariaDB is not responding
2025-08-24 22:00:01 - Checking PostgreSQL...
2025-08-24 22:00:01 - ✓ PostgreSQL is healthy
2025-08-24 22:00:01 -   - Active connections: 6
2025-08-24 22:00:01 - Checking MongoDB...
2025-08-24 22:00:01 - ✗ MongoDB is not responding
2025-08-24 22:00:01 - Checking Redis...
2025-08-24 22:00:01 - ✓ Redis is healthy
2025-08-24 22:00:01 -   - Memory usage: 1.13M
2025-08-24 22:00:02 -   - Connected clients: 2
2025-08-24 22:00:02 - Database Services: 2/4 healthy
2025-08-24 22:00:02 - Checking disk space...
2025-08-24 22:00:02 - Disk usage: 18%
2025-08-24 22:00:02 - ✓ Disk space is adequate
2025-08-24 22:00:02 - Checking container status...
2025-08-24 22:00:02 - ✓ mariadb is running
2025-08-24 22:00:02 - ✓ postgresql is running
2025-08-24 22:00:02 - ✓ mongodb is running
2025-08-24 22:00:02 - ✓ redis is running
2025-08-24 22:00:02 - ✓ phpmyadmin is running
2025-08-24 22:00:02 - ✓ pgadmin is running
2025-08-24 22:00:02 - ✓ mongo-express is running
2025-08-24 22:00:02 - ✓ redis-commander is running
2025-08-24 22:00:02 - === END SUMMARY ===
2025-08-24 23:00:01 - === HEALTH CHECK SUMMARY ===
2025-08-24 23:00:01 - Checking MariaDB...
2025-08-24 23:00:01 - ✗ MariaDB is not responding
2025-08-24 23:00:01 - Checking PostgreSQL...
2025-08-24 23:00:01 - ✓ PostgreSQL is healthy
2025-08-24 23:00:01 -   - Active connections: 6
2025-08-24 23:00:01 - Checking MongoDB...
2025-08-24 23:00:02 - ✗ MongoDB is not responding
2025-08-24 23:00:02 - Checking Redis...
2025-08-24 23:00:02 - ✓ Redis is healthy
2025-08-24 23:00:02 -   - Memory usage: 1.13M
2025-08-24 23:00:02 -   - Connected clients: 2
2025-08-24 23:00:02 - Database Services: 2/4 healthy
2025-08-24 23:00:02 - Checking disk space...
2025-08-24 23:00:02 - Disk usage: 18%
2025-08-24 23:00:02 - ✓ Disk space is adequate
2025-08-24 23:00:02 - Checking container status...
2025-08-24 23:00:02 - ✓ mariadb is running
2025-08-24 23:00:02 - ✓ postgresql is running
2025-08-24 23:00:02 - ✓ mongodb is running
2025-08-24 23:00:02 - ✓ redis is running
2025-08-24 23:00:02 - ✓ phpmyadmin is running
2025-08-24 23:00:02 - ✓ pgadmin is running
2025-08-24 23:00:02 - ✓ mongo-express is running
2025-08-24 23:00:02 - ✓ redis-commander is running
2025-08-24 23:00:02 - === END SUMMARY ===
2025-08-25 00:00:01 - === HEALTH CHECK SUMMARY ===
2025-08-25 00:00:01 - Checking MariaDB...
2025-08-25 00:00:02 - ✗ MariaDB is not responding
2025-08-25 00:00:02 - Checking PostgreSQL...
2025-08-25 00:00:02 - ✓ PostgreSQL is healthy
2025-08-25 00:00:02 -   - Active connections: 6
2025-08-25 00:00:02 - Checking MongoDB...
2025-08-25 00:00:02 - ✗ MongoDB is not responding
2025-08-25 00:00:02 - Checking Redis...
2025-08-25 00:00:02 - ✓ Redis is healthy
2025-08-25 00:00:02 -   - Memory usage: 1.13M
2025-08-25 00:00:02 -   - Connected clients: 2
2025-08-25 00:00:02 - Database Services: 2/4 healthy
2025-08-25 00:00:02 - Checking disk space...
2025-08-25 00:00:02 - Disk usage: 18%
2025-08-25 00:00:02 - ✓ Disk space is adequate
2025-08-25 00:00:02 - Checking container status...
2025-08-25 00:00:02 - ✓ mariadb is running
2025-08-25 00:00:02 - ✓ postgresql is running
2025-08-25 00:00:03 - ✓ mongodb is running
2025-08-25 00:00:03 - ✓ redis is running
2025-08-25 00:00:03 - ✓ phpmyadmin is running
2025-08-25 00:00:03 - ✓ pgadmin is running
2025-08-25 00:00:03 - ✓ mongo-express is running
2025-08-25 00:00:03 - ✓ redis-commander is running
2025-08-25 00:00:03 - === END SUMMARY ===
2025-08-25 01:00:01 - === HEALTH CHECK SUMMARY ===
2025-08-25 01:00:01 - Checking MariaDB...
2025-08-25 01:00:01 - ✗ MariaDB is not responding
2025-08-25 01:00:01 - Checking PostgreSQL...
2025-08-25 01:00:01 - ✓ PostgreSQL is healthy
2025-08-25 01:00:01 -   - Active connections: 6
2025-08-25 01:00:01 - Checking MongoDB...
2025-08-25 01:00:01 - ✗ MongoDB is not responding
2025-08-25 01:00:01 - Checking Redis...
2025-08-25 01:00:01 - ✓ Redis is healthy
2025-08-25 01:00:02 -   - Memory usage: 1.13M
2025-08-25 01:00:02 -   - Connected clients: 2
2025-08-25 01:00:02 - Database Services: 2/4 healthy
2025-08-25 01:00:02 - Checking disk space...
2025-08-25 01:00:02 - Disk usage: 18%
2025-08-25 01:00:02 - ✓ Disk space is adequate
2025-08-25 01:00:02 - Checking container status...
2025-08-25 01:00:02 - ✓ mariadb is running
2025-08-25 01:00:02 - ✓ postgresql is running
2025-08-25 01:00:02 - ✓ mongodb is running
2025-08-25 01:00:02 - ✓ redis is running
2025-08-25 01:00:02 - ✓ phpmyadmin is running
2025-08-25 01:00:02 - ✓ pgadmin is running
2025-08-25 01:00:02 - ✓ mongo-express is running
2025-08-25 01:00:02 - ✓ redis-commander is running
2025-08-25 01:00:02 - === END SUMMARY ===
2025-08-25 02:00:01 - === HEALTH CHECK SUMMARY ===
2025-08-25 02:00:01 - Checking MariaDB...
2025-08-25 02:00:01 - ✗ MariaDB is not responding
2025-08-25 02:00:01 - Checking PostgreSQL...
2025-08-25 02:00:01 - ✓ PostgreSQL is healthy
2025-08-25 02:00:02 -   - Active connections: 8
2025-08-25 02:00:02 - Checking MongoDB...
2025-08-25 02:00:02 - ✗ MongoDB is not responding
2025-08-25 02:00:02 - Checking Redis...
2025-08-25 02:00:02 - ✓ Redis is healthy
2025-08-25 02:00:02 -   - Memory usage: 1.13M
2025-08-25 02:00:02 -   - Connected clients: 2
2025-08-25 02:00:02 - Database Services: 2/4 healthy
2025-08-25 02:00:02 - Checking disk space...
2025-08-25 02:00:02 - Disk usage: 18%
2025-08-25 02:00:02 - ✓ Disk space is adequate
2025-08-25 02:00:02 - Checking container status...
2025-08-25 02:00:02 - ✓ mariadb is running
2025-08-25 02:00:02 - ✓ postgresql is running
2025-08-25 02:00:02 - ✓ mongodb is running
2025-08-25 02:00:02 - ✓ redis is running
2025-08-25 02:00:02 - ✓ phpmyadmin is running
2025-08-25 02:00:02 - ✓ pgadmin is running
2025-08-25 02:00:02 - ✓ mongo-express is running
2025-08-25 02:00:02 - ✓ redis-commander is running
2025-08-25 02:00:02 - === END SUMMARY ===
2025-08-25 03:00:01 - === HEALTH CHECK SUMMARY ===
2025-08-25 03:00:01 - Checking MariaDB...
2025-08-25 03:00:01 - ✗ MariaDB is not responding
2025-08-25 03:00:01 - Checking PostgreSQL...
2025-08-25 03:00:01 - ✓ PostgreSQL is healthy
2025-08-25 03:00:02 -   - Active connections: 6
2025-08-25 03:00:02 - Checking MongoDB...
2025-08-25 03:00:02 - ✗ MongoDB is not responding
2025-08-25 03:00:02 - Checking Redis...
2025-08-25 03:00:02 - ✓ Redis is healthy
2025-08-25 03:00:02 -   - Memory usage: 1.13M
2025-08-25 03:00:02 -   - Connected clients: 2
2025-08-25 03:00:02 - Database Services: 2/4 healthy
2025-08-25 03:00:02 - Checking disk space...
2025-08-25 03:00:02 - Disk usage: 18%
2025-08-25 03:00:02 - ✓ Disk space is adequate
2025-08-25 03:00:02 - Checking container status...
2025-08-25 03:00:02 - ✓ mariadb is running
2025-08-25 03:00:02 - ✓ postgresql is running
2025-08-25 03:00:02 - ✓ mongodb is running
2025-08-25 03:00:02 - ✓ redis is running
2025-08-25 03:00:02 - ✓ phpmyadmin is running
2025-08-25 03:00:02 - ✓ pgadmin is running
2025-08-25 03:00:02 - ✓ mongo-express is running
2025-08-25 03:00:03 - ✓ redis-commander is running
2025-08-25 03:00:03 - === END SUMMARY ===
2025-08-25 04:00:01 - === HEALTH CHECK SUMMARY ===
2025-08-25 04:00:01 - Checking MariaDB...
2025-08-25 04:00:01 - ✗ MariaDB is not responding
2025-08-25 04:00:01 - Checking PostgreSQL...
2025-08-25 04:00:01 - ✓ PostgreSQL is healthy
2025-08-25 04:00:01 -   - Active connections: 6
2025-08-25 04:00:01 - Checking MongoDB...
2025-08-25 04:00:01 - ✗ MongoDB is not responding
2025-08-25 04:00:01 - Checking Redis...
2025-08-25 04:00:01 - ✓ Redis is healthy
2025-08-25 04:00:01 -   - Memory usage: 1.13M
2025-08-25 04:00:02 -   - Connected clients: 2
2025-08-25 04:00:02 - Database Services: 2/4 healthy
2025-08-25 04:00:02 - Checking disk space...
2025-08-25 04:00:02 - Disk usage: 18%
2025-08-25 04:00:02 - ✓ Disk space is adequate
2025-08-25 04:00:02 - Checking container status...
2025-08-25 04:00:02 - ✓ mariadb is running
2025-08-25 04:00:02 - ✓ postgresql is running
2025-08-25 04:00:02 - ✓ mongodb is running
2025-08-25 04:00:02 - ✓ redis is running
2025-08-25 04:00:02 - ✓ phpmyadmin is running
2025-08-25 04:00:02 - ✓ pgadmin is running
2025-08-25 04:00:02 - ✓ mongo-express is running
2025-08-25 04:00:02 - ✓ redis-commander is running
2025-08-25 04:00:02 - === END SUMMARY ===
2025-08-25 05:00:01 - === HEALTH CHECK SUMMARY ===
2025-08-25 05:00:01 - Checking MariaDB...
2025-08-25 05:00:01 - ✗ MariaDB is not responding
2025-08-25 05:00:01 - Checking PostgreSQL...
2025-08-25 05:00:01 - ✓ PostgreSQL is healthy
2025-08-25 05:00:01 -   - Active connections: 6
2025-08-25 05:00:01 - Checking MongoDB...
2025-08-25 05:00:02 - ✗ MongoDB is not responding
2025-08-25 05:00:02 - Checking Redis...
2025-08-25 05:00:02 - ✓ Redis is healthy
2025-08-25 05:00:02 -   - Memory usage: 1.13M
2025-08-25 05:00:02 -   - Connected clients: 2
2025-08-25 05:00:02 - Database Services: 2/4 healthy
2025-08-25 05:00:02 - Checking disk space...
2025-08-25 05:00:02 - Disk usage: 18%
2025-08-25 05:00:02 - ✓ Disk space is adequate
2025-08-25 05:00:02 - Checking container status...
2025-08-25 05:00:02 - ✓ mariadb is running
2025-08-25 05:00:02 - ✓ postgresql is running
2025-08-25 05:00:02 - ✓ mongodb is running
2025-08-25 05:00:02 - ✓ redis is running
2025-08-25 05:00:02 - ✓ phpmyadmin is running
2025-08-25 05:00:02 - ✓ pgadmin is running
2025-08-25 05:00:02 - ✓ mongo-express is running
2025-08-25 05:00:02 - ✓ redis-commander is running
2025-08-25 05:00:02 - === END SUMMARY ===
2025-08-25 06:00:01 - === HEALTH CHECK SUMMARY ===
2025-08-25 06:00:01 - Checking MariaDB...
2025-08-25 06:00:02 - ✗ MariaDB is not responding
2025-08-25 06:00:02 - Checking PostgreSQL...
2025-08-25 06:00:02 - ✓ PostgreSQL is healthy
2025-08-25 06:00:02 -   - Active connections: 6
2025-08-25 06:00:02 - Checking MongoDB...
2025-08-25 06:00:02 - ✗ MongoDB is not responding
2025-08-25 06:00:02 - Checking Redis...
2025-08-25 06:00:02 - ✓ Redis is healthy
2025-08-25 06:00:02 -   - Memory usage: 1.13M
2025-08-25 06:00:02 -   - Connected clients: 2
2025-08-25 06:00:02 - Database Services: 2/4 healthy
2025-08-25 06:00:02 - Checking disk space...
2025-08-25 06:00:02 - Disk usage: 18%
2025-08-25 06:00:02 - ✓ Disk space is adequate
2025-08-25 06:00:02 - Checking container status...
2025-08-25 06:00:02 - ✓ mariadb is running
2025-08-25 06:00:02 - ✓ postgresql is running
2025-08-25 06:00:03 - ✓ mongodb is running
2025-08-25 06:00:03 - ✓ redis is running
2025-08-25 06:00:03 - ✓ phpmyadmin is running
2025-08-25 06:00:03 - ✓ pgadmin is running
2025-08-25 06:00:03 - ✓ mongo-express is running
2025-08-25 06:00:03 - ✓ redis-commander is running
2025-08-25 06:00:03 - === END SUMMARY ===
2025-08-25 07:00:01 - === HEALTH CHECK SUMMARY ===
2025-08-25 07:00:01 - Checking MariaDB...
2025-08-25 07:00:01 - ✗ MariaDB is not responding
2025-08-25 07:00:01 - Checking PostgreSQL...
2025-08-25 07:00:01 - ✓ PostgreSQL is healthy
2025-08-25 07:00:01 -   - Active connections: 6
2025-08-25 07:00:01 - Checking MongoDB...
2025-08-25 07:00:01 - ✗ MongoDB is not responding
2025-08-25 07:00:01 - Checking Redis...
2025-08-25 07:00:02 - ✓ Redis is healthy
2025-08-25 07:00:02 -   - Memory usage: 1.13M
2025-08-25 07:00:02 -   - Connected clients: 2
2025-08-25 07:00:02 - Database Services: 2/4 healthy
2025-08-25 07:00:02 - Checking disk space...
2025-08-25 07:00:02 - Disk usage: 18%
2025-08-25 07:00:02 - ✓ Disk space is adequate
2025-08-25 07:00:02 - Checking container status...
2025-08-25 07:00:02 - ✓ mariadb is running
2025-08-25 07:00:02 - ✓ postgresql is running
2025-08-25 07:00:02 - ✓ mongodb is running
2025-08-25 07:00:02 - ✓ redis is running
2025-08-25 07:00:02 - ✓ phpmyadmin is running
2025-08-25 07:00:02 - ✓ pgadmin is running
2025-08-25 07:00:02 - ✓ mongo-express is running
2025-08-25 07:00:02 - ✓ redis-commander is running
2025-08-25 07:00:02 - === END SUMMARY ===
2025-08-25 08:00:01 - === HEALTH CHECK SUMMARY ===
2025-08-25 08:00:01 - Checking MariaDB...
2025-08-25 08:00:01 - ✗ MariaDB is not responding
2025-08-25 08:00:01 - Checking PostgreSQL...
2025-08-25 08:00:02 - ✓ PostgreSQL is healthy
2025-08-25 08:00:02 -   - Active connections: 6
2025-08-25 08:00:02 - Checking MongoDB...
2025-08-25 08:00:02 - ✗ MongoDB is not responding
2025-08-25 08:00:02 - Checking Redis...
2025-08-25 08:00:02 - ✓ Redis is healthy
2025-08-25 08:00:02 -   - Memory usage: 1.13M
2025-08-25 08:00:02 -   - Connected clients: 2
2025-08-25 08:00:02 - Database Services: 2/4 healthy
2025-08-25 08:00:02 - Checking disk space...
2025-08-25 08:00:02 - Disk usage: 18%
2025-08-25 08:00:02 - ✓ Disk space is adequate
2025-08-25 08:00:02 - Checking container status...
2025-08-25 08:00:02 - ✓ mariadb is running
2025-08-25 08:00:02 - ✓ postgresql is running
2025-08-25 08:00:02 - ✓ mongodb is running
2025-08-25 08:00:02 - ✓ redis is running
2025-08-25 08:00:02 - ✓ phpmyadmin is running
2025-08-25 08:00:02 - ✓ pgadmin is running
2025-08-25 08:00:03 - ✓ mongo-express is running
2025-08-25 08:00:03 - ✓ redis-commander is running
2025-08-25 08:00:03 - === END SUMMARY ===
2025-08-25 09:00:01 - === HEALTH CHECK SUMMARY ===
2025-08-25 09:00:01 - Checking MariaDB...
2025-08-25 09:00:01 - ✗ MariaDB is not responding
2025-08-25 09:00:01 - Checking PostgreSQL...
2025-08-25 09:00:01 - ✓ PostgreSQL is healthy
2025-08-25 09:00:01 -   - Active connections: 6
2025-08-25 09:00:01 - Checking MongoDB...
2025-08-25 09:00:01 - ✗ MongoDB is not responding
2025-08-25 09:00:01 - Checking Redis...
2025-08-25 09:00:01 - ✓ Redis is healthy
2025-08-25 09:00:01 -   - Memory usage: 1.13M
2025-08-25 09:00:02 -   - Connected clients: 2
2025-08-25 09:00:02 - Database Services: 2/4 healthy
2025-08-25 09:00:02 - Checking disk space...
2025-08-25 09:00:02 - Disk usage: 18%
2025-08-25 09:00:02 - ✓ Disk space is adequate
2025-08-25 09:00:02 - Checking container status...
2025-08-25 09:00:02 - ✓ mariadb is running
2025-08-25 09:00:02 - ✓ postgresql is running
2025-08-25 09:00:02 - ✓ mongodb is running
2025-08-25 09:00:02 - ✓ redis is running
2025-08-25 09:00:02 - ✓ phpmyadmin is running
2025-08-25 09:00:02 - ✓ pgadmin is running
2025-08-25 09:00:02 - ✓ mongo-express is running
2025-08-25 09:00:02 - ✓ redis-commander is running
2025-08-25 09:00:02 - === END SUMMARY ===
2025-08-25 10:00:01 - === HEALTH CHECK SUMMARY ===
2025-08-25 10:00:01 - Checking MariaDB...
2025-08-25 10:00:01 - ✗ MariaDB is not responding
2025-08-25 10:00:01 - Checking PostgreSQL...
2025-08-25 10:00:01 - ✓ PostgreSQL is healthy
2025-08-25 10:00:02 -   - Active connections: 6
2025-08-25 10:00:02 - Checking MongoDB...
2025-08-25 10:00:02 - ✗ MongoDB is not responding
2025-08-25 10:00:02 - Checking Redis...
2025-08-25 10:00:02 - ✓ Redis is healthy
2025-08-25 10:00:02 -   - Memory usage: 1.13M
2025-08-25 10:00:02 -   - Connected clients: 2
2025-08-25 10:00:02 - Database Services: 2/4 healthy
2025-08-25 10:00:02 - Checking disk space...
2025-08-25 10:00:02 - Disk usage: 18%
2025-08-25 10:00:02 - ✓ Disk space is adequate
2025-08-25 10:00:02 - Checking container status...
2025-08-25 10:00:02 - ✓ mariadb is running
2025-08-25 10:00:02 - ✓ postgresql is running
2025-08-25 10:00:02 - ✓ mongodb is running
2025-08-25 10:00:02 - ✓ redis is running
2025-08-25 10:00:02 - ✓ phpmyadmin is running
2025-08-25 10:00:02 - ✓ pgadmin is running
2025-08-25 10:00:02 - ✓ mongo-express is running
2025-08-25 10:00:02 - ✓ redis-commander is running
2025-08-25 10:00:02 - === END SUMMARY ===
2025-08-25 11:00:01 - === HEALTH CHECK SUMMARY ===
2025-08-25 11:00:01 - Checking MariaDB...
2025-08-25 11:00:01 - ✗ MariaDB is not responding
2025-08-25 11:00:01 - Checking PostgreSQL...
2025-08-25 11:00:01 - ✓ PostgreSQL is healthy
2025-08-25 11:00:01 -   - Active connections: 6
2025-08-25 11:00:01 - Checking MongoDB...
2025-08-25 11:00:01 - ✗ MongoDB is not responding
2025-08-25 11:00:01 - Checking Redis...
2025-08-25 11:00:01 - ✓ Redis is healthy
2025-08-25 11:00:01 -   - Memory usage: 1.13M
2025-08-25 11:00:01 -   - Connected clients: 2
2025-08-25 11:00:01 - Database Services: 2/4 healthy
2025-08-25 11:00:01 - Checking disk space...
2025-08-25 11:00:01 - Disk usage: 18%
2025-08-25 11:00:01 - ✓ Disk space is adequate
2025-08-25 11:00:01 - Checking container status...
2025-08-25 11:00:02 - ✓ mariadb is running
2025-08-25 11:00:02 - ✓ postgresql is running
2025-08-25 11:00:02 - ✓ mongodb is running
2025-08-25 11:00:02 - ✓ redis is running
2025-08-25 11:00:02 - ✓ phpmyadmin is running
2025-08-25 11:00:02 - ✓ pgadmin is running
2025-08-25 11:00:02 - ✓ mongo-express is running
2025-08-25 11:00:02 - ✓ redis-commander is running
2025-08-25 11:00:02 - === END SUMMARY ===
2025-08-25 12:00:01 - === HEALTH CHECK SUMMARY ===
2025-08-25 12:00:01 - Checking MariaDB...
2025-08-25 12:00:01 - ✗ MariaDB is not responding
2025-08-25 12:00:01 - Checking PostgreSQL...
2025-08-25 12:00:01 - ✓ PostgreSQL is healthy
2025-08-25 12:00:01 -   - Active connections: 6
2025-08-25 12:00:01 - Checking MongoDB...
2025-08-25 12:00:01 - ✗ MongoDB is not responding
2025-08-25 12:00:01 - Checking Redis...
2025-08-25 12:00:02 - ✓ Redis is healthy
2025-08-25 12:00:02 -   - Memory usage: 1.13M
2025-08-25 12:00:02 -   - Connected clients: 2
2025-08-25 12:00:02 - Database Services: 2/4 healthy
2025-08-25 12:00:02 - Checking disk space...
2025-08-25 12:00:02 - Disk usage: 18%
2025-08-25 12:00:02 - ✓ Disk space is adequate
2025-08-25 12:00:02 - Checking container status...
2025-08-25 12:00:02 - ✓ mariadb is running
2025-08-25 12:00:02 - ✓ postgresql is running
2025-08-25 12:00:02 - ✓ mongodb is running
2025-08-25 12:00:02 - ✓ redis is running
2025-08-25 12:00:02 - ✓ phpmyadmin is running
2025-08-25 12:00:02 - ✓ pgadmin is running
2025-08-25 12:00:02 - ✓ mongo-express is running
2025-08-25 12:00:02 - ✓ redis-commander is running
2025-08-25 12:00:02 - === END SUMMARY ===
2025-08-25 13:00:01 - === HEALTH CHECK SUMMARY ===
2025-08-25 13:00:01 - Checking MariaDB...
2025-08-25 13:00:01 - ✗ MariaDB is not responding
2025-08-25 13:00:01 - Checking PostgreSQL...
2025-08-25 13:00:02 - ✓ PostgreSQL is healthy
2025-08-25 13:00:02 -   - Active connections: 6
2025-08-25 13:00:02 - Checking MongoDB...
2025-08-25 13:00:02 - ✗ MongoDB is not responding
2025-08-25 13:00:02 - Checking Redis...
2025-08-25 13:00:02 - ✓ Redis is healthy
2025-08-25 13:00:02 -   - Memory usage: 1.13M
2025-08-25 13:00:02 -   - Connected clients: 2
2025-08-25 13:00:02 - Database Services: 2/4 healthy
2025-08-25 13:00:02 - Checking disk space...
2025-08-25 13:00:02 - Disk usage: 18%
2025-08-25 13:00:02 - ✓ Disk space is adequate
2025-08-25 13:00:02 - Checking container status...
2025-08-25 13:00:02 - ✓ mariadb is running
2025-08-25 13:00:02 - ✓ postgresql is running
2025-08-25 13:00:02 - ✓ mongodb is running
2025-08-25 13:00:02 - ✓ redis is running
2025-08-25 13:00:02 - ✓ phpmyadmin is running
2025-08-25 13:00:02 - ✓ pgadmin is running
2025-08-25 13:00:02 - ✓ mongo-express is running
2025-08-25 13:00:03 - ✓ redis-commander is running
2025-08-25 13:00:03 - === END SUMMARY ===
2025-08-25 14:00:01 - === HEALTH CHECK SUMMARY ===
2025-08-25 14:00:01 - Checking MariaDB...
2025-08-25 14:00:01 - ✗ MariaDB is not responding
2025-08-25 14:00:01 - Checking PostgreSQL...
2025-08-25 14:00:01 - ✓ PostgreSQL is healthy
2025-08-25 14:00:01 -   - Active connections: 6
2025-08-25 14:00:01 - Checking MongoDB...
2025-08-25 14:00:01 - ✗ MongoDB is not responding
2025-08-25 14:00:01 - Checking Redis...
2025-08-25 14:00:01 - ✓ Redis is healthy
2025-08-25 14:00:01 -   - Memory usage: 1.13M
2025-08-25 14:00:01 -   - Connected clients: 2
2025-08-25 14:00:01 - Database Services: 2/4 healthy
2025-08-25 14:00:01 - Checking disk space...
2025-08-25 14:00:01 - Disk usage: 18%
2025-08-25 14:00:02 - ✓ Disk space is adequate
2025-08-25 14:00:02 - Checking container status...
2025-08-25 14:00:02 - ✓ mariadb is running
2025-08-25 14:00:02 - ✓ postgresql is running
2025-08-25 14:00:02 - ✓ mongodb is running
2025-08-25 14:00:02 - ✓ redis is running
2025-08-25 14:00:02 - ✓ phpmyadmin is running
2025-08-25 14:00:02 - ✓ pgadmin is running
2025-08-25 14:00:02 - ✓ mongo-express is running
2025-08-25 14:00:02 - ✓ redis-commander is running
2025-08-25 14:00:02 - === END SUMMARY ===
2025-08-25 15:00:01 - === HEALTH CHECK SUMMARY ===
2025-08-25 15:00:01 - Checking MariaDB...
2025-08-25 15:00:01 - ✗ MariaDB is not responding
2025-08-25 15:00:01 - Checking PostgreSQL...
2025-08-25 15:00:01 - ✓ PostgreSQL is healthy
2025-08-25 15:00:01 -   - Active connections: 6
2025-08-25 15:00:01 - Checking MongoDB...
2025-08-25 15:00:01 - ✗ MongoDB is not responding
2025-08-25 15:00:01 - Checking Redis...
2025-08-25 15:00:02 - ✓ Redis is healthy
2025-08-25 15:00:02 -   - Memory usage: 1.13M
2025-08-25 15:00:02 -   - Connected clients: 2
2025-08-25 15:00:02 - Database Services: 2/4 healthy
2025-08-25 15:00:02 - Checking disk space...
2025-08-25 15:00:02 - Disk usage: 18%
2025-08-25 15:00:02 - ✓ Disk space is adequate
2025-08-25 15:00:02 - Checking container status...
2025-08-25 15:00:02 - ✓ mariadb is running
2025-08-25 15:00:02 - ✓ postgresql is running
2025-08-25 15:00:02 - ✓ mongodb is running
2025-08-25 15:00:02 - ✓ redis is running
2025-08-25 15:00:02 - ✓ phpmyadmin is running
2025-08-25 15:00:02 - ✓ pgadmin is running
2025-08-25 15:00:02 - ✓ mongo-express is running
2025-08-25 15:00:02 - ✓ redis-commander is running
2025-08-25 15:00:02 - === END SUMMARY ===
2025-08-25 16:00:01 - === HEALTH CHECK SUMMARY ===
2025-08-25 16:00:01 - Checking MariaDB...
2025-08-25 16:00:01 - ✗ MariaDB is not responding
2025-08-25 16:00:01 - Checking PostgreSQL...
2025-08-25 16:00:02 - ✓ PostgreSQL is healthy
2025-08-25 16:00:02 -   - Active connections: 6
2025-08-25 16:00:02 - Checking MongoDB...
2025-08-25 16:00:02 - ✗ MongoDB is not responding
2025-08-25 16:00:02 - Checking Redis...
2025-08-25 16:00:02 - ✓ Redis is healthy
2025-08-25 16:00:02 -   - Memory usage: 1.13M
2025-08-25 16:00:02 -   - Connected clients: 2
2025-08-25 16:00:02 - Database Services: 2/4 healthy
2025-08-25 16:00:02 - Checking disk space...
2025-08-25 16:00:02 - Disk usage: 18%
2025-08-25 16:00:02 - ✓ Disk space is adequate
2025-08-25 16:00:02 - Checking container status...
2025-08-25 16:00:02 - ✓ mariadb is running
2025-08-25 16:00:02 - ✓ postgresql is running
2025-08-25 16:00:02 - ✓ mongodb is running
2025-08-25 16:00:02 - ✓ redis is running
2025-08-25 16:00:02 - ✓ phpmyadmin is running
2025-08-25 16:00:03 - ✓ pgadmin is running
2025-08-25 16:00:03 - ✓ mongo-express is running
2025-08-25 16:00:03 - ✓ redis-commander is running
2025-08-25 16:00:03 - === END SUMMARY ===
2025-08-25 17:00:01 - === HEALTH CHECK SUMMARY ===
2025-08-25 17:00:01 - Checking MariaDB...
2025-08-25 17:00:01 - ✗ MariaDB is not responding
2025-08-25 17:00:01 - Checking PostgreSQL...
2025-08-25 17:00:01 - ✓ PostgreSQL is healthy
2025-08-25 17:00:01 -   - Active connections: 6
2025-08-25 17:00:01 - Checking MongoDB...
2025-08-25 17:00:01 - ✗ MongoDB is not responding
2025-08-25 17:00:01 - Checking Redis...
2025-08-25 17:00:01 - ✓ Redis is healthy
2025-08-25 17:00:01 -   - Memory usage: 1.13M
2025-08-25 17:00:02 -   - Connected clients: 2
2025-08-25 17:00:02 - Database Services: 2/4 healthy
2025-08-25 17:00:02 - Checking disk space...
2025-08-25 17:00:02 - Disk usage: 18%
2025-08-25 17:00:02 - ✓ Disk space is adequate
2025-08-25 17:00:02 - Checking container status...
2025-08-25 17:00:02 - ✓ mariadb is running
2025-08-25 17:00:02 - ✓ postgresql is running
2025-08-25 17:00:02 - ✓ mongodb is running
2025-08-25 17:00:02 - ✓ redis is running
2025-08-25 17:00:02 - ✓ phpmyadmin is running
2025-08-25 17:00:02 - ✓ pgadmin is running
2025-08-25 17:00:02 - ✓ mongo-express is running
2025-08-25 17:00:02 - ✓ redis-commander is running
2025-08-25 17:00:02 - === END SUMMARY ===
2025-08-25 18:00:01 - === HEALTH CHECK SUMMARY ===
2025-08-25 18:00:01 - Checking MariaDB...
2025-08-25 18:00:01 - ✗ MariaDB is not responding
2025-08-25 18:00:01 - Checking PostgreSQL...
2025-08-25 18:00:01 - ✓ PostgreSQL is healthy
2025-08-25 18:00:01 -   - Active connections: 6
2025-08-25 18:00:01 - Checking MongoDB...
2025-08-25 18:00:02 - ✗ MongoDB is not responding
2025-08-25 18:00:02 - Checking Redis...
2025-08-25 18:00:02 - ✓ Redis is healthy
2025-08-25 18:00:02 -   - Memory usage: 1.13M
2025-08-25 18:00:02 -   - Connected clients: 2
2025-08-25 18:00:02 - Database Services: 2/4 healthy
2025-08-25 18:00:02 - Checking disk space...
2025-08-25 18:00:02 - Disk usage: 18%
2025-08-25 18:00:02 - ✓ Disk space is adequate
2025-08-25 18:00:02 - Checking container status...
2025-08-25 18:00:02 - ✓ mariadb is running
2025-08-25 18:00:02 - ✓ postgresql is running
2025-08-25 18:00:02 - ✓ mongodb is running
2025-08-25 18:00:02 - ✓ redis is running
2025-08-25 18:00:02 - ✓ phpmyadmin is running
2025-08-25 18:00:02 - ✓ pgadmin is running
2025-08-25 18:00:02 - ✓ mongo-express is running
2025-08-25 18:00:02 - ✓ redis-commander is running
2025-08-25 18:00:02 - === END SUMMARY ===
2025-08-25 19:00:01 - === HEALTH CHECK SUMMARY ===
2025-08-25 19:00:01 - Checking MariaDB...
2025-08-25 19:00:01 - ✗ MariaDB is not responding
2025-08-25 19:00:01 - Checking PostgreSQL...
2025-08-25 19:00:02 - ✓ PostgreSQL is healthy
2025-08-25 19:00:02 -   - Active connections: 6
2025-08-25 19:00:02 - Checking MongoDB...
2025-08-25 19:00:02 - ✗ MongoDB is not responding
2025-08-25 19:00:02 - Checking Redis...
2025-08-25 19:00:02 - ✓ Redis is healthy
2025-08-25 19:00:02 -   - Memory usage: 1.13M
2025-08-25 19:00:02 -   - Connected clients: 2
2025-08-25 19:00:02 - Database Services: 2/4 healthy
2025-08-25 19:00:02 - Checking disk space...
2025-08-25 19:00:02 - Disk usage: 18%
2025-08-25 19:00:02 - ✓ Disk space is adequate
2025-08-25 19:00:02 - Checking container status...
2025-08-25 19:00:02 - ✓ mariadb is running
2025-08-25 19:00:02 - ✓ postgresql is running
2025-08-25 19:00:02 - ✓ mongodb is running
2025-08-25 19:00:02 - ✓ redis is running
2025-08-25 19:00:03 - ✓ phpmyadmin is running
2025-08-25 19:00:03 - ✓ pgadmin is running
2025-08-25 19:00:03 - ✓ mongo-express is running
2025-08-25 19:00:03 - ✓ redis-commander is running
2025-08-25 19:00:03 - === END SUMMARY ===
2025-08-25 20:00:01 - === HEALTH CHECK SUMMARY ===
2025-08-25 20:00:01 - Checking MariaDB...
2025-08-25 20:00:01 - ✗ MariaDB is not responding
2025-08-25 20:00:01 - Checking PostgreSQL...
2025-08-25 20:00:01 - ✓ PostgreSQL is healthy
2025-08-25 20:00:01 -   - Active connections: 6
2025-08-25 20:00:01 - Checking MongoDB...
2025-08-25 20:00:01 - ✗ MongoDB is not responding
2025-08-25 20:00:01 - Checking Redis...
2025-08-25 20:00:01 - ✓ Redis is healthy
2025-08-25 20:00:02 -   - Memory usage: 1.13M
2025-08-25 20:00:02 -   - Connected clients: 2
2025-08-25 20:00:02 - Database Services: 2/4 healthy
2025-08-25 20:00:02 - Checking disk space...
2025-08-25 20:00:02 - Disk usage: 18%
2025-08-25 20:00:02 - ✓ Disk space is adequate
2025-08-25 20:00:02 - Checking container status...
2025-08-25 20:00:02 - ✓ mariadb is running
2025-08-25 20:00:02 - ✓ postgresql is running
2025-08-25 20:00:02 - ✓ mongodb is running
2025-08-25 20:00:02 - ✓ redis is running
2025-08-25 20:00:02 - ✓ phpmyadmin is running
2025-08-25 20:00:02 - ✓ pgadmin is running
2025-08-25 20:00:02 - ✓ mongo-express is running
2025-08-25 20:00:02 - ✓ redis-commander is running
2025-08-25 20:00:02 - === END SUMMARY ===
2025-08-25 21:00:01 - === HEALTH CHECK SUMMARY ===
2025-08-25 21:00:01 - Checking MariaDB...
2025-08-25 21:00:01 - ✗ MariaDB is not responding
2025-08-25 21:00:01 - Checking PostgreSQL...
2025-08-25 21:00:01 - ✓ PostgreSQL is healthy
2025-08-25 21:00:02 -   - Active connections: 6
2025-08-25 21:00:02 - Checking MongoDB...
2025-08-25 21:00:02 - ✗ MongoDB is not responding
2025-08-25 21:00:02 - Checking Redis...
2025-08-25 21:00:02 - ✓ Redis is healthy
2025-08-25 21:00:02 -   - Memory usage: 1.13M
2025-08-25 21:00:02 -   - Connected clients: 2
2025-08-25 21:00:02 - Database Services: 2/4 healthy
2025-08-25 21:00:02 - Checking disk space...
2025-08-25 21:00:02 - Disk usage: 18%
2025-08-25 21:00:02 - ✓ Disk space is adequate
2025-08-25 21:00:02 - Checking container status...
2025-08-25 21:00:02 - ✓ mariadb is running
2025-08-25 21:00:02 - ✓ postgresql is running
2025-08-25 21:00:02 - ✓ mongodb is running
2025-08-25 21:00:02 - ✓ redis is running
2025-08-25 21:00:02 - ✓ phpmyadmin is running
2025-08-25 21:00:02 - ✓ pgadmin is running
2025-08-25 21:00:02 - ✓ mongo-express is running
2025-08-25 21:00:02 - ✓ redis-commander is running
2025-08-25 21:00:02 - === END SUMMARY ===
2025-08-25 22:00:01 - === HEALTH CHECK SUMMARY ===
2025-08-25 22:00:01 - Checking MariaDB...
2025-08-25 22:00:02 - ✗ MariaDB is not responding
2025-08-25 22:00:02 - Checking PostgreSQL...
2025-08-25 22:00:02 - ✓ PostgreSQL is healthy
2025-08-25 22:00:02 -   - Active connections: 6
2025-08-25 22:00:02 - Checking MongoDB...
2025-08-25 22:00:02 - ✗ MongoDB is not responding
2025-08-25 22:00:02 - Checking Redis...
2025-08-25 22:00:02 - ✓ Redis is healthy
2025-08-25 22:00:02 -   - Memory usage: 1.13M
2025-08-25 22:00:02 -   - Connected clients: 2
2025-08-25 22:00:02 - Database Services: 2/4 healthy
2025-08-25 22:00:02 - Checking disk space...
2025-08-25 22:00:02 - Disk usage: 18%
2025-08-25 22:00:02 - ✓ Disk space is adequate
2025-08-25 22:00:02 - Checking container status...
2025-08-25 22:00:03 - ✓ mariadb is running
2025-08-25 22:00:03 - ✓ postgresql is running
2025-08-25 22:00:03 - ✓ mongodb is running
2025-08-25 22:00:03 - ✓ redis is running
2025-08-25 22:00:03 - ✓ phpmyadmin is running
2025-08-25 22:00:03 - ✓ pgadmin is running
2025-08-25 22:00:03 - ✓ mongo-express is running
2025-08-25 22:00:03 - ✓ redis-commander is running
2025-08-25 22:00:03 - === END SUMMARY ===
2025-08-25 23:00:01 - === HEALTH CHECK SUMMARY ===
2025-08-25 23:00:01 - Checking MariaDB...
2025-08-25 23:00:01 - ✗ MariaDB is not responding
2025-08-25 23:00:01 - Checking PostgreSQL...
2025-08-25 23:00:01 - ✓ PostgreSQL is healthy
2025-08-25 23:00:01 -   - Active connections: 6
2025-08-25 23:00:01 - Checking MongoDB...
2025-08-25 23:00:01 - ✗ MongoDB is not responding
2025-08-25 23:00:01 - Checking Redis...
2025-08-25 23:00:02 - ✓ Redis is healthy
2025-08-25 23:00:02 -   - Memory usage: 1.13M
2025-08-25 23:00:02 -   - Connected clients: 2
2025-08-25 23:00:02 - Database Services: 2/4 healthy
2025-08-25 23:00:02 - Checking disk space...
2025-08-25 23:00:02 - Disk usage: 18%
2025-08-25 23:00:02 - ✓ Disk space is adequate
2025-08-25 23:00:02 - Checking container status...
2025-08-25 23:00:02 - ✓ mariadb is running
2025-08-25 23:00:02 - ✓ postgresql is running
2025-08-25 23:00:02 - ✓ mongodb is running
2025-08-25 23:00:02 - ✓ redis is running
2025-08-25 23:00:02 - ✓ phpmyadmin is running
2025-08-25 23:00:02 - ✓ pgadmin is running
2025-08-25 23:00:02 - ✓ mongo-express is running
2025-08-25 23:00:02 - ✓ redis-commander is running
2025-08-25 23:00:02 - === END SUMMARY ===
2025-08-26 00:00:01 - === HEALTH CHECK SUMMARY ===
2025-08-26 00:00:01 - Checking MariaDB...
2025-08-26 00:00:01 - ✗ MariaDB is not responding
2025-08-26 00:00:01 - Checking PostgreSQL...
2025-08-26 00:00:02 - ✓ PostgreSQL is healthy
2025-08-26 00:00:02 -   - Active connections: 6
2025-08-26 00:00:02 - Checking MongoDB...
2025-08-26 00:00:02 - ✗ MongoDB is not responding
2025-08-26 00:00:02 - Checking Redis...
2025-08-26 00:00:02 - ✓ Redis is healthy
2025-08-26 00:00:02 -   - Memory usage: 1.13M
2025-08-26 00:00:02 -   - Connected clients: 2
2025-08-26 00:00:02 - Database Services: 2/4 healthy
2025-08-26 00:00:02 - Checking disk space...
2025-08-26 00:00:02 - Disk usage: 18%
2025-08-26 00:00:02 - ✓ Disk space is adequate
2025-08-26 00:00:02 - Checking container status...
2025-08-26 00:00:02 - ✓ mariadb is running
2025-08-26 00:00:02 - ✓ postgresql is running
2025-08-26 00:00:02 - ✓ mongodb is running
2025-08-26 00:00:02 - ✓ redis is running
2025-08-26 00:00:02 - ✓ phpmyadmin is running
2025-08-26 00:00:03 - ✓ pgadmin is running
2025-08-26 00:00:03 - ✓ mongo-express is running
2025-08-26 00:00:03 - ✓ redis-commander is running
2025-08-26 00:00:03 - === END SUMMARY ===
2025-08-26 01:00:01 - === HEALTH CHECK SUMMARY ===
2025-08-26 01:00:01 - Checking MariaDB...
2025-08-26 01:00:01 - ✗ MariaDB is not responding
2025-08-26 01:00:01 - Checking PostgreSQL...
2025-08-26 01:00:01 - ✓ PostgreSQL is healthy
2025-08-26 01:00:01 -   - Active connections: 6
2025-08-26 01:00:01 - Checking MongoDB...
2025-08-26 01:00:01 - ✗ MongoDB is not responding
2025-08-26 01:00:01 - Checking Redis...
2025-08-26 01:00:01 - ✓ Redis is healthy
2025-08-26 01:00:01 -   - Memory usage: 1.13M
2025-08-26 01:00:02 -   - Connected clients: 2
2025-08-26 01:00:02 - Database Services: 2/4 healthy
2025-08-26 01:00:02 - Checking disk space...
2025-08-26 01:00:02 - Disk usage: 18%
2025-08-26 01:00:02 - ✓ Disk space is adequate
2025-08-26 01:00:02 - Checking container status...
2025-08-26 01:00:02 - ✓ mariadb is running
2025-08-26 01:00:02 - ✓ postgresql is running
2025-08-26 01:00:02 - ✓ mongodb is running
2025-08-26 01:00:02 - ✓ redis is running
2025-08-26 01:00:02 - ✓ phpmyadmin is running
2025-08-26 01:00:02 - ✓ pgadmin is running
2025-08-26 01:00:02 - ✓ mongo-express is running
2025-08-26 01:00:02 - ✓ redis-commander is running
2025-08-26 01:00:02 - === END SUMMARY ===
2025-08-26 02:00:01 - === HEALTH CHECK SUMMARY ===
2025-08-26 02:00:01 - Checking MariaDB...
2025-08-26 02:00:01 - ✗ MariaDB is not responding
2025-08-26 02:00:01 - Checking PostgreSQL...
2025-08-26 02:00:01 - ✓ PostgreSQL is healthy
2025-08-26 02:00:01 -   - Active connections: 8
2025-08-26 02:00:01 - Checking MongoDB...
2025-08-26 02:00:02 - ✗ MongoDB is not responding
2025-08-26 02:00:02 - Checking Redis...
2025-08-26 02:00:02 - ✓ Redis is healthy
2025-08-26 02:00:02 -   - Memory usage: 1.13M
2025-08-26 02:00:02 -   - Connected clients: 2
2025-08-26 02:00:02 - Database Services: 2/4 healthy
2025-08-26 02:00:02 - Checking disk space...
2025-08-26 02:00:02 - Disk usage: 18%
2025-08-26 02:00:02 - ✓ Disk space is adequate
2025-08-26 02:00:02 - Checking container status...
2025-08-26 02:00:02 - ✓ mariadb is running
2025-08-26 02:00:02 - ✓ postgresql is running
2025-08-26 02:00:02 - ✓ mongodb is running
2025-08-26 02:00:02 - ✓ redis is running
2025-08-26 02:00:02 - ✓ phpmyadmin is running
2025-08-26 02:00:02 - ✓ pgadmin is running
2025-08-26 02:00:02 - ✓ mongo-express is running
2025-08-26 02:00:02 - ✓ redis-commander is running
2025-08-26 02:00:02 - === END SUMMARY ===
2025-08-26 03:00:01 - === HEALTH CHECK SUMMARY ===
2025-08-26 03:00:01 - Checking MariaDB...
2025-08-26 03:00:01 - ✗ MariaDB is not responding
2025-08-26 03:00:01 - Checking PostgreSQL...
2025-08-26 03:00:01 - ✓ PostgreSQL is healthy
2025-08-26 03:00:02 -   - Active connections: 6
2025-08-26 03:00:02 - Checking MongoDB...
2025-08-26 03:00:02 - ✗ MongoDB is not responding
2025-08-26 03:00:02 - Checking Redis...
2025-08-26 03:00:02 - ✓ Redis is healthy
2025-08-26 03:00:02 -   - Memory usage: 1.13M
2025-08-26 03:00:02 -   - Connected clients: 2
2025-08-26 03:00:02 - Database Services: 2/4 healthy
2025-08-26 03:00:02 - Checking disk space...
2025-08-26 03:00:02 - Disk usage: 18%
2025-08-26 03:00:02 - ✓ Disk space is adequate
2025-08-26 03:00:02 - Checking container status...
2025-08-26 03:00:02 - ✓ mariadb is running
2025-08-26 03:00:02 - ✓ postgresql is running
2025-08-26 03:00:02 - ✓ mongodb is running
2025-08-26 03:00:02 - ✓ redis is running
2025-08-26 03:00:02 - ✓ phpmyadmin is running
2025-08-26 03:00:02 - ✓ pgadmin is running
2025-08-26 03:00:02 - ✓ mongo-express is running
2025-08-26 03:00:02 - ✓ redis-commander is running
2025-08-26 03:00:02 - === END SUMMARY ===
2025-08-26 04:00:01 - === HEALTH CHECK SUMMARY ===
2025-08-26 04:00:01 - Checking MariaDB...
2025-08-26 04:00:02 - ✗ MariaDB is not responding
2025-08-26 04:00:02 - Checking PostgreSQL...
2025-08-26 04:00:02 - ✓ PostgreSQL is healthy
2025-08-26 04:00:02 -   - Active connections: 6
2025-08-26 04:00:02 - Checking MongoDB...
2025-08-26 04:00:02 - ✗ MongoDB is not responding
2025-08-26 04:00:02 - Checking Redis...
2025-08-26 04:00:02 - ✓ Redis is healthy
2025-08-26 04:00:02 -   - Memory usage: 1.13M
2025-08-26 04:00:02 -   - Connected clients: 2
2025-08-26 04:00:02 - Database Services: 2/4 healthy
2025-08-26 04:00:02 - Checking disk space...
2025-08-26 04:00:02 - Disk usage: 18%
2025-08-26 04:00:02 - ✓ Disk space is adequate
2025-08-26 04:00:02 - Checking container status...
2025-08-26 04:00:02 - ✓ mariadb is running
2025-08-26 04:00:03 - ✓ postgresql is running
2025-08-26 04:00:03 - ✓ mongodb is running
2025-08-26 04:00:03 - ✓ redis is running
2025-08-26 04:00:03 - ✓ phpmyadmin is running
2025-08-26 04:00:03 - ✓ pgadmin is running
2025-08-26 04:00:03 - ✓ mongo-express is running
2025-08-26 04:00:03 - ✓ redis-commander is running
2025-08-26 04:00:03 - === END SUMMARY ===
2025-08-26 05:00:01 - === HEALTH CHECK SUMMARY ===
2025-08-26 05:00:01 - Checking MariaDB...
2025-08-26 05:00:01 - ✗ MariaDB is not responding
2025-08-26 05:00:01 - Checking PostgreSQL...
2025-08-26 05:00:01 - ✓ PostgreSQL is healthy
2025-08-26 05:00:01 -   - Active connections: 6
2025-08-26 05:00:01 - Checking MongoDB...
2025-08-26 05:00:01 - ✗ MongoDB is not responding
2025-08-26 05:00:01 - Checking Redis...
2025-08-26 05:00:02 - ✓ Redis is healthy
2025-08-26 05:00:02 -   - Memory usage: 1.13M
2025-08-26 05:00:02 -   - Connected clients: 2
2025-08-26 05:00:02 - Database Services: 2/4 healthy
2025-08-26 05:00:02 - Checking disk space...
2025-08-26 05:00:02 - Disk usage: 18%
2025-08-26 05:00:02 - ✓ Disk space is adequate
2025-08-26 05:00:02 - Checking container status...
2025-08-26 05:00:02 - ✓ mariadb is running
2025-08-26 05:00:02 - ✓ postgresql is running
2025-08-26 05:00:02 - ✓ mongodb is running
2025-08-26 05:00:02 - ✓ redis is running
2025-08-26 05:00:02 - ✓ phpmyadmin is running
2025-08-26 05:00:02 - ✓ pgadmin is running
2025-08-26 05:00:02 - ✓ mongo-express is running
2025-08-26 05:00:02 - ✓ redis-commander is running
2025-08-26 05:00:02 - === END SUMMARY ===
2025-08-26 06:00:01 - === HEALTH CHECK SUMMARY ===
2025-08-26 06:00:01 - Checking MariaDB...
2025-08-26 06:00:01 - ✗ MariaDB is not responding
2025-08-26 06:00:01 - Checking PostgreSQL...
2025-08-26 06:00:01 - ✓ PostgreSQL is healthy
2025-08-26 06:00:02 -   - Active connections: 6
2025-08-26 06:00:02 - Checking MongoDB...
2025-08-26 06:00:02 - ✗ MongoDB is not responding
2025-08-26 06:00:02 - Checking Redis...
2025-08-26 06:00:02 - ✓ Redis is healthy
2025-08-26 06:00:02 -   - Memory usage: 1.13M
2025-08-26 06:00:02 -   - Connected clients: 2
2025-08-26 06:00:02 - Database Services: 2/4 healthy
2025-08-26 06:00:02 - Checking disk space...
2025-08-26 06:00:02 - Disk usage: 18%
2025-08-26 06:00:02 - ✓ Disk space is adequate
2025-08-26 06:00:02 - Checking container status...
2025-08-26 06:00:02 - ✓ mariadb is running
2025-08-26 06:00:02 - ✓ postgresql is running
2025-08-26 06:00:02 - ✓ mongodb is running
2025-08-26 06:00:02 - ✓ redis is running
2025-08-26 06:00:02 - ✓ phpmyadmin is running
2025-08-26 06:00:02 - ✓ pgadmin is running
2025-08-26 06:00:02 - ✓ mongo-express is running
2025-08-26 06:00:03 - ✓ redis-commander is running
2025-08-26 06:00:03 - === END SUMMARY ===
2025-08-26 07:00:01 - === HEALTH CHECK SUMMARY ===
2025-08-26 07:00:01 - Checking MariaDB...
2025-08-26 07:00:01 - ✗ MariaDB is not responding
2025-08-26 07:00:01 - Checking PostgreSQL...
2025-08-26 07:00:01 - ✓ PostgreSQL is healthy
2025-08-26 07:00:01 -   - Active connections: 6
2025-08-26 07:00:01 - Checking MongoDB...
2025-08-26 07:00:01 - ✗ MongoDB is not responding
2025-08-26 07:00:01 - Checking Redis...
2025-08-26 07:00:01 - ✓ Redis is healthy
2025-08-26 07:00:01 -   - Memory usage: 1.13M
2025-08-26 07:00:02 -   - Connected clients: 2
2025-08-26 07:00:02 - Database Services: 2/4 healthy
2025-08-26 07:00:02 - Checking disk space...
2025-08-26 07:00:02 - Disk usage: 18%
2025-08-26 07:00:02 - ✓ Disk space is adequate
2025-08-26 07:00:02 - Checking container status...
2025-08-26 07:00:02 - ✓ mariadb is running
2025-08-26 07:00:02 - ✓ postgresql is running
2025-08-26 07:00:02 - ✓ mongodb is running
2025-08-26 07:00:02 - ✓ redis is running
2025-08-26 07:00:02 - ✓ phpmyadmin is running
2025-08-26 07:00:02 - ✓ pgadmin is running
2025-08-26 07:00:02 - ✓ mongo-express is running
2025-08-26 07:00:02 - ✓ redis-commander is running
2025-08-26 07:00:02 - === END SUMMARY ===
2025-08-26 08:00:01 - === HEALTH CHECK SUMMARY ===
2025-08-26 08:00:01 - Checking MariaDB...
2025-08-26 08:00:01 - ✗ MariaDB is not responding
2025-08-26 08:00:01 - Checking PostgreSQL...
2025-08-26 08:00:01 - ✓ PostgreSQL is healthy
2025-08-26 08:00:01 -   - Active connections: 6
2025-08-26 08:00:01 - Checking MongoDB...
2025-08-26 08:00:02 - ✗ MongoDB is not responding
2025-08-26 08:00:02 - Checking Redis...
2025-08-26 08:00:02 - ✓ Redis is healthy
2025-08-26 08:00:02 -   - Memory usage: 1.13M
2025-08-26 08:00:02 -   - Connected clients: 2
2025-08-26 08:00:02 - Database Services: 2/4 healthy
2025-08-26 08:00:02 - Checking disk space...
2025-08-26 08:00:02 - Disk usage: 18%
2025-08-26 08:00:02 - ✓ Disk space is adequate
2025-08-26 08:00:02 - Checking container status...
2025-08-26 08:00:02 - ✓ mariadb is running
2025-08-26 08:00:02 - ✓ postgresql is running
2025-08-26 08:00:02 - ✓ mongodb is running
2025-08-26 08:00:02 - ✓ redis is running
2025-08-26 08:00:02 - ✓ phpmyadmin is running
2025-08-26 08:00:02 - ✓ pgadmin is running
2025-08-26 08:00:02 - ✓ mongo-express is running
2025-08-26 08:00:02 - ✓ redis-commander is running
2025-08-26 08:00:02 - === END SUMMARY ===
2025-08-26 09:00:01 - === HEALTH CHECK SUMMARY ===
2025-08-26 09:00:01 - Checking MariaDB...
2025-08-26 09:00:02 - ✗ MariaDB is not responding
2025-08-26 09:00:02 - Checking PostgreSQL...
2025-08-26 09:00:02 - ✓ PostgreSQL is healthy
2025-08-26 09:00:02 -   - Active connections: 6
2025-08-26 09:00:02 - Checking MongoDB...
2025-08-26 09:00:02 - ✗ MongoDB is not responding
2025-08-26 09:00:02 - Checking Redis...
2025-08-26 09:00:02 - ✓ Redis is healthy
2025-08-26 09:00:02 -   - Memory usage: 1.13M
2025-08-26 09:00:02 -   - Connected clients: 2
2025-08-26 09:00:02 - Database Services: 2/4 healthy
2025-08-26 09:00:02 - Checking disk space...
2025-08-26 09:00:02 - Disk usage: 18%
2025-08-26 09:00:02 - ✓ Disk space is adequate
2025-08-26 09:00:02 - Checking container status...
2025-08-26 09:00:02 - ✓ mariadb is running
2025-08-26 09:00:02 - ✓ postgresql is running
2025-08-26 09:00:03 - ✓ mongodb is running
2025-08-26 09:00:03 - ✓ redis is running
2025-08-26 09:00:03 - ✓ phpmyadmin is running
2025-08-26 09:00:03 - ✓ pgadmin is running
2025-08-26 09:00:03 - ✓ mongo-express is running
2025-08-26 09:00:03 - ✓ redis-commander is running
2025-08-26 09:00:03 - === END SUMMARY ===
2025-08-26 10:00:01 - === HEALTH CHECK SUMMARY ===
2025-08-26 10:00:01 - Checking MariaDB...
2025-08-26 10:00:01 - ✗ MariaDB is not responding
2025-08-26 10:00:01 - Checking PostgreSQL...
2025-08-26 10:00:01 - ✓ PostgreSQL is healthy
2025-08-26 10:00:01 -   - Active connections: 6
2025-08-26 10:00:01 - Checking MongoDB...
2025-08-26 10:00:01 - ✗ MongoDB is not responding
2025-08-26 10:00:01 - Checking Redis...
2025-08-26 10:00:02 - ✓ Redis is healthy
2025-08-26 10:00:02 -   - Memory usage: 1.13M
2025-08-26 10:00:02 -   - Connected clients: 2
2025-08-26 10:00:02 - Database Services: 2/4 healthy
2025-08-26 10:00:02 - Checking disk space...
2025-08-26 10:00:02 - Disk usage: 18%
2025-08-26 10:00:02 - ✓ Disk space is adequate
2025-08-26 10:00:02 - Checking container status...
2025-08-26 10:00:02 - ✓ mariadb is running
2025-08-26 10:00:02 - ✓ postgresql is running
2025-08-26 10:00:02 - ✓ mongodb is running
2025-08-26 10:00:02 - ✓ redis is running
2025-08-26 10:00:02 - ✓ phpmyadmin is running
2025-08-26 10:00:02 - ✓ pgadmin is running
2025-08-26 10:00:02 - ✓ mongo-express is running
2025-08-26 10:00:02 - ✓ redis-commander is running
2025-08-26 10:00:02 - === END SUMMARY ===
2025-08-26 11:00:01 - === HEALTH CHECK SUMMARY ===
2025-08-26 11:00:01 - Checking MariaDB...
2025-08-26 11:00:01 - ✗ MariaDB is not responding
2025-08-26 11:00:01 - Checking PostgreSQL...
2025-08-26 11:00:02 - ✓ PostgreSQL is healthy
2025-08-26 11:00:02 -   - Active connections: 6
2025-08-26 11:00:02 - Checking MongoDB...
2025-08-26 11:00:02 - ✗ MongoDB is not responding
2025-08-26 11:00:02 - Checking Redis...
2025-08-26 11:00:02 - ✓ Redis is healthy
2025-08-26 11:00:02 -   - Memory usage: 1.13M
2025-08-26 11:00:02 -   - Connected clients: 2
2025-08-26 11:00:02 - Database Services: 2/4 healthy
2025-08-26 11:00:02 - Checking disk space...
2025-08-26 11:00:02 - Disk usage: 18%
2025-08-26 11:00:02 - ✓ Disk space is adequate
2025-08-26 11:00:02 - Checking container status...
2025-08-26 11:00:02 - ✓ mariadb is running
2025-08-26 11:00:02 - ✓ postgresql is running
2025-08-26 11:00:02 - ✓ mongodb is running
2025-08-26 11:00:02 - ✓ redis is running
2025-08-26 11:00:02 - ✓ phpmyadmin is running
2025-08-26 11:00:02 - ✓ pgadmin is running
2025-08-26 11:00:03 - ✓ mongo-express is running
2025-08-26 11:00:03 - ✓ redis-commander is running
2025-08-26 11:00:03 - === END SUMMARY ===
2025-08-26 12:00:01 - === HEALTH CHECK SUMMARY ===
2025-08-26 12:00:01 - Checking MariaDB...
2025-08-26 12:00:01 - ✗ MariaDB is not responding
2025-08-26 12:00:01 - Checking PostgreSQL...
2025-08-26 12:00:01 - ✓ PostgreSQL is healthy
2025-08-26 12:00:01 -   - Active connections: 6
2025-08-26 12:00:01 - Checking MongoDB...
2025-08-26 12:00:01 - ✗ MongoDB is not responding
2025-08-26 12:00:01 - Checking Redis...
2025-08-26 12:00:01 - ✓ Redis is healthy
2025-08-26 12:00:01 -   - Memory usage: 1.13M
2025-08-26 12:00:02 -   - Connected clients: 2
2025-08-26 12:00:02 - Database Services: 2/4 healthy
2025-08-26 12:00:02 - Checking disk space...
2025-08-26 12:00:02 - Disk usage: 18%
2025-08-26 12:00:02 - ✓ Disk space is adequate
2025-08-26 12:00:02 - Checking container status...
2025-08-26 12:00:02 - ✓ mariadb is running
2025-08-26 12:00:02 - ✓ postgresql is running
2025-08-26 12:00:02 - ✓ mongodb is running
2025-08-26 12:00:02 - ✓ redis is running
2025-08-26 12:00:02 - ✓ phpmyadmin is running
2025-08-26 12:00:02 - ✓ pgadmin is running
2025-08-26 12:00:02 - ✓ mongo-express is running
2025-08-26 12:00:02 - ✓ redis-commander is running
2025-08-26 12:00:02 - === END SUMMARY ===
2025-08-26 13:00:01 - === HEALTH CHECK SUMMARY ===
2025-08-26 13:00:01 - Checking MariaDB...
2025-08-26 13:00:01 - ✗ MariaDB is not responding
2025-08-26 13:00:01 - Checking PostgreSQL...
2025-08-26 13:00:01 - ✓ PostgreSQL is healthy
2025-08-26 13:00:02 -   - Active connections: 6
2025-08-26 13:00:02 - Checking MongoDB...
2025-08-26 13:00:02 - ✗ MongoDB is not responding
2025-08-26 13:00:02 - Checking Redis...
2025-08-26 13:00:02 - ✓ Redis is healthy
2025-08-26 13:00:02 -   - Memory usage: 1.13M
2025-08-26 13:00:02 -   - Connected clients: 2
2025-08-26 13:00:02 - Database Services: 2/4 healthy
2025-08-26 13:00:02 - Checking disk space...
2025-08-26 13:00:02 - Disk usage: 18%
2025-08-26 13:00:02 - ✓ Disk space is adequate
2025-08-26 13:00:02 - Checking container status...
2025-08-26 13:00:02 - ✓ mariadb is running
2025-08-26 13:00:02 - ✓ postgresql is running
2025-08-26 13:00:02 - ✓ mongodb is running
2025-08-26 13:00:02 - ✓ redis is running
2025-08-26 13:00:02 - ✓ phpmyadmin is running
2025-08-26 13:00:02 - ✓ pgadmin is running
2025-08-26 13:00:02 - ✓ mongo-express is running
2025-08-26 13:00:02 - ✓ redis-commander is running
2025-08-26 13:00:02 - === END SUMMARY ===
2025-08-26 14:00:01 - === HEALTH CHECK SUMMARY ===
2025-08-26 14:00:01 - Checking MariaDB...
2025-08-26 14:00:02 - ✗ MariaDB is not responding
2025-08-26 14:00:02 - Checking PostgreSQL...
2025-08-26 14:00:02 - ✓ PostgreSQL is healthy
2025-08-26 14:00:02 -   - Active connections: 6
2025-08-26 14:00:02 - Checking MongoDB...
2025-08-26 14:00:02 - ✗ MongoDB is not responding
2025-08-26 14:00:02 - Checking Redis...
2025-08-26 14:00:02 - ✓ Redis is healthy
2025-08-26 14:00:02 -   - Memory usage: 1.13M
2025-08-26 14:00:02 -   - Connected clients: 2
2025-08-26 14:00:02 - Database Services: 2/4 healthy
2025-08-26 14:00:02 - Checking disk space...
2025-08-26 14:00:02 - Disk usage: 18%
2025-08-26 14:00:02 - ✓ Disk space is adequate
2025-08-26 14:00:02 - Checking container status...
2025-08-26 14:00:02 - ✓ mariadb is running
2025-08-26 14:00:03 - ✓ postgresql is running
2025-08-26 14:00:03 - ✓ mongodb is running
2025-08-26 14:00:03 - ✓ redis is running
2025-08-26 14:00:03 - ✓ phpmyadmin is running
2025-08-26 14:00:03 - ✓ pgadmin is running
2025-08-26 14:00:03 - ✓ mongo-express is running
2025-08-26 14:00:03 - ✓ redis-commander is running
2025-08-26 14:00:03 - === END SUMMARY ===
2025-08-26 15:00:01 - === HEALTH CHECK SUMMARY ===
2025-08-26 15:00:01 - Checking MariaDB...
2025-08-26 15:00:01 - ✗ MariaDB is not responding
2025-08-26 15:00:01 - Checking PostgreSQL...
2025-08-26 15:00:01 - ✓ PostgreSQL is healthy
2025-08-26 15:00:01 -   - Active connections: 6
2025-08-26 15:00:01 - Checking MongoDB...
2025-08-26 15:00:01 - ✗ MongoDB is not responding
2025-08-26 15:00:01 - Checking Redis...
2025-08-26 15:00:02 - ✓ Redis is healthy
2025-08-26 15:00:02 -   - Memory usage: 1.13M
2025-08-26 15:00:02 -   - Connected clients: 2
2025-08-26 15:00:02 - Database Services: 2/4 healthy
2025-08-26 15:00:02 - Checking disk space...
2025-08-26 15:00:02 - Disk usage: 18%
2025-08-26 15:00:02 - ✓ Disk space is adequate
2025-08-26 15:00:02 - Checking container status...
2025-08-26 15:00:02 - ✓ mariadb is running
2025-08-26 15:00:02 - ✓ postgresql is running
2025-08-26 15:00:02 - ✓ mongodb is running
2025-08-26 15:00:02 - ✓ redis is running
2025-08-26 15:00:02 - ✓ phpmyadmin is running
2025-08-26 15:00:02 - ✓ pgadmin is running
2025-08-26 15:00:02 - ✓ mongo-express is running
2025-08-26 15:00:02 - ✓ redis-commander is running
2025-08-26 15:00:02 - === END SUMMARY ===
2025-08-26 16:00:01 - === HEALTH CHECK SUMMARY ===
2025-08-26 16:00:01 - Checking MariaDB...
2025-08-26 16:00:01 - ✗ MariaDB is not responding
2025-08-26 16:00:01 - Checking PostgreSQL...
2025-08-26 16:00:02 - ✓ PostgreSQL is healthy
2025-08-26 16:00:02 -   - Active connections: 6
2025-08-26 16:00:02 - Checking MongoDB...
2025-08-26 16:00:02 - ✗ MongoDB is not responding
2025-08-26 16:00:02 - Checking Redis...
2025-08-26 16:00:02 - ✓ Redis is healthy
2025-08-26 16:00:02 -   - Memory usage: 1.13M
2025-08-26 16:00:02 -   - Connected clients: 2
2025-08-26 16:00:02 - Database Services: 2/4 healthy
2025-08-26 16:00:02 - Checking disk space...
2025-08-26 16:00:02 - Disk usage: 18%
2025-08-26 16:00:02 - ✓ Disk space is adequate
2025-08-26 16:00:02 - Checking container status...
2025-08-26 16:00:02 - ✓ mariadb is running
2025-08-26 16:00:02 - ✓ postgresql is running
2025-08-26 16:00:02 - ✓ mongodb is running
2025-08-26 16:00:02 - ✓ redis is running
2025-08-26 16:00:02 - ✓ phpmyadmin is running
2025-08-26 16:00:02 - ✓ pgadmin is running
2025-08-26 16:00:03 - ✓ mongo-express is running
2025-08-26 16:00:03 - ✓ redis-commander is running
2025-08-26 16:00:03 - === END SUMMARY ===
2025-08-26 17:00:01 - === HEALTH CHECK SUMMARY ===
2025-08-26 17:00:01 - Checking MariaDB...
2025-08-26 17:00:01 - ✗ MariaDB is not responding
2025-08-26 17:00:01 - Checking PostgreSQL...
2025-08-26 17:00:01 - ✓ PostgreSQL is healthy
2025-08-26 17:00:01 -   - Active connections: 6
2025-08-26 17:00:01 - Checking MongoDB...
2025-08-26 17:00:01 - ✗ MongoDB is not responding
2025-08-26 17:00:01 - Checking Redis...
2025-08-26 17:00:01 - ✓ Redis is healthy
2025-08-26 17:00:01 -   - Memory usage: 1.13M
2025-08-26 17:00:02 -   - Connected clients: 2
2025-08-26 17:00:02 - Database Services: 2/4 healthy
2025-08-26 17:00:02 - Checking disk space...
2025-08-26 17:00:02 - Disk usage: 18%
2025-08-26 17:00:02 - ✓ Disk space is adequate
2025-08-26 17:00:02 - Checking container status...
2025-08-26 17:00:02 - ✓ mariadb is running
2025-08-26 17:00:02 - ✓ postgresql is running
2025-08-26 17:00:02 - ✓ mongodb is running
2025-08-26 17:00:02 - ✓ redis is running
2025-08-26 17:00:02 - ✓ phpmyadmin is running
2025-08-26 17:00:02 - ✓ pgadmin is running
2025-08-26 17:00:02 - ✓ mongo-express is running
2025-08-26 17:00:02 - ✓ redis-commander is running
2025-08-26 17:00:02 - === END SUMMARY ===
2025-08-26 18:00:01 - === HEALTH CHECK SUMMARY ===
2025-08-26 18:00:01 - Checking MariaDB...
2025-08-26 18:00:01 - ✗ MariaDB is not responding
2025-08-26 18:00:01 - Checking PostgreSQL...
2025-08-26 18:00:01 - ✓ PostgreSQL is healthy
2025-08-26 18:00:02 -   - Active connections: 6
2025-08-26 18:00:02 - Checking MongoDB...
2025-08-26 18:00:02 - ✗ MongoDB is not responding
2025-08-26 18:00:02 - Checking Redis...
2025-08-26 18:00:02 - ✓ Redis is healthy
2025-08-26 18:00:02 -   - Memory usage: 1.13M
2025-08-26 18:00:02 -   - Connected clients: 2
2025-08-26 18:00:02 - Database Services: 2/4 healthy
2025-08-26 18:00:02 - Checking disk space...
2025-08-26 18:00:02 - Disk usage: 18%
2025-08-26 18:00:02 - ✓ Disk space is adequate
2025-08-26 18:00:02 - Checking container status...
2025-08-26 18:00:02 - ✓ mariadb is running
2025-08-26 18:00:02 - ✓ postgresql is running
2025-08-26 18:00:02 - ✓ mongodb is running
2025-08-26 18:00:02 - ✓ redis is running
2025-08-26 18:00:02 - ✓ phpmyadmin is running
2025-08-26 18:00:02 - ✓ pgadmin is running
2025-08-26 18:00:02 - ✓ mongo-express is running
2025-08-26 18:00:02 - ✓ redis-commander is running
2025-08-26 18:00:02 - === END SUMMARY ===
2025-08-26 19:00:01 - === HEALTH CHECK SUMMARY ===
2025-08-26 19:00:01 - Checking MariaDB...
2025-08-26 19:00:02 - ✗ MariaDB is not responding
2025-08-26 19:00:02 - Checking PostgreSQL...
2025-08-26 19:00:02 - ✓ PostgreSQL is healthy
2025-08-26 19:00:02 -   - Active connections: 6
2025-08-26 19:00:02 - Checking MongoDB...
2025-08-26 19:00:02 - ✗ MongoDB is not responding
2025-08-26 19:00:02 - Checking Redis...
2025-08-26 19:00:02 - ✓ Redis is healthy
2025-08-26 19:00:02 -   - Memory usage: 1.13M
2025-08-26 19:00:02 -   - Connected clients: 2
2025-08-26 19:00:02 - Database Services: 2/4 healthy
2025-08-26 19:00:02 - Checking disk space...
2025-08-26 19:00:02 - Disk usage: 18%
2025-08-26 19:00:02 - ✓ Disk space is adequate
2025-08-26 19:00:02 - Checking container status...
2025-08-26 19:00:02 - ✓ mariadb is running
2025-08-26 19:00:03 - ✓ postgresql is running
2025-08-26 19:00:03 - ✓ mongodb is running
2025-08-26 19:00:03 - ✓ redis is running
2025-08-26 19:00:03 - ✓ phpmyadmin is running
2025-08-26 19:00:03 - ✓ pgadmin is running
2025-08-26 19:00:03 - ✓ mongo-express is running
2025-08-26 19:00:03 - ✓ redis-commander is running
2025-08-26 19:00:03 - === END SUMMARY ===
2025-08-26 20:00:01 - === HEALTH CHECK SUMMARY ===
2025-08-26 20:00:01 - Checking MariaDB...
2025-08-26 20:00:01 - ✗ MariaDB is not responding
2025-08-26 20:00:01 - Checking PostgreSQL...
2025-08-26 20:00:01 - ✓ PostgreSQL is healthy
2025-08-26 20:00:01 -   - Active connections: 6
2025-08-26 20:00:01 - Checking MongoDB...
2025-08-26 20:00:01 - ✗ MongoDB is not responding
2025-08-26 20:00:01 - Checking Redis...
2025-08-26 20:00:02 - ✓ Redis is healthy
2025-08-26 20:00:02 -   - Memory usage: 1.13M
2025-08-26 20:00:02 -   - Connected clients: 2
2025-08-26 20:00:02 - Database Services: 2/4 healthy
2025-08-26 20:00:02 - Checking disk space...
2025-08-26 20:00:02 - Disk usage: 18%
2025-08-26 20:00:02 - ✓ Disk space is adequate
2025-08-26 20:00:02 - Checking container status...
2025-08-26 20:00:02 - ✓ mariadb is running
2025-08-26 20:00:02 - ✓ postgresql is running
2025-08-26 20:00:02 - ✓ mongodb is running
2025-08-26 20:00:02 - ✓ redis is running
2025-08-26 20:00:02 - ✓ phpmyadmin is running
2025-08-26 20:00:02 - ✓ pgadmin is running
2025-08-26 20:00:02 - ✓ mongo-express is running
2025-08-26 20:00:02 - ✓ redis-commander is running
2025-08-26 20:00:02 - === END SUMMARY ===
2025-08-26 21:00:01 - === HEALTH CHECK SUMMARY ===
2025-08-26 21:00:01 - Checking MariaDB...
2025-08-26 21:00:01 - ✗ MariaDB is not responding
2025-08-26 21:00:01 - Checking PostgreSQL...
2025-08-26 21:00:02 - ✓ PostgreSQL is healthy
2025-08-26 21:00:02 -   - Active connections: 6
2025-08-26 21:00:02 - Checking MongoDB...
2025-08-26 21:00:02 - ✗ MongoDB is not responding
2025-08-26 21:00:02 - Checking Redis...
2025-08-26 21:00:02 - ✓ Redis is healthy
2025-08-26 21:00:02 -   - Memory usage: 1.13M
2025-08-26 21:00:02 -   - Connected clients: 2
2025-08-26 21:00:02 - Database Services: 2/4 healthy
2025-08-26 21:00:02 - Checking disk space...
2025-08-26 21:00:02 - Disk usage: 18%
2025-08-26 21:00:02 - ✓ Disk space is adequate
2025-08-26 21:00:02 - Checking container status...
2025-08-26 21:00:02 - ✓ mariadb is running
2025-08-26 21:00:02 - ✓ postgresql is running
2025-08-26 21:00:02 - ✓ mongodb is running
2025-08-26 21:00:02 - ✓ redis is running
2025-08-26 21:00:03 - ✓ phpmyadmin is running
2025-08-26 21:00:03 - ✓ pgadmin is running
2025-08-26 21:00:03 - ✓ mongo-express is running
2025-08-26 21:00:03 - ✓ redis-commander is running
2025-08-26 21:00:03 - === END SUMMARY ===
2025-08-26 22:00:01 - === HEALTH CHECK SUMMARY ===
2025-08-26 22:00:01 - Checking MariaDB...
2025-08-26 22:00:01 - ✗ MariaDB is not responding
2025-08-26 22:00:01 - Checking PostgreSQL...
2025-08-26 22:00:01 - ✓ PostgreSQL is healthy
2025-08-26 22:00:01 -   - Active connections: 6
2025-08-26 22:00:01 - Checking MongoDB...
2025-08-26 22:00:01 - ✗ MongoDB is not responding
2025-08-26 22:00:01 - Checking Redis...
2025-08-26 22:00:01 - ✓ Redis is healthy
2025-08-26 22:00:02 -   - Memory usage: 1.13M
2025-08-26 22:00:02 -   - Connected clients: 2
2025-08-26 22:00:02 - Database Services: 2/4 healthy
2025-08-26 22:00:02 - Checking disk space...
2025-08-26 22:00:02 - Disk usage: 18%
2025-08-26 22:00:02 - ✓ Disk space is adequate
2025-08-26 22:00:02 - Checking container status...
2025-08-26 22:00:02 - ✓ mariadb is running
2025-08-26 22:00:02 - ✓ postgresql is running
2025-08-26 22:00:02 - ✓ mongodb is running
2025-08-26 22:00:02 - ✓ redis is running
2025-08-26 22:00:02 - ✓ phpmyadmin is running
2025-08-26 22:00:02 - ✓ pgadmin is running
2025-08-26 22:00:02 - ✓ mongo-express is running
2025-08-26 22:00:02 - ✓ redis-commander is running
2025-08-26 22:00:02 - === END SUMMARY ===
2025-08-26 23:00:01 - === HEALTH CHECK SUMMARY ===
2025-08-26 23:00:01 - Checking MariaDB...
2025-08-26 23:00:01 - ✗ MariaDB is not responding
2025-08-26 23:00:01 - Checking PostgreSQL...
2025-08-26 23:00:01 - ✓ PostgreSQL is healthy
2025-08-26 23:00:02 -   - Active connections: 6
2025-08-26 23:00:02 - Checking MongoDB...
2025-08-26 23:00:02 - ✗ MongoDB is not responding
2025-08-26 23:00:02 - Checking Redis...
2025-08-26 23:00:02 - ✓ Redis is healthy
2025-08-26 23:00:02 -   - Memory usage: 1.13M
2025-08-26 23:00:02 -   - Connected clients: 2
2025-08-26 23:00:02 - Database Services: 2/4 healthy
2025-08-26 23:00:02 - Checking disk space...
2025-08-26 23:00:02 - Disk usage: 18%
2025-08-26 23:00:02 - ✓ Disk space is adequate
2025-08-26 23:00:02 - Checking container status...
2025-08-26 23:00:02 - ✓ mariadb is running
2025-08-26 23:00:02 - ✓ postgresql is running
2025-08-26 23:00:02 - ✓ mongodb is running
2025-08-26 23:00:02 - ✓ redis is running
2025-08-26 23:00:02 - ✓ phpmyadmin is running
2025-08-26 23:00:02 - ✓ pgadmin is running
2025-08-26 23:00:02 - ✓ mongo-express is running
2025-08-26 23:00:02 - ✓ redis-commander is running
2025-08-26 23:00:02 - === END SUMMARY ===
2025-08-27 00:00:01 - === HEALTH CHECK SUMMARY ===
2025-08-27 00:00:01 - Checking MariaDB...
2025-08-27 00:00:01 - ✗ MariaDB is not responding
2025-08-27 00:00:01 - Checking PostgreSQL...
2025-08-27 00:00:01 - ✓ PostgreSQL is healthy
2025-08-27 00:00:01 -   - Active connections: 6
2025-08-27 00:00:01 - Checking MongoDB...
2025-08-27 00:00:01 - ✗ MongoDB is not responding
2025-08-27 00:00:01 - Checking Redis...
2025-08-27 00:00:01 - ✓ Redis is healthy
2025-08-27 00:00:01 -   - Memory usage: 1.13M
2025-08-27 00:00:02 -   - Connected clients: 2
2025-08-27 00:00:02 - Database Services: 2/4 healthy
2025-08-27 00:00:02 - Checking disk space...
2025-08-27 00:00:02 - Disk usage: 18%
2025-08-27 00:00:02 - ✓ Disk space is adequate
2025-08-27 00:00:02 - Checking container status...
2025-08-27 00:00:02 - ✓ mariadb is running
2025-08-27 00:00:02 - ✓ postgresql is running
2025-08-27 00:00:02 - ✓ mongodb is running
2025-08-27 00:00:02 - ✓ redis is running
2025-08-27 00:00:02 - ✓ phpmyadmin is running
2025-08-27 00:00:02 - ✓ pgadmin is running
2025-08-27 00:00:02 - ✓ mongo-express is running
2025-08-27 00:00:02 - ✓ redis-commander is running
2025-08-27 00:00:02 - === END SUMMARY ===
2025-08-27 01:00:01 - === HEALTH CHECK SUMMARY ===
2025-08-27 01:00:01 - Checking MariaDB...
2025-08-27 01:00:01 - ✗ MariaDB is not responding
2025-08-27 01:00:01 - Checking PostgreSQL...
2025-08-27 01:00:01 - ✓ PostgreSQL is healthy
2025-08-27 01:00:01 -   - Active connections: 6
2025-08-27 01:00:01 - Checking MongoDB...
2025-08-27 01:00:02 - ✗ MongoDB is not responding
2025-08-27 01:00:02 - Checking Redis...
2025-08-27 01:00:02 - ✓ Redis is healthy
2025-08-27 01:00:02 -   - Memory usage: 1.13M
2025-08-27 01:00:02 -   - Connected clients: 2
2025-08-27 01:00:02 - Database Services: 2/4 healthy
2025-08-27 01:00:02 - Checking disk space...
2025-08-27 01:00:02 - Disk usage: 18%
2025-08-27 01:00:02 - ✓ Disk space is adequate
2025-08-27 01:00:02 - Checking container status...
2025-08-27 01:00:02 - ✓ mariadb is running
2025-08-27 01:00:02 - ✓ postgresql is running
2025-08-27 01:00:02 - ✓ mongodb is running
2025-08-27 01:00:02 - ✓ redis is running
2025-08-27 01:00:02 - ✓ phpmyadmin is running
2025-08-27 01:00:02 - ✓ pgadmin is running
2025-08-27 01:00:02 - ✓ mongo-express is running
2025-08-27 01:00:02 - ✓ redis-commander is running
2025-08-27 01:00:02 - === END SUMMARY ===
2025-08-27 02:00:01 - === HEALTH CHECK SUMMARY ===
2025-08-27 02:00:01 - Checking MariaDB...
2025-08-27 02:00:02 - ✗ MariaDB is not responding
2025-08-27 02:00:02 - Checking PostgreSQL...
2025-08-27 02:00:02 - ✓ PostgreSQL is healthy
2025-08-27 02:00:02 -   - Active connections: 8
2025-08-27 02:00:02 - Checking MongoDB...
2025-08-27 02:00:02 - ✗ MongoDB is not responding
2025-08-27 02:00:02 - Checking Redis...
2025-08-27 02:00:02 - ✓ Redis is healthy
2025-08-27 02:00:02 -   - Memory usage: 1.13M
2025-08-27 02:00:02 -   - Connected clients: 2
2025-08-27 02:00:02 - Database Services: 2/4 healthy
2025-08-27 02:00:02 - Checking disk space...
2025-08-27 02:00:02 - Disk usage: 18%
2025-08-27 02:00:02 - ✓ Disk space is adequate
2025-08-27 02:00:02 - Checking container status...
2025-08-27 02:00:02 - ✓ mariadb is running
2025-08-27 02:00:02 - ✓ postgresql is running
2025-08-27 02:00:02 - ✓ mongodb is running
2025-08-27 02:00:02 - ✓ redis is running
2025-08-27 02:00:03 - ✓ phpmyadmin is running
2025-08-27 02:00:03 - ✓ pgadmin is running
2025-08-27 02:00:03 - ✓ mongo-express is running
2025-08-27 02:00:03 - ✓ redis-commander is running
2025-08-27 02:00:03 - === END SUMMARY ===
2025-08-27 03:00:01 - === HEALTH CHECK SUMMARY ===
2025-08-27 03:00:01 - Checking MariaDB...
2025-08-27 03:00:02 - ✗ MariaDB is not responding
2025-08-27 03:00:02 - Checking PostgreSQL...
2025-08-27 03:00:02 - ✓ PostgreSQL is healthy
2025-08-27 03:00:02 -   - Active connections: 6
2025-08-27 03:00:02 - Checking MongoDB...
2025-08-27 03:00:02 - ✗ MongoDB is not responding
2025-08-27 03:00:02 - Checking Redis...
2025-08-27 03:00:02 - ✓ Redis is healthy
2025-08-27 03:00:02 -   - Memory usage: 1.13M
2025-08-27 03:00:02 -   - Connected clients: 2
2025-08-27 03:00:02 - Database Services: 2/4 healthy
2025-08-27 03:00:02 - Checking disk space...
2025-08-27 03:00:02 - Disk usage: 18%
2025-08-27 03:00:02 - ✓ Disk space is adequate
2025-08-27 03:00:02 - Checking container status...
2025-08-27 03:00:02 - ✓ mariadb is running
2025-08-27 03:00:02 - ✓ postgresql is running
2025-08-27 03:00:03 - ✓ mongodb is running
2025-08-27 03:00:03 - ✓ redis is running
2025-08-27 03:00:03 - ✓ phpmyadmin is running
2025-08-27 03:00:03 - ✓ pgadmin is running
2025-08-27 03:00:03 - ✓ mongo-express is running
2025-08-27 03:00:03 - ✓ redis-commander is running
2025-08-27 03:00:03 - === END SUMMARY ===
2025-08-27 04:00:01 - === HEALTH CHECK SUMMARY ===
2025-08-27 04:00:01 - Checking MariaDB...
2025-08-27 04:00:01 - ✗ MariaDB is not responding
2025-08-27 04:00:01 - Checking PostgreSQL...
2025-08-27 04:00:01 - ✓ PostgreSQL is healthy
2025-08-27 04:00:01 -   - Active connections: 6
2025-08-27 04:00:01 - Checking MongoDB...
2025-08-27 04:00:01 - ✗ MongoDB is not responding
2025-08-27 04:00:01 - Checking Redis...
2025-08-27 04:00:02 - ✓ Redis is healthy
2025-08-27 04:00:02 -   - Memory usage: 1.13M
2025-08-27 04:00:02 -   - Connected clients: 2
2025-08-27 04:00:02 - Database Services: 2/4 healthy
2025-08-27 04:00:02 - Checking disk space...
2025-08-27 04:00:02 - Disk usage: 18%
2025-08-27 04:00:02 - ✓ Disk space is adequate
2025-08-27 04:00:02 - Checking container status...
2025-08-27 04:00:02 - ✓ mariadb is running
2025-08-27 04:00:02 - ✓ postgresql is running
2025-08-27 04:00:02 - ✓ mongodb is running
2025-08-27 04:00:02 - ✓ redis is running
2025-08-27 04:00:02 - ✓ phpmyadmin is running
2025-08-27 04:00:02 - ✓ pgadmin is running
2025-08-27 04:00:02 - ✓ mongo-express is running
2025-08-27 04:00:02 - ✓ redis-commander is running
2025-08-27 04:00:02 - === END SUMMARY ===
2025-08-27 05:00:01 - === HEALTH CHECK SUMMARY ===
2025-08-27 05:00:01 - Checking MariaDB...
2025-08-27 05:00:01 - ✗ MariaDB is not responding
2025-08-27 05:00:01 - Checking PostgreSQL...
2025-08-27 05:00:02 - ✓ PostgreSQL is healthy
2025-08-27 05:00:02 -   - Active connections: 6
2025-08-27 05:00:02 - Checking MongoDB...
2025-08-27 05:00:02 - ✗ MongoDB is not responding
2025-08-27 05:00:02 - Checking Redis...
2025-08-27 05:00:02 - ✓ Redis is healthy
2025-08-27 05:00:02 -   - Memory usage: 1.13M
2025-08-27 05:00:02 -   - Connected clients: 2
2025-08-27 05:00:02 - Database Services: 2/4 healthy
2025-08-27 05:00:02 - Checking disk space...
2025-08-27 05:00:02 - Disk usage: 18%
2025-08-27 05:00:02 - ✓ Disk space is adequate
2025-08-27 05:00:02 - Checking container status...
2025-08-27 05:00:02 - ✓ mariadb is running
2025-08-27 05:00:02 - ✓ postgresql is running
2025-08-27 05:00:02 - ✓ mongodb is running
2025-08-27 05:00:02 - ✓ redis is running
2025-08-27 05:00:02 - ✓ phpmyadmin is running
2025-08-27 05:00:03 - ✓ pgadmin is running
2025-08-27 05:00:03 - ✓ mongo-express is running
2025-08-27 05:00:03 - ✓ redis-commander is running
2025-08-27 05:00:03 - === END SUMMARY ===
2025-08-27 06:00:01 - === HEALTH CHECK SUMMARY ===
2025-08-27 06:00:01 - Checking MariaDB...
2025-08-27 06:00:01 - ✗ MariaDB is not responding
2025-08-27 06:00:01 - Checking PostgreSQL...
2025-08-27 06:00:01 - ✓ PostgreSQL is healthy
2025-08-27 06:00:01 -   - Active connections: 6
2025-08-27 06:00:01 - Checking MongoDB...
2025-08-27 06:00:01 - ✗ MongoDB is not responding
2025-08-27 06:00:01 - Checking Redis...
2025-08-27 06:00:01 - ✓ Redis is healthy
2025-08-27 06:00:01 -   - Memory usage: 1.13M
2025-08-27 06:00:02 -   - Connected clients: 2
2025-08-27 06:00:02 - Database Services: 2/4 healthy
2025-08-27 06:00:02 - Checking disk space...
2025-08-27 06:00:02 - Disk usage: 18%
2025-08-27 06:00:02 - ✓ Disk space is adequate
2025-08-27 06:00:02 - Checking container status...
2025-08-27 06:00:02 - ✓ mariadb is running
2025-08-27 06:00:02 - ✓ postgresql is running
2025-08-27 06:00:02 - ✓ mongodb is running
2025-08-27 06:00:02 - ✓ redis is running
2025-08-27 06:00:02 - ✓ phpmyadmin is running
2025-08-27 06:00:02 - ✓ pgadmin is running
2025-08-27 06:00:02 - ✓ mongo-express is running
2025-08-27 06:00:02 - ✓ redis-commander is running
2025-08-27 06:00:02 - === END SUMMARY ===
2025-08-27 07:00:01 - === HEALTH CHECK SUMMARY ===
2025-08-27 07:00:01 - Checking MariaDB...
2025-08-27 07:00:01 - ✗ MariaDB is not responding
2025-08-27 07:00:01 - Checking PostgreSQL...
2025-08-27 07:00:01 - ✓ PostgreSQL is healthy
2025-08-27 07:00:02 -   - Active connections: 6
2025-08-27 07:00:02 - Checking MongoDB...
2025-08-27 07:00:02 - ✗ MongoDB is not responding
2025-08-27 07:00:02 - Checking Redis...
2025-08-27 07:00:02 - ✓ Redis is healthy
2025-08-27 07:00:02 -   - Memory usage: 1.13M
2025-08-27 07:00:02 -   - Connected clients: 2
2025-08-27 07:00:02 - Database Services: 2/4 healthy
2025-08-27 07:00:02 - Checking disk space...
2025-08-27 07:00:02 - Disk usage: 18%
2025-08-27 07:00:02 - ✓ Disk space is adequate
2025-08-27 07:00:02 - Checking container status...
2025-08-27 07:00:02 - ✓ mariadb is running
2025-08-27 07:00:02 - ✓ postgresql is running
2025-08-27 07:00:02 - ✓ mongodb is running
2025-08-27 07:00:02 - ✓ redis is running
2025-08-27 07:00:02 - ✓ phpmyadmin is running
2025-08-27 07:00:02 - ✓ pgadmin is running
2025-08-27 07:00:02 - ✓ mongo-express is running
2025-08-27 07:00:02 - ✓ redis-commander is running
2025-08-27 07:00:02 - === END SUMMARY ===
2025-08-27 08:00:01 - === HEALTH CHECK SUMMARY ===
2025-08-27 08:00:01 - Checking MariaDB...
2025-08-27 08:00:01 - ✗ MariaDB is not responding
2025-08-27 08:00:01 - Checking PostgreSQL...
2025-08-27 08:00:01 - ✓ PostgreSQL is healthy
2025-08-27 08:00:01 -   - Active connections: 6
2025-08-27 08:00:01 - Checking MongoDB...
2025-08-27 08:00:01 - ✗ MongoDB is not responding
2025-08-27 08:00:01 - Checking Redis...
2025-08-27 08:00:01 - ✓ Redis is healthy
2025-08-27 08:00:01 -   - Memory usage: 1.13M
2025-08-27 08:00:01 -   - Connected clients: 2
2025-08-27 08:00:01 - Database Services: 2/4 healthy
2025-08-27 08:00:01 - Checking disk space...
2025-08-27 08:00:02 - Disk usage: 18%
2025-08-27 08:00:02 - ✓ Disk space is adequate
2025-08-27 08:00:02 - Checking container status...
2025-08-27 08:00:02 - ✓ mariadb is running
2025-08-27 08:00:02 - ✓ postgresql is running
2025-08-27 08:00:02 - ✓ mongodb is running
2025-08-27 08:00:02 - ✓ redis is running
2025-08-27 08:00:02 - ✓ phpmyadmin is running
2025-08-27 08:00:02 - ✓ pgadmin is running
2025-08-27 08:00:02 - ✓ mongo-express is running
2025-08-27 08:00:02 - ✓ redis-commander is running
2025-08-27 08:00:02 - === END SUMMARY ===
2025-08-27 09:00:01 - === HEALTH CHECK SUMMARY ===
2025-08-27 09:00:01 - Checking MariaDB...
2025-08-27 09:00:01 - ✗ MariaDB is not responding
2025-08-27 09:00:01 - Checking PostgreSQL...
2025-08-27 09:00:01 - ✓ PostgreSQL is healthy
2025-08-27 09:00:01 -   - Active connections: 6
2025-08-27 09:00:01 - Checking MongoDB...
2025-08-27 09:00:02 - ✗ MongoDB is not responding
2025-08-27 09:00:02 - Checking Redis...
2025-08-27 09:00:02 - ✓ Redis is healthy
2025-08-27 09:00:02 -   - Memory usage: 1.13M
2025-08-27 09:00:02 -   - Connected clients: 2
2025-08-27 09:00:02 - Database Services: 2/4 healthy
2025-08-27 09:00:02 - Checking disk space...
2025-08-27 09:00:02 - Disk usage: 18%
2025-08-27 09:00:02 - ✓ Disk space is adequate
2025-08-27 09:00:02 - Checking container status...
2025-08-27 09:00:02 - ✓ mariadb is running
2025-08-27 09:00:02 - ✓ postgresql is running
2025-08-27 09:00:02 - ✓ mongodb is running
2025-08-27 09:00:02 - ✓ redis is running
2025-08-27 09:00:02 - ✓ phpmyadmin is running
2025-08-27 09:00:02 - ✓ pgadmin is running
2025-08-27 09:00:02 - ✓ mongo-express is running
2025-08-27 09:00:02 - ✓ redis-commander is running
2025-08-27 09:00:02 - === END SUMMARY ===
2025-08-27 10:00:01 - === HEALTH CHECK SUMMARY ===
2025-08-27 10:00:01 - Checking MariaDB...
2025-08-27 10:00:02 - ✗ MariaDB is not responding
2025-08-27 10:00:02 - Checking PostgreSQL...
2025-08-27 10:00:02 - ✓ PostgreSQL is healthy
2025-08-27 10:00:02 -   - Active connections: 6
2025-08-27 10:00:02 - Checking MongoDB...
2025-08-27 10:00:02 - ✗ MongoDB is not responding
2025-08-27 10:00:02 - Checking Redis...
2025-08-27 10:00:02 - ✓ Redis is healthy
2025-08-27 10:00:02 -   - Memory usage: 1.13M
2025-08-27 10:00:02 -   - Connected clients: 2
2025-08-27 10:00:02 - Database Services: 2/4 healthy
2025-08-27 10:00:02 - Checking disk space...
2025-08-27 10:00:02 - Disk usage: 18%
2025-08-27 10:00:02 - ✓ Disk space is adequate
2025-08-27 10:00:02 - Checking container status...
2025-08-27 10:00:02 - ✓ mariadb is running
2025-08-27 10:00:02 - ✓ postgresql is running
2025-08-27 10:00:03 - ✓ mongodb is running
2025-08-27 10:00:03 - ✓ redis is running
2025-08-27 10:00:03 - ✓ phpmyadmin is running
2025-08-27 10:00:03 - ✓ pgadmin is running
2025-08-27 10:00:03 - ✓ mongo-express is running
2025-08-27 10:00:03 - ✓ redis-commander is running
2025-08-27 10:00:03 - === END SUMMARY ===
2025-08-27 11:00:01 - === HEALTH CHECK SUMMARY ===
2025-08-27 11:00:01 - Checking MariaDB...
2025-08-27 11:00:01 - ✗ MariaDB is not responding
2025-08-27 11:00:01 - Checking PostgreSQL...
2025-08-27 11:00:01 - ✓ PostgreSQL is healthy
2025-08-27 11:00:01 -   - Active connections: 6
2025-08-27 11:00:01 - Checking MongoDB...
2025-08-27 11:00:01 - ✗ MongoDB is not responding
2025-08-27 11:00:01 - Checking Redis...
2025-08-27 11:00:02 - ✓ Redis is healthy
2025-08-27 11:00:02 -   - Memory usage: 1.13M
2025-08-27 11:00:02 -   - Connected clients: 2
2025-08-27 11:00:02 - Database Services: 2/4 healthy
2025-08-27 11:00:02 - Checking disk space...
2025-08-27 11:00:02 - Disk usage: 18%
2025-08-27 11:00:02 - ✓ Disk space is adequate
2025-08-27 11:00:02 - Checking container status...
2025-08-27 11:00:02 - ✓ mariadb is running
2025-08-27 11:00:02 - ✓ postgresql is running
2025-08-27 11:00:02 - ✓ mongodb is running
2025-08-27 11:00:02 - ✓ redis is running
2025-08-27 11:00:02 - ✓ phpmyadmin is running
2025-08-27 11:00:02 - ✓ pgadmin is running
2025-08-27 11:00:02 - ✓ mongo-express is running
2025-08-27 11:00:02 - ✓ redis-commander is running
2025-08-27 11:00:02 - === END SUMMARY ===
2025-08-27 12:00:01 - === HEALTH CHECK SUMMARY ===
2025-08-27 12:00:01 - Checking MariaDB...
2025-08-27 12:00:01 - ✗ MariaDB is not responding
2025-08-27 12:00:01 - Checking PostgreSQL...
2025-08-27 12:00:02 - ✓ PostgreSQL is healthy
2025-08-27 12:00:02 -   - Active connections: 6
2025-08-27 12:00:02 - Checking MongoDB...
2025-08-27 12:00:02 - ✗ MongoDB is not responding
2025-08-27 12:00:02 - Checking Redis...
2025-08-27 12:00:02 - ✓ Redis is healthy
2025-08-27 12:00:02 -   - Memory usage: 1.13M
2025-08-27 12:00:02 -   - Connected clients: 2
2025-08-27 12:00:02 - Database Services: 2/4 healthy
2025-08-27 12:00:02 - Checking disk space...
2025-08-27 12:00:02 - Disk usage: 18%
2025-08-27 12:00:02 - ✓ Disk space is adequate
2025-08-27 12:00:02 - Checking container status...
2025-08-27 12:00:02 - ✓ mariadb is running
2025-08-27 12:00:02 - ✓ postgresql is running
2025-08-27 12:00:02 - ✓ mongodb is running
2025-08-27 12:00:02 - ✓ redis is running
2025-08-27 12:00:03 - ✓ phpmyadmin is running
2025-08-27 12:00:03 - ✓ pgadmin is running
2025-08-27 12:00:03 - ✓ mongo-express is running
2025-08-27 12:00:03 - ✓ redis-commander is running
2025-08-27 12:00:03 - === END SUMMARY ===
2025-08-27 13:00:01 - === HEALTH CHECK SUMMARY ===
2025-08-27 13:00:01 - Checking MariaDB...
2025-08-27 13:00:01 - ✗ MariaDB is not responding
2025-08-27 13:00:01 - Checking PostgreSQL...
2025-08-27 13:00:01 - ✓ PostgreSQL is healthy
2025-08-27 13:00:01 -   - Active connections: 6
2025-08-27 13:00:01 - Checking MongoDB...
2025-08-27 13:00:01 - ✗ MongoDB is not responding
2025-08-27 13:00:01 - Checking Redis...
2025-08-27 13:00:01 - ✓ Redis is healthy
2025-08-27 13:00:02 -   - Memory usage: 1.13M
2025-08-27 13:00:02 -   - Connected clients: 2
2025-08-27 13:00:02 - Database Services: 2/4 healthy
2025-08-27 13:00:02 - Checking disk space...
2025-08-27 13:00:02 - Disk usage: 18%
2025-08-27 13:00:02 - ✓ Disk space is adequate
2025-08-27 13:00:02 - Checking container status...
2025-08-27 13:00:02 - ✓ mariadb is running
2025-08-27 13:00:02 - ✓ postgresql is running
2025-08-27 13:00:02 - ✓ mongodb is running
2025-08-27 13:00:02 - ✓ redis is running
2025-08-27 13:00:02 - ✓ phpmyadmin is running
2025-08-27 13:00:02 - ✓ pgadmin is running
2025-08-27 13:00:02 - ✓ mongo-express is running
2025-08-27 13:00:02 - ✓ redis-commander is running
2025-08-27 13:00:02 - === END SUMMARY ===
2025-08-27 14:00:01 - === HEALTH CHECK SUMMARY ===
2025-08-27 14:00:01 - Checking MariaDB...
2025-08-27 14:00:01 - ✗ MariaDB is not responding
2025-08-27 14:00:01 - Checking PostgreSQL...
2025-08-27 14:00:01 - ✓ PostgreSQL is healthy
2025-08-27 14:00:02 -   - Active connections: 6
2025-08-27 14:00:02 - Checking MongoDB...
2025-08-27 14:00:02 - ✗ MongoDB is not responding
2025-08-27 14:00:02 - Checking Redis...
2025-08-27 14:00:02 - ✓ Redis is healthy
2025-08-27 14:00:02 -   - Memory usage: 1.13M
2025-08-27 14:00:02 -   - Connected clients: 2
2025-08-27 14:00:02 - Database Services: 2/4 healthy
2025-08-27 14:00:02 - Checking disk space...
2025-08-27 14:00:02 - Disk usage: 18%
2025-08-27 14:00:02 - ✓ Disk space is adequate
2025-08-27 14:00:02 - Checking container status...
2025-08-27 14:00:02 - ✓ mariadb is running
2025-08-27 14:00:02 - ✓ postgresql is running
2025-08-27 14:00:02 - ✓ mongodb is running
2025-08-27 14:00:02 - ✓ redis is running
2025-08-27 14:00:02 - ✓ phpmyadmin is running
2025-08-27 14:00:02 - ✓ pgadmin is running
2025-08-27 14:00:02 - ✓ mongo-express is running
2025-08-27 14:00:02 - ✓ redis-commander is running
2025-08-27 14:00:03 - === END SUMMARY ===
2025-08-27 15:00:01 - === HEALTH CHECK SUMMARY ===
2025-08-27 15:00:01 - Checking MariaDB...
2025-08-27 15:00:01 - ✗ MariaDB is not responding
2025-08-27 15:00:01 - Checking PostgreSQL...
2025-08-27 15:00:01 - ✓ PostgreSQL is healthy
2025-08-27 15:00:01 -   - Active connections: 6
2025-08-27 15:00:01 - Checking MongoDB...
2025-08-27 15:00:01 - ✗ MongoDB is not responding
2025-08-27 15:00:01 - Checking Redis...
2025-08-27 15:00:01 - ✓ Redis is healthy
2025-08-27 15:00:01 -   - Memory usage: 1.13M
2025-08-27 15:00:01 -   - Connected clients: 2
2025-08-27 15:00:01 - Database Services: 2/4 healthy
2025-08-27 15:00:01 - Checking disk space...
2025-08-27 15:00:02 - Disk usage: 18%
2025-08-27 15:00:02 - ✓ Disk space is adequate
2025-08-27 15:00:02 - Checking container status...
2025-08-27 15:00:02 - ✓ mariadb is running
2025-08-27 15:00:02 - ✓ postgresql is running
2025-08-27 15:00:02 - ✓ mongodb is running
2025-08-27 15:00:02 - ✓ redis is running
2025-08-27 15:00:02 - ✓ phpmyadmin is running
2025-08-27 15:00:02 - ✓ pgadmin is running
2025-08-27 15:00:02 - ✓ mongo-express is running
2025-08-27 15:00:02 - ✓ redis-commander is running
2025-08-27 15:00:02 - === END SUMMARY ===
2025-08-27 16:00:01 - === HEALTH CHECK SUMMARY ===
2025-08-27 16:00:01 - Checking MariaDB...
2025-08-27 16:00:01 - ✗ MariaDB is not responding
2025-08-27 16:00:01 - Checking PostgreSQL...
2025-08-27 16:00:01 - ✓ PostgreSQL is healthy
2025-08-27 16:00:01 -   - Active connections: 6
2025-08-27 16:00:01 - Checking MongoDB...
2025-08-27 16:00:02 - ✗ MongoDB is not responding
2025-08-27 16:00:02 - Checking Redis...
2025-08-27 16:00:02 - ✓ Redis is healthy
2025-08-27 16:00:02 -   - Memory usage: 1.13M
2025-08-27 16:00:02 -   - Connected clients: 2
2025-08-27 16:00:02 - Database Services: 2/4 healthy
2025-08-27 16:00:02 - Checking disk space...
2025-08-27 16:00:02 - Disk usage: 18%
2025-08-27 16:00:02 - ✓ Disk space is adequate
2025-08-27 16:00:02 - Checking container status...
2025-08-27 16:00:02 - ✓ mariadb is running
2025-08-27 16:00:02 - ✓ postgresql is running
2025-08-27 16:00:02 - ✓ mongodb is running
2025-08-27 16:00:02 - ✓ redis is running
2025-08-27 16:00:02 - ✓ phpmyadmin is running
2025-08-27 16:00:02 - ✓ pgadmin is running
2025-08-27 16:00:02 - ✓ mongo-express is running
2025-08-27 16:00:02 - ✓ redis-commander is running
2025-08-27 16:00:02 - === END SUMMARY ===
2025-08-27 17:00:01 - === HEALTH CHECK SUMMARY ===
2025-08-27 17:00:01 - Checking MariaDB...
2025-08-27 17:00:02 - ✗ MariaDB is not responding
2025-08-27 17:00:02 - Checking PostgreSQL...
2025-08-27 17:00:02 - ✓ PostgreSQL is healthy
2025-08-27 17:00:02 -   - Active connections: 6
2025-08-27 17:00:02 - Checking MongoDB...
2025-08-27 17:00:02 - ✗ MongoDB is not responding
2025-08-27 17:00:02 - Checking Redis...
2025-08-27 17:00:02 - ✓ Redis is healthy
2025-08-27 17:00:02 -   - Memory usage: 1.13M
2025-08-27 17:00:02 -   - Connected clients: 2
2025-08-27 17:00:02 - Database Services: 2/4 healthy
2025-08-27 17:00:02 - Checking disk space...
2025-08-27 17:00:02 - Disk usage: 18%
2025-08-27 17:00:02 - ✓ Disk space is adequate
2025-08-27 17:00:02 - Checking container status...
2025-08-27 17:00:02 - ✓ mariadb is running
2025-08-27 17:00:03 - ✓ postgresql is running
2025-08-27 17:00:03 - ✓ mongodb is running
2025-08-27 17:00:03 - ✓ redis is running
2025-08-27 17:00:03 - ✓ phpmyadmin is running
2025-08-27 17:00:03 - ✓ pgadmin is running
2025-08-27 17:00:03 - ✓ mongo-express is running
2025-08-27 17:00:03 - ✓ redis-commander is running
2025-08-27 17:00:03 - === END SUMMARY ===
2025-08-27 18:00:01 - === HEALTH CHECK SUMMARY ===
2025-08-27 18:00:01 - Checking MariaDB...
2025-08-27 18:00:01 - ✗ MariaDB is not responding
2025-08-27 18:00:01 - Checking PostgreSQL...
2025-08-27 18:00:01 - ✓ PostgreSQL is healthy
2025-08-27 18:00:01 -   - Active connections: 6
2025-08-27 18:00:01 - Checking MongoDB...
2025-08-27 18:00:01 - ✗ MongoDB is not responding
2025-08-27 18:00:01 - Checking Redis...
2025-08-27 18:00:02 - ✓ Redis is healthy
2025-08-27 18:00:02 -   - Memory usage: 1.13M
2025-08-27 18:00:02 -   - Connected clients: 2
2025-08-27 18:00:02 - Database Services: 2/4 healthy
2025-08-27 18:00:02 - Checking disk space...
2025-08-27 18:00:02 - Disk usage: 18%
2025-08-27 18:00:02 - ✓ Disk space is adequate
2025-08-27 18:00:02 - Checking container status...
2025-08-27 18:00:02 - ✓ mariadb is running
2025-08-27 18:00:02 - ✓ postgresql is running
2025-08-27 18:00:02 - ✓ mongodb is running
2025-08-27 18:00:02 - ✓ redis is running
2025-08-27 18:00:02 - ✓ phpmyadmin is running
2025-08-27 18:00:02 - ✓ pgadmin is running
2025-08-27 18:00:02 - ✓ mongo-express is running
2025-08-27 18:00:02 - ✓ redis-commander is running
2025-08-27 18:00:02 - === END SUMMARY ===
2025-08-27 19:00:01 - === HEALTH CHECK SUMMARY ===
2025-08-27 19:00:01 - Checking MariaDB...
2025-08-27 19:00:01 - ✗ MariaDB is not responding
2025-08-27 19:00:01 - Checking PostgreSQL...
2025-08-27 19:00:02 - ✓ PostgreSQL is healthy
2025-08-27 19:00:02 -   - Active connections: 6
2025-08-27 19:00:02 - Checking MongoDB...
2025-08-27 19:00:02 - ✗ MongoDB is not responding
2025-08-27 19:00:02 - Checking Redis...
2025-08-27 19:00:02 - ✓ Redis is healthy
2025-08-27 19:00:02 -   - Memory usage: 1.13M
2025-08-27 19:00:02 -   - Connected clients: 2
2025-08-27 19:00:02 - Database Services: 2/4 healthy
2025-08-27 19:00:02 - Checking disk space...
2025-08-27 19:00:02 - Disk usage: 18%
2025-08-27 19:00:02 - ✓ Disk space is adequate
2025-08-27 19:00:02 - Checking container status...
2025-08-27 19:00:02 - ✓ mariadb is running
2025-08-27 19:00:02 - ✓ postgresql is running
2025-08-27 19:00:02 - ✓ mongodb is running
2025-08-27 19:00:02 - ✓ redis is running
2025-08-27 19:00:02 - ✓ phpmyadmin is running
2025-08-27 19:00:03 - ✓ pgadmin is running
2025-08-27 19:00:03 - ✓ mongo-express is running
2025-08-27 19:00:03 - ✓ redis-commander is running
2025-08-27 19:00:03 - === END SUMMARY ===
2025-08-27 20:00:01 - === HEALTH CHECK SUMMARY ===
2025-08-27 20:00:01 - Checking MariaDB...
2025-08-27 20:00:01 - ✗ MariaDB is not responding
2025-08-27 20:00:01 - Checking PostgreSQL...
2025-08-27 20:00:01 - ✓ PostgreSQL is healthy
2025-08-27 20:00:01 -   - Active connections: 6
2025-08-27 20:00:01 - Checking MongoDB...
2025-08-27 20:00:01 - ✗ MongoDB is not responding
2025-08-27 20:00:01 - Checking Redis...
2025-08-27 20:00:01 - ✓ Redis is healthy
2025-08-27 20:00:01 -   - Memory usage: 1.13M
2025-08-27 20:00:02 -   - Connected clients: 2
2025-08-27 20:00:02 - Database Services: 2/4 healthy
2025-08-27 20:00:02 - Checking disk space...
2025-08-27 20:00:02 - Disk usage: 18%
2025-08-27 20:00:02 - ✓ Disk space is adequate
2025-08-27 20:00:02 - Checking container status...
2025-08-27 20:00:02 - ✓ mariadb is running
2025-08-27 20:00:02 - ✓ postgresql is running
2025-08-27 20:00:02 - ✓ mongodb is running
2025-08-27 20:00:02 - ✓ redis is running
2025-08-27 20:00:02 - ✓ phpmyadmin is running
2025-08-27 20:00:02 - ✓ pgadmin is running
2025-08-27 20:00:02 - ✓ mongo-express is running
2025-08-27 20:00:02 - ✓ redis-commander is running
2025-08-27 20:00:02 - === END SUMMARY ===
2025-08-27 21:00:01 - === HEALTH CHECK SUMMARY ===
2025-08-27 21:00:01 - Checking MariaDB...
2025-08-27 21:00:01 - ✗ MariaDB is not responding
2025-08-27 21:00:01 - Checking PostgreSQL...
2025-08-27 21:00:01 - ✓ PostgreSQL is healthy
2025-08-27 21:00:01 -   - Active connections: 6
2025-08-27 21:00:01 - Checking MongoDB...
2025-08-27 21:00:02 - ✗ MongoDB is not responding
2025-08-27 21:00:02 - Checking Redis...
2025-08-27 21:00:02 - ✓ Redis is healthy
2025-08-27 21:00:02 -   - Memory usage: 1.13M
2025-08-27 21:00:02 -   - Connected clients: 2
2025-08-27 21:00:02 - Database Services: 2/4 healthy
2025-08-27 21:00:02 - Checking disk space...
2025-08-27 21:00:02 - Disk usage: 18%
2025-08-27 21:00:02 - ✓ Disk space is adequate
2025-08-27 21:00:02 - Checking container status...
2025-08-27 21:00:02 - ✓ mariadb is running
2025-08-27 21:00:02 - ✓ postgresql is running
2025-08-27 21:00:02 - ✓ mongodb is running
2025-08-27 21:00:02 - ✓ redis is running
2025-08-27 21:00:02 - ✓ phpmyadmin is running
2025-08-27 21:00:02 - ✓ pgadmin is running
2025-08-27 21:00:02 - ✓ mongo-express is running
2025-08-27 21:00:02 - ✓ redis-commander is running
2025-08-27 21:00:02 - === END SUMMARY ===
2025-08-27 22:00:01 - === HEALTH CHECK SUMMARY ===
2025-08-27 22:00:01 - Checking MariaDB...
2025-08-27 22:00:02 - ✗ MariaDB is not responding
2025-08-27 22:00:02 - Checking PostgreSQL...
2025-08-27 22:00:02 - ✓ PostgreSQL is healthy
2025-08-27 22:00:02 -   - Active connections: 6
2025-08-27 22:00:02 - Checking MongoDB...
2025-08-27 22:00:02 - ✗ MongoDB is not responding
2025-08-27 22:00:02 - Checking Redis...
2025-08-27 22:00:02 - ✓ Redis is healthy
2025-08-27 22:00:02 -   - Memory usage: 1.13M
2025-08-27 22:00:02 -   - Connected clients: 2
2025-08-27 22:00:02 - Database Services: 2/4 healthy
2025-08-27 22:00:02 - Checking disk space...
2025-08-27 22:00:02 - Disk usage: 18%
2025-08-27 22:00:02 - ✓ Disk space is adequate
2025-08-27 22:00:02 - Checking container status...
2025-08-27 22:00:02 - ✓ mariadb is running
2025-08-27 22:00:02 - ✓ postgresql is running
2025-08-27 22:00:03 - ✓ mongodb is running
2025-08-27 22:00:03 - ✓ redis is running
2025-08-27 22:00:03 - ✓ phpmyadmin is running
2025-08-27 22:00:03 - ✓ pgadmin is running
2025-08-27 22:00:03 - ✓ mongo-express is running
2025-08-27 22:00:03 - ✓ redis-commander is running
2025-08-27 22:00:03 - === END SUMMARY ===
2025-08-27 23:00:01 - === HEALTH CHECK SUMMARY ===
2025-08-27 23:00:01 - Checking MariaDB...
2025-08-27 23:00:01 - ✗ MariaDB is not responding
2025-08-27 23:00:01 - Checking PostgreSQL...
2025-08-27 23:00:01 - ✓ PostgreSQL is healthy
2025-08-27 23:00:01 -   - Active connections: 6
2025-08-27 23:00:01 - Checking MongoDB...
2025-08-27 23:00:01 - ✗ MongoDB is not responding
2025-08-27 23:00:01 - Checking Redis...
2025-08-27 23:00:02 - ✓ Redis is healthy
2025-08-27 23:00:02 -   - Memory usage: 1.13M
2025-08-27 23:00:02 -   - Connected clients: 2
2025-08-27 23:00:02 - Database Services: 2/4 healthy
2025-08-27 23:00:02 - Checking disk space...
2025-08-27 23:00:02 - Disk usage: 18%
2025-08-27 23:00:02 - ✓ Disk space is adequate
2025-08-27 23:00:02 - Checking container status...
2025-08-27 23:00:02 - ✓ mariadb is running
2025-08-27 23:00:02 - ✓ postgresql is running
2025-08-27 23:00:02 - ✓ mongodb is running
2025-08-27 23:00:02 - ✓ redis is running
2025-08-27 23:00:02 - ✓ phpmyadmin is running
2025-08-27 23:00:02 - ✓ pgadmin is running
2025-08-27 23:00:02 - ✓ mongo-express is running
2025-08-27 23:00:02 - ✓ redis-commander is running
2025-08-27 23:00:02 - === END SUMMARY ===
2025-08-28 00:00:01 - === HEALTH CHECK SUMMARY ===
2025-08-28 00:00:01 - Checking MariaDB...
2025-08-28 00:00:01 - ✗ MariaDB is not responding
2025-08-28 00:00:01 - Checking PostgreSQL...
2025-08-28 00:00:01 - ✓ PostgreSQL is healthy
2025-08-28 00:00:02 -   - Active connections: 6
2025-08-28 00:00:02 - Checking MongoDB...
2025-08-28 00:00:02 - ✗ MongoDB is not responding
2025-08-28 00:00:02 - Checking Redis...
2025-08-28 00:00:02 - ✓ Redis is healthy
2025-08-28 00:00:02 -   - Memory usage: 1.13M
2025-08-28 00:00:02 -   - Connected clients: 2
2025-08-28 00:00:02 - Database Services: 2/4 healthy
2025-08-28 00:00:02 - Checking disk space...
2025-08-28 00:00:02 - Disk usage: 18%
2025-08-28 00:00:02 - ✓ Disk space is adequate
2025-08-28 00:00:02 - Checking container status...
2025-08-28 00:00:02 - ✓ mariadb is running
2025-08-28 00:00:02 - ✓ postgresql is running
2025-08-28 00:00:02 - ✓ mongodb is running
2025-08-28 00:00:02 - ✓ redis is running
2025-08-28 00:00:02 - ✓ phpmyadmin is running
2025-08-28 00:00:02 - ✓ pgadmin is running
2025-08-28 00:00:02 - ✓ mongo-express is running
2025-08-28 00:00:03 - ✓ redis-commander is running
2025-08-28 00:00:03 - === END SUMMARY ===
2025-08-28 01:00:01 - === HEALTH CHECK SUMMARY ===
2025-08-28 01:00:01 - Checking MariaDB...
2025-08-28 01:00:01 - ✗ MariaDB is not responding
2025-08-28 01:00:01 - Checking PostgreSQL...
2025-08-28 01:00:01 - ✓ PostgreSQL is healthy
2025-08-28 01:00:01 -   - Active connections: 6
2025-08-28 01:00:01 - Checking MongoDB...
2025-08-28 01:00:01 - ✗ MongoDB is not responding
2025-08-28 01:00:01 - Checking Redis...
2025-08-28 01:00:01 - ✓ Redis is healthy
2025-08-28 01:00:01 -   - Memory usage: 1.13M
2025-08-28 01:00:02 -   - Connected clients: 2
2025-08-28 01:00:02 - Database Services: 2/4 healthy
2025-08-28 01:00:02 - Checking disk space...
2025-08-28 01:00:02 - Disk usage: 18%
2025-08-28 01:00:02 - ✓ Disk space is adequate
2025-08-28 01:00:02 - Checking container status...
2025-08-28 01:00:02 - ✓ mariadb is running
2025-08-28 01:00:02 - ✓ postgresql is running
2025-08-28 01:00:02 - ✓ mongodb is running
2025-08-28 01:00:02 - ✓ redis is running
2025-08-28 01:00:02 - ✓ phpmyadmin is running
2025-08-28 01:00:02 - ✓ pgadmin is running
2025-08-28 01:00:02 - ✓ mongo-express is running
2025-08-28 01:00:02 - ✓ redis-commander is running
2025-08-28 01:00:02 - === END SUMMARY ===
2025-08-28 02:00:01 - === HEALTH CHECK SUMMARY ===
2025-08-28 02:00:01 - Checking MariaDB...
2025-08-28 02:00:01 - ✗ MariaDB is not responding
2025-08-28 02:00:01 - Checking PostgreSQL...
2025-08-28 02:00:01 - ✓ PostgreSQL is healthy
2025-08-28 02:00:01 -   - Active connections: 7
2025-08-28 02:00:01 - Checking MongoDB...
2025-08-28 02:00:02 - ✗ MongoDB is not responding
2025-08-28 02:00:02 - Checking Redis...
2025-08-28 02:00:02 - ✓ Redis is healthy
2025-08-28 02:00:02 -   - Memory usage: 1.13M
2025-08-28 02:00:02 -   - Connected clients: 2
2025-08-28 02:00:02 - Database Services: 2/4 healthy
2025-08-28 02:00:02 - Checking disk space...
2025-08-28 02:00:02 - Disk usage: 18%
2025-08-28 02:00:02 - ✓ Disk space is adequate
2025-08-28 02:00:02 - Checking container status...
2025-08-28 02:00:02 - ✓ mariadb is running
2025-08-28 02:00:02 - ✓ postgresql is running
2025-08-28 02:00:02 - ✓ mongodb is running
2025-08-28 02:00:02 - ✓ redis is running
2025-08-28 02:00:02 - ✓ phpmyadmin is running
2025-08-28 02:00:02 - ✓ pgadmin is running
2025-08-28 02:00:02 - ✓ mongo-express is running
2025-08-28 02:00:02 - ✓ redis-commander is running
2025-08-28 02:00:02 - === END SUMMARY ===
2025-08-28 03:00:01 - === HEALTH CHECK SUMMARY ===
2025-08-28 03:00:01 - Checking MariaDB...
2025-08-28 03:00:01 - ✗ MariaDB is not responding
2025-08-28 03:00:01 - Checking PostgreSQL...
2025-08-28 03:00:01 - ✓ PostgreSQL is healthy
2025-08-28 03:00:01 -   - Active connections: 6
2025-08-28 03:00:01 - Checking MongoDB...
2025-08-28 03:00:02 - ✗ MongoDB is not responding
2025-08-28 03:00:02 - Checking Redis...
2025-08-28 03:00:02 - ✓ Redis is healthy
2025-08-28 03:00:02 -   - Memory usage: 1.13M
2025-08-28 03:00:02 -   - Connected clients: 2
2025-08-28 03:00:02 - Database Services: 2/4 healthy
2025-08-28 03:00:02 - Checking disk space...
2025-08-28 03:00:02 - Disk usage: 18%
2025-08-28 03:00:02 - ✓ Disk space is adequate
2025-08-28 03:00:02 - Checking container status...
2025-08-28 03:00:02 - ✓ mariadb is running
2025-08-28 03:00:02 - ✓ postgresql is running
2025-08-28 03:00:02 - ✓ mongodb is running
2025-08-28 03:00:02 - ✓ redis is running
2025-08-28 03:00:02 - ✓ phpmyadmin is running
2025-08-28 03:00:02 - ✓ pgadmin is running
2025-08-28 03:00:02 - ✓ mongo-express is running
2025-08-28 03:00:02 - ✓ redis-commander is running
2025-08-28 03:00:02 - === END SUMMARY ===
2025-08-28 04:00:01 - === HEALTH CHECK SUMMARY ===
2025-08-28 04:00:01 - Checking MariaDB...
2025-08-28 04:00:02 - ✗ MariaDB is not responding
2025-08-28 04:00:02 - Checking PostgreSQL...
2025-08-28 04:00:02 - ✓ PostgreSQL is healthy
2025-08-28 04:00:02 -   - Active connections: 6
2025-08-28 04:00:02 - Checking MongoDB...
2025-08-28 04:00:02 - ✗ MongoDB is not responding
2025-08-28 04:00:02 - Checking Redis...
2025-08-28 04:00:02 - ✓ Redis is healthy
2025-08-28 04:00:02 -   - Memory usage: 1.13M
2025-08-28 04:00:02 -   - Connected clients: 2
2025-08-28 04:00:02 - Database Services: 2/4 healthy
2025-08-28 04:00:02 - Checking disk space...
2025-08-28 04:00:02 - Disk usage: 18%
2025-08-28 04:00:02 - ✓ Disk space is adequate
2025-08-28 04:00:02 - Checking container status...
2025-08-28 04:00:02 - ✓ mariadb is running
2025-08-28 04:00:03 - ✓ postgresql is running
2025-08-28 04:00:03 - ✓ mongodb is running
2025-08-28 04:00:03 - ✓ redis is running
2025-08-28 04:00:03 - ✓ phpmyadmin is running
2025-08-28 04:00:03 - ✓ pgadmin is running
2025-08-28 04:00:03 - ✓ mongo-express is running
2025-08-28 04:00:03 - ✓ redis-commander is running
2025-08-28 04:00:03 - === END SUMMARY ===
2025-08-28 05:00:01 - === HEALTH CHECK SUMMARY ===
2025-08-28 05:00:01 - Checking MariaDB...
2025-08-28 05:00:01 - ✗ MariaDB is not responding
2025-08-28 05:00:01 - Checking PostgreSQL...
2025-08-28 05:00:01 - ✓ PostgreSQL is healthy
2025-08-28 05:00:01 -   - Active connections: 6
2025-08-28 05:00:01 - Checking MongoDB...
2025-08-28 05:00:01 - ✗ MongoDB is not responding
2025-08-28 05:00:01 - Checking Redis...
2025-08-28 05:00:02 - ✓ Redis is healthy
2025-08-28 05:00:02 -   - Memory usage: 1.13M
2025-08-28 05:00:02 -   - Connected clients: 2
2025-08-28 05:00:02 - Database Services: 2/4 healthy
2025-08-28 05:00:02 - Checking disk space...
2025-08-28 05:00:02 - Disk usage: 19%
2025-08-28 05:00:02 - ✓ Disk space is adequate
2025-08-28 05:00:02 - Checking container status...
2025-08-28 05:00:02 - ✓ mariadb is running
2025-08-28 05:00:02 - ✓ postgresql is running
2025-08-28 05:00:02 - ✓ mongodb is running
2025-08-28 05:00:02 - ✓ redis is running
2025-08-28 05:00:02 - ✓ phpmyadmin is running
2025-08-28 05:00:02 - ✓ pgadmin is running
2025-08-28 05:00:02 - ✓ mongo-express is running
2025-08-28 05:00:02 - ✓ redis-commander is running
2025-08-28 05:00:02 - === END SUMMARY ===
2025-08-28 06:00:01 - === HEALTH CHECK SUMMARY ===
2025-08-28 06:00:01 - Checking MariaDB...
2025-08-28 06:00:01 - ✗ MariaDB is not responding
2025-08-28 06:00:01 - Checking PostgreSQL...
2025-08-28 06:00:02 - ✓ PostgreSQL is healthy
2025-08-28 06:00:02 -   - Active connections: 6
2025-08-28 06:00:02 - Checking MongoDB...
2025-08-28 06:00:02 - ✗ MongoDB is not responding
2025-08-28 06:00:02 - Checking Redis...
2025-08-28 06:00:02 - ✓ Redis is healthy
2025-08-28 06:00:02 -   - Memory usage: 1.13M
2025-08-28 06:00:02 -   - Connected clients: 2
2025-08-28 06:00:02 - Database Services: 2/4 healthy
2025-08-28 06:00:02 - Checking disk space...
2025-08-28 06:00:02 - Disk usage: 19%
2025-08-28 06:00:02 - ✓ Disk space is adequate
2025-08-28 06:00:02 - Checking container status...
2025-08-28 06:00:02 - ✓ mariadb is running
2025-08-28 06:00:02 - ✓ postgresql is running
2025-08-28 06:00:02 - ✓ mongodb is running
2025-08-28 06:00:02 - ✓ redis is running
2025-08-28 06:00:02 - ✓ phpmyadmin is running
2025-08-28 06:00:03 - ✓ pgadmin is running
2025-08-28 06:00:03 - ✓ mongo-express is running
2025-08-28 06:00:03 - ✓ redis-commander is running
2025-08-28 06:00:03 - === END SUMMARY ===
2025-08-28 07:00:01 - === HEALTH CHECK SUMMARY ===
2025-08-28 07:00:01 - Checking MariaDB...
2025-08-28 07:00:01 - ✗ MariaDB is not responding
2025-08-28 07:00:01 - Checking PostgreSQL...
2025-08-28 07:00:01 - ✓ PostgreSQL is healthy
2025-08-28 07:00:01 -   - Active connections: 6
2025-08-28 07:00:01 - Checking MongoDB...
2025-08-28 07:00:01 - ✗ MongoDB is not responding
2025-08-28 07:00:01 - Checking Redis...
2025-08-28 07:00:01 - ✓ Redis is healthy
2025-08-28 07:00:02 -   - Memory usage: 1.13M
2025-08-28 07:00:02 -   - Connected clients: 2
2025-08-28 07:00:02 - Database Services: 2/4 healthy
2025-08-28 07:00:02 - Checking disk space...
2025-08-28 07:00:02 - Disk usage: 19%
2025-08-28 07:00:02 - ✓ Disk space is adequate
2025-08-28 07:00:02 - Checking container status...
2025-08-28 07:00:02 - ✓ mariadb is running
2025-08-28 07:00:02 - ✓ postgresql is running
2025-08-28 07:00:02 - ✓ mongodb is running
2025-08-28 07:00:02 - ✓ redis is running
2025-08-28 07:00:02 - ✓ phpmyadmin is running
2025-08-28 07:00:02 - ✓ pgadmin is running
2025-08-28 07:00:02 - ✓ mongo-express is running
2025-08-28 07:00:02 - ✓ redis-commander is running
2025-08-28 07:00:02 - === END SUMMARY ===
2025-08-28 08:00:01 - === HEALTH CHECK SUMMARY ===
2025-08-28 08:00:01 - Checking MariaDB...
2025-08-28 08:00:01 - ✗ MariaDB is not responding
2025-08-28 08:00:01 - Checking PostgreSQL...
2025-08-28 08:00:01 - ✓ PostgreSQL is healthy
2025-08-28 08:00:02 -   - Active connections: 6
2025-08-28 08:00:02 - Checking MongoDB...
2025-08-28 08:00:02 - ✗ MongoDB is not responding
2025-08-28 08:00:02 - Checking Redis...
2025-08-28 08:00:02 - ✓ Redis is healthy
2025-08-28 08:00:02 -   - Memory usage: 1.13M
2025-08-28 08:00:02 -   - Connected clients: 2
2025-08-28 08:00:02 - Database Services: 2/4 healthy
2025-08-28 08:00:02 - Checking disk space...
2025-08-28 08:00:02 - Disk usage: 19%
2025-08-28 08:00:02 - ✓ Disk space is adequate
2025-08-28 08:00:02 - Checking container status...
2025-08-28 08:00:02 - ✓ mariadb is running
2025-08-28 08:00:02 - ✓ postgresql is running
2025-08-28 08:00:02 - ✓ mongodb is running
2025-08-28 08:00:02 - ✓ redis is running
2025-08-28 08:00:02 - ✓ phpmyadmin is running
2025-08-28 08:00:02 - ✓ pgadmin is running
2025-08-28 08:00:02 - ✓ mongo-express is running
2025-08-28 08:00:02 - ✓ redis-commander is running
2025-08-28 08:00:02 - === END SUMMARY ===
2025-08-28 09:00:01 - === HEALTH CHECK SUMMARY ===
2025-08-28 09:00:01 - Checking MariaDB...
2025-08-28 09:00:01 - ✗ MariaDB is not responding
2025-08-28 09:00:01 - Checking PostgreSQL...
2025-08-28 09:00:01 - ✓ PostgreSQL is healthy
2025-08-28 09:00:01 -   - Active connections: 6
2025-08-28 09:00:01 - Checking MongoDB...
2025-08-28 09:00:01 - ✗ MongoDB is not responding
2025-08-28 09:00:01 - Checking Redis...
2025-08-28 09:00:01 - ✓ Redis is healthy
2025-08-28 09:00:01 -   - Memory usage: 1.13M
2025-08-28 09:00:01 -   - Connected clients: 2
2025-08-28 09:00:01 - Database Services: 2/4 healthy
2025-08-28 09:00:01 - Checking disk space...
2025-08-28 09:00:01 - Disk usage: 19%
2025-08-28 09:00:01 - ✓ Disk space is adequate
2025-08-28 09:00:01 - Checking container status...
2025-08-28 09:00:02 - ✓ mariadb is running
2025-08-28 09:00:02 - ✓ postgresql is running
2025-08-28 09:00:02 - ✓ mongodb is running
2025-08-28 09:00:02 - ✓ redis is running
2025-08-28 09:00:02 - ✓ phpmyadmin is running
2025-08-28 09:00:02 - ✓ pgadmin is running
2025-08-28 09:00:02 - ✓ mongo-express is running
2025-08-28 09:00:02 - ✓ redis-commander is running
2025-08-28 09:00:02 - === END SUMMARY ===
2025-08-28 10:00:01 - === HEALTH CHECK SUMMARY ===
2025-08-28 10:00:01 - Checking MariaDB...
2025-08-28 10:00:01 - ✗ MariaDB is not responding
2025-08-28 10:00:01 - Checking PostgreSQL...
2025-08-28 10:00:01 - ✓ PostgreSQL is healthy
2025-08-28 10:00:01 -   - Active connections: 6
2025-08-28 10:00:01 - Checking MongoDB...
2025-08-28 10:00:02 - ✗ MongoDB is not responding
2025-08-28 10:00:02 - Checking Redis...
2025-08-28 10:00:02 - ✓ Redis is healthy
2025-08-28 10:00:02 -   - Memory usage: 1.13M
2025-08-28 10:00:02 -   - Connected clients: 2
2025-08-28 10:00:02 - Database Services: 2/4 healthy
2025-08-28 10:00:02 - Checking disk space...
2025-08-28 10:00:02 - Disk usage: 19%
2025-08-28 10:00:02 - ✓ Disk space is adequate
2025-08-28 10:00:02 - Checking container status...
2025-08-28 10:00:02 - ✓ mariadb is running
2025-08-28 10:00:02 - ✓ postgresql is running
2025-08-28 10:00:02 - ✓ mongodb is running
2025-08-28 10:00:02 - ✓ redis is running
2025-08-28 10:00:02 - ✓ phpmyadmin is running
2025-08-28 10:00:02 - ✓ pgadmin is running
2025-08-28 10:00:02 - ✓ mongo-express is running
2025-08-28 10:00:02 - ✓ redis-commander is running
2025-08-28 10:00:02 - === END SUMMARY ===
2025-08-28 11:00:01 - === HEALTH CHECK SUMMARY ===
2025-08-28 11:00:01 - Checking MariaDB...
2025-08-28 11:00:01 - ✗ MariaDB is not responding
2025-08-28 11:00:01 - Checking PostgreSQL...
2025-08-28 11:00:02 - ✓ PostgreSQL is healthy
2025-08-28 11:00:02 -   - Active connections: 6
2025-08-28 11:00:02 - Checking MongoDB...
2025-08-28 11:00:02 - ✗ MongoDB is not responding
2025-08-28 11:00:02 - Checking Redis...
2025-08-28 11:00:02 - ✓ Redis is healthy
2025-08-28 11:00:02 -   - Memory usage: 1.13M
2025-08-28 11:00:02 -   - Connected clients: 2
2025-08-28 11:00:02 - Database Services: 2/4 healthy
2025-08-28 11:00:02 - Checking disk space...
2025-08-28 11:00:02 - Disk usage: 19%
2025-08-28 11:00:02 - ✓ Disk space is adequate
2025-08-28 11:00:02 - Checking container status...
2025-08-28 11:00:02 - ✓ mariadb is running
2025-08-28 11:00:02 - ✓ postgresql is running
2025-08-28 11:00:02 - ✓ mongodb is running
2025-08-28 11:00:02 - ✓ redis is running
2025-08-28 11:00:03 - ✓ phpmyadmin is running
2025-08-28 11:00:03 - ✓ pgadmin is running
2025-08-28 11:00:03 - ✓ mongo-express is running
2025-08-28 11:00:03 - ✓ redis-commander is running
2025-08-28 11:00:03 - === END SUMMARY ===
2025-08-28 12:00:01 - === HEALTH CHECK SUMMARY ===
2025-08-28 12:00:01 - Checking MariaDB...
2025-08-28 12:00:01 - ✗ MariaDB is not responding
2025-08-28 12:00:01 - Checking PostgreSQL...
2025-08-28 12:00:01 - ✓ PostgreSQL is healthy
2025-08-28 12:00:01 -   - Active connections: 6
2025-08-28 12:00:01 - Checking MongoDB...
2025-08-28 12:00:01 - ✗ MongoDB is not responding
2025-08-28 12:00:01 - Checking Redis...
2025-08-28 12:00:01 - ✓ Redis is healthy
2025-08-28 12:00:02 -   - Memory usage: 1.13M
2025-08-28 12:00:02 -   - Connected clients: 2
2025-08-28 12:00:02 - Database Services: 2/4 healthy
2025-08-28 12:00:02 - Checking disk space...
2025-08-28 12:00:02 - Disk usage: 19%
2025-08-28 12:00:02 - ✓ Disk space is adequate
2025-08-28 12:00:02 - Checking container status...
2025-08-28 12:00:02 - ✓ mariadb is running
2025-08-28 12:00:02 - ✓ postgresql is running
2025-08-28 12:00:02 - ✓ mongodb is running
2025-08-28 12:00:02 - ✓ redis is running
2025-08-28 12:00:02 - ✓ phpmyadmin is running
2025-08-28 12:00:02 - ✓ pgadmin is running
2025-08-28 12:00:02 - ✓ mongo-express is running
2025-08-28 12:00:02 - ✓ redis-commander is running
2025-08-28 12:00:02 - === END SUMMARY ===
2025-08-28 13:00:01 - === HEALTH CHECK SUMMARY ===
2025-08-28 13:00:01 - Checking MariaDB...
2025-08-28 13:00:01 - ✗ MariaDB is not responding
2025-08-28 13:00:01 - Checking PostgreSQL...
2025-08-28 13:00:01 - ✓ PostgreSQL is healthy
2025-08-28 13:00:02 -   - Active connections: 6
2025-08-28 13:00:02 - Checking MongoDB...
2025-08-28 13:00:02 - ✗ MongoDB is not responding
2025-08-28 13:00:02 - Checking Redis...
2025-08-28 13:00:02 - ✓ Redis is healthy
2025-08-28 13:00:02 -   - Memory usage: 1.13M
2025-08-28 13:00:02 -   - Connected clients: 2
2025-08-28 13:00:02 - Database Services: 2/4 healthy
2025-08-28 13:00:02 - Checking disk space...
2025-08-28 13:00:02 - Disk usage: 19%
2025-08-28 13:00:02 - ✓ Disk space is adequate
2025-08-28 13:00:02 - Checking container status...
2025-08-28 13:00:02 - ✓ mariadb is running
2025-08-28 13:00:02 - ✓ postgresql is running
2025-08-28 13:00:02 - ✓ mongodb is running
2025-08-28 13:00:02 - ✓ redis is running
2025-08-28 13:00:02 - ✓ phpmyadmin is running
2025-08-28 13:00:02 - ✓ pgadmin is running
2025-08-28 13:00:02 - ✓ mongo-express is running
2025-08-28 13:00:02 - ✓ redis-commander is running
2025-08-28 13:00:02 - === END SUMMARY ===
2025-08-28 14:00:01 - === HEALTH CHECK SUMMARY ===
2025-08-28 14:00:01 - Checking MariaDB...
2025-08-28 14:00:01 - ✗ MariaDB is not responding
2025-08-28 14:00:01 - Checking PostgreSQL...
2025-08-28 14:00:01 - ✓ PostgreSQL is healthy
2025-08-28 14:00:01 -   - Active connections: 6
2025-08-28 14:00:01 - Checking MongoDB...
2025-08-28 14:00:01 - ✗ MongoDB is not responding
2025-08-28 14:00:01 - Checking Redis...
2025-08-28 14:00:01 - ✓ Redis is healthy
2025-08-28 14:00:01 -   - Memory usage: 1.13M
2025-08-28 14:00:01 -   - Connected clients: 2
2025-08-28 14:00:01 - Database Services: 2/4 healthy
2025-08-28 14:00:01 - Checking disk space...
2025-08-28 14:00:01 - Disk usage: 19%
2025-08-28 14:00:01 - ✓ Disk space is adequate
2025-08-28 14:00:01 - Checking container status...
2025-08-28 14:00:01 - ✓ mariadb is running
2025-08-28 14:00:02 - ✓ postgresql is running
2025-08-28 14:00:02 - ✓ mongodb is running
2025-08-28 14:00:02 - ✓ redis is running
2025-08-28 14:00:02 - ✓ phpmyadmin is running
2025-08-28 14:00:02 - ✓ pgadmin is running
2025-08-28 14:00:02 - ✓ mongo-express is running
2025-08-28 14:00:02 - ✓ redis-commander is running
2025-08-28 14:00:02 - === END SUMMARY ===
2025-08-28 15:00:01 - === HEALTH CHECK SUMMARY ===
2025-08-28 15:00:01 - Checking MariaDB...
2025-08-28 15:00:01 - ✗ MariaDB is not responding
2025-08-28 15:00:01 - Checking PostgreSQL...
2025-08-28 15:00:01 - ✓ PostgreSQL is healthy
2025-08-28 15:00:01 -   - Active connections: 6
2025-08-28 15:00:01 - Checking MongoDB...
2025-08-28 15:00:01 - ✗ MongoDB is not responding
2025-08-28 15:00:01 - Checking Redis...
2025-08-28 15:00:02 - ✓ Redis is healthy
2025-08-28 15:00:02 -   - Memory usage: 1.13M
2025-08-28 15:00:02 -   - Connected clients: 2
2025-08-28 15:00:02 - Database Services: 2/4 healthy
2025-08-28 15:00:02 - Checking disk space...
2025-08-28 15:00:02 - Disk usage: 19%
2025-08-28 15:00:02 - ✓ Disk space is adequate
2025-08-28 15:00:02 - Checking container status...
2025-08-28 15:00:02 - ✓ mariadb is running
2025-08-28 15:00:02 - ✓ postgresql is running
2025-08-28 15:00:02 - ✓ mongodb is running
2025-08-28 15:00:02 - ✓ redis is running
2025-08-28 15:00:02 - ✓ phpmyadmin is running
2025-08-28 15:00:02 - ✓ pgadmin is running
2025-08-28 15:00:02 - ✓ mongo-express is running
2025-08-28 15:00:02 - ✓ redis-commander is running
2025-08-28 15:00:02 - === END SUMMARY ===
2025-08-28 16:00:01 - === HEALTH CHECK SUMMARY ===
2025-08-28 16:00:01 - Checking MariaDB...
2025-08-28 16:00:01 - ✗ MariaDB is not responding
2025-08-28 16:00:01 - Checking PostgreSQL...
2025-08-28 16:00:02 - ✓ PostgreSQL is healthy
2025-08-28 16:00:02 -   - Active connections: 6
2025-08-28 16:00:02 - Checking MongoDB...
2025-08-28 16:00:02 - ✗ MongoDB is not responding
2025-08-28 16:00:02 - Checking Redis...
2025-08-28 16:00:02 - ✓ Redis is healthy
2025-08-28 16:00:02 -   - Memory usage: 1.13M
2025-08-28 16:00:02 -   - Connected clients: 2
2025-08-28 16:00:02 - Database Services: 2/4 healthy
2025-08-28 16:00:02 - Checking disk space...
2025-08-28 16:00:02 - Disk usage: 19%
2025-08-28 16:00:02 - ✓ Disk space is adequate
2025-08-28 16:00:02 - Checking container status...
2025-08-28 16:00:02 - ✓ mariadb is running
2025-08-28 16:00:02 - ✓ postgresql is running
2025-08-28 16:00:02 - ✓ mongodb is running
2025-08-28 16:00:02 - ✓ redis is running
2025-08-28 16:00:02 - ✓ phpmyadmin is running
2025-08-28 16:00:03 - ✓ pgadmin is running
2025-08-28 16:00:03 - ✓ mongo-express is running
2025-08-28 16:00:03 - ✓ redis-commander is running
2025-08-28 16:00:03 - === END SUMMARY ===
2025-08-28 17:00:01 - === HEALTH CHECK SUMMARY ===
2025-08-28 17:00:01 - Checking MariaDB...
2025-08-28 17:00:01 - ✗ MariaDB is not responding
2025-08-28 17:00:01 - Checking PostgreSQL...
2025-08-28 17:00:01 - ✓ PostgreSQL is healthy
2025-08-28 17:00:01 -   - Active connections: 6
2025-08-28 17:00:01 - Checking MongoDB...
2025-08-28 17:00:01 - ✗ MongoDB is not responding
2025-08-28 17:00:01 - Checking Redis...
2025-08-28 17:00:01 - ✓ Redis is healthy
2025-08-28 17:00:01 -   - Memory usage: 1.13M
2025-08-28 17:00:02 -   - Connected clients: 2
2025-08-28 17:00:02 - Database Services: 2/4 healthy
2025-08-28 17:00:02 - Checking disk space...
2025-08-28 17:00:02 - Disk usage: 19%
2025-08-28 17:00:02 - ✓ Disk space is adequate
2025-08-28 17:00:02 - Checking container status...
2025-08-28 17:00:02 - ✓ mariadb is running
2025-08-28 17:00:02 - ✓ postgresql is running
2025-08-28 17:00:02 - ✓ mongodb is running
2025-08-28 17:00:02 - ✓ redis is running
2025-08-28 17:00:02 - ✓ phpmyadmin is running
2025-08-28 17:00:02 - ✓ pgadmin is running
2025-08-28 17:00:02 - ✓ mongo-express is running
2025-08-28 17:00:02 - ✓ redis-commander is running
2025-08-28 17:00:02 - === END SUMMARY ===
2025-08-28 18:00:01 - === HEALTH CHECK SUMMARY ===
2025-08-28 18:00:01 - Checking MariaDB...
2025-08-28 18:00:01 - ✗ MariaDB is not responding
2025-08-28 18:00:01 - Checking PostgreSQL...
2025-08-28 18:00:01 - ✓ PostgreSQL is healthy
2025-08-28 18:00:02 -   - Active connections: 6
2025-08-28 18:00:02 - Checking MongoDB...
2025-08-28 18:00:02 - ✗ MongoDB is not responding
2025-08-28 18:00:02 - Checking Redis...
2025-08-28 18:00:02 - ✓ Redis is healthy
2025-08-28 18:00:02 -   - Memory usage: 1.13M
2025-08-28 18:00:02 -   - Connected clients: 2
2025-08-28 18:00:02 - Database Services: 2/4 healthy
2025-08-28 18:00:02 - Checking disk space...
2025-08-28 18:00:02 - Disk usage: 19%
2025-08-28 18:00:02 - ✓ Disk space is adequate
2025-08-28 18:00:02 - Checking container status...
2025-08-28 18:00:02 - ✓ mariadb is running
2025-08-28 18:00:02 - ✓ postgresql is running
2025-08-28 18:00:02 - ✓ mongodb is running
2025-08-28 18:00:02 - ✓ redis is running
2025-08-28 18:00:02 - ✓ phpmyadmin is running
2025-08-28 18:00:02 - ✓ pgadmin is running
2025-08-28 18:00:02 - ✓ mongo-express is running
2025-08-28 18:00:02 - ✓ redis-commander is running
2025-08-28 18:00:02 - === END SUMMARY ===
2025-08-28 19:00:01 - === HEALTH CHECK SUMMARY ===
2025-08-28 19:00:01 - Checking MariaDB...
2025-08-28 19:00:02 - ✗ MariaDB is not responding
2025-08-28 19:00:02 - Checking PostgreSQL...
2025-08-28 19:00:02 - ✓ PostgreSQL is healthy
2025-08-28 19:00:02 -   - Active connections: 6
2025-08-28 19:00:02 - Checking MongoDB...
2025-08-28 19:00:02 - ✗ MongoDB is not responding
2025-08-28 19:00:02 - Checking Redis...
2025-08-28 19:00:02 - ✓ Redis is healthy
2025-08-28 19:00:02 -   - Memory usage: 1.13M
2025-08-28 19:00:02 -   - Connected clients: 2
2025-08-28 19:00:02 - Database Services: 2/4 healthy
2025-08-28 19:00:02 - Checking disk space...
2025-08-28 19:00:02 - Disk usage: 19%
2025-08-28 19:00:02 - ✓ Disk space is adequate
2025-08-28 19:00:02 - Checking container status...
2025-08-28 19:00:02 - ✓ mariadb is running
2025-08-28 19:00:02 - ✓ postgresql is running
2025-08-28 19:00:03 - ✓ mongodb is running
2025-08-28 19:00:03 - ✓ redis is running
2025-08-28 19:00:03 - ✓ phpmyadmin is running
2025-08-28 19:00:03 - ✓ pgadmin is running
2025-08-28 19:00:03 - ✓ mongo-express is running
2025-08-28 19:00:03 - ✓ redis-commander is running
2025-08-28 19:00:03 - === END SUMMARY ===
2025-08-28 20:00:01 - === HEALTH CHECK SUMMARY ===
2025-08-28 20:00:01 - Checking MariaDB...
2025-08-28 20:00:01 - ✗ MariaDB is not responding
2025-08-28 20:00:01 - Checking PostgreSQL...
2025-08-28 20:00:01 - ✓ PostgreSQL is healthy
2025-08-28 20:00:01 -   - Active connections: 6
2025-08-28 20:00:01 - Checking MongoDB...
2025-08-28 20:00:01 - ✗ MongoDB is not responding
2025-08-28 20:00:01 - Checking Redis...
2025-08-28 20:00:02 - ✓ Redis is healthy
2025-08-28 20:00:02 -   - Memory usage: 1.13M
2025-08-28 20:00:02 -   - Connected clients: 2
2025-08-28 20:00:02 - Database Services: 2/4 healthy
2025-08-28 20:00:02 - Checking disk space...
2025-08-28 20:00:02 - Disk usage: 19%
2025-08-28 20:00:02 - ✓ Disk space is adequate
2025-08-28 20:00:02 - Checking container status...
2025-08-28 20:00:02 - ✓ mariadb is running
2025-08-28 20:00:02 - ✓ postgresql is running
2025-08-28 20:00:02 - ✓ mongodb is running
2025-08-28 20:00:02 - ✓ redis is running
2025-08-28 20:00:02 - ✓ phpmyadmin is running
2025-08-28 20:00:02 - ✓ pgadmin is running
2025-08-28 20:00:02 - ✓ mongo-express is running
2025-08-28 20:00:02 - ✓ redis-commander is running
2025-08-28 20:00:02 - === END SUMMARY ===
2025-08-28 21:00:01 - === HEALTH CHECK SUMMARY ===
2025-08-28 21:00:01 - Checking MariaDB...
2025-08-28 21:00:01 - ✗ MariaDB is not responding
2025-08-28 21:00:01 - Checking PostgreSQL...
2025-08-28 21:00:02 - ✓ PostgreSQL is healthy
2025-08-28 21:00:02 -   - Active connections: 6
2025-08-28 21:00:02 - Checking MongoDB...
2025-08-28 21:00:02 - ✗ MongoDB is not responding
2025-08-28 21:00:02 - Checking Redis...
2025-08-28 21:00:02 - ✓ Redis is healthy
2025-08-28 21:00:02 -   - Memory usage: 1.13M
2025-08-28 21:00:02 -   - Connected clients: 2
2025-08-28 21:00:02 - Database Services: 2/4 healthy
2025-08-28 21:00:02 - Checking disk space...
2025-08-28 21:00:02 - Disk usage: 19%
2025-08-28 21:00:02 - ✓ Disk space is adequate
2025-08-28 21:00:02 - Checking container status...
2025-08-28 21:00:02 - ✓ mariadb is running
2025-08-28 21:00:02 - ✓ postgresql is running
2025-08-28 21:00:02 - ✓ mongodb is running
2025-08-28 21:00:02 - ✓ redis is running
2025-08-28 21:00:02 - ✓ phpmyadmin is running
2025-08-28 21:00:03 - ✓ pgadmin is running
2025-08-28 21:00:03 - ✓ mongo-express is running
2025-08-28 21:00:03 - ✓ redis-commander is running
2025-08-28 21:00:03 - === END SUMMARY ===
2025-08-28 22:00:01 - === HEALTH CHECK SUMMARY ===
2025-08-28 22:00:01 - Checking MariaDB...
2025-08-28 22:00:01 - ✗ MariaDB is not responding
2025-08-28 22:00:01 - Checking PostgreSQL...
2025-08-28 22:00:01 - ✓ PostgreSQL is healthy
2025-08-28 22:00:01 -   - Active connections: 6
2025-08-28 22:00:01 - Checking MongoDB...
2025-08-28 22:00:01 - ✗ MongoDB is not responding
2025-08-28 22:00:01 - Checking Redis...
2025-08-28 22:00:01 - ✓ Redis is healthy
2025-08-28 22:00:02 -   - Memory usage: 1.13M
2025-08-28 22:00:02 -   - Connected clients: 2
2025-08-28 22:00:02 - Database Services: 2/4 healthy
2025-08-28 22:00:02 - Checking disk space...
2025-08-28 22:00:02 - Disk usage: 19%
2025-08-28 22:00:02 - ✓ Disk space is adequate
2025-08-28 22:00:02 - Checking container status...
2025-08-28 22:00:02 - ✓ mariadb is running
2025-08-28 22:00:02 - ✓ postgresql is running
2025-08-28 22:00:02 - ✓ mongodb is running
2025-08-28 22:00:02 - ✓ redis is running
2025-08-28 22:00:02 - ✓ phpmyadmin is running
2025-08-28 22:00:02 - ✓ pgadmin is running
2025-08-28 22:00:02 - ✓ mongo-express is running
2025-08-28 22:00:02 - ✓ redis-commander is running
2025-08-28 22:00:02 - === END SUMMARY ===
2025-08-28 23:00:01 - === HEALTH CHECK SUMMARY ===
2025-08-28 23:00:01 - Checking MariaDB...
2025-08-28 23:00:01 - ✗ MariaDB is not responding
2025-08-28 23:00:01 - Checking PostgreSQL...
2025-08-28 23:00:02 - ✓ PostgreSQL is healthy
2025-08-28 23:00:02 -   - Active connections: 6
2025-08-28 23:00:02 - Checking MongoDB...
2025-08-28 23:00:02 - ✗ MongoDB is not responding
2025-08-28 23:00:02 - Checking Redis...
2025-08-28 23:00:02 - ✓ Redis is healthy
2025-08-28 23:00:02 -   - Memory usage: 1.13M
2025-08-28 23:00:02 -   - Connected clients: 2
2025-08-28 23:00:02 - Database Services: 2/4 healthy
2025-08-28 23:00:02 - Checking disk space...
2025-08-28 23:00:02 - Disk usage: 19%
2025-08-28 23:00:02 - ✓ Disk space is adequate
2025-08-28 23:00:02 - Checking container status...
2025-08-28 23:00:02 - ✓ mariadb is running
2025-08-28 23:00:02 - ✓ postgresql is running
2025-08-28 23:00:02 - ✓ mongodb is running
2025-08-28 23:00:02 - ✓ redis is running
2025-08-28 23:00:02 - ✓ phpmyadmin is running
2025-08-28 23:00:02 - ✓ pgadmin is running
2025-08-28 23:00:03 - ✓ mongo-express is running
2025-08-28 23:00:03 - ✓ redis-commander is running
2025-08-28 23:00:03 - === END SUMMARY ===
2025-08-29 00:00:01 - === HEALTH CHECK SUMMARY ===
2025-08-29 00:00:01 - Checking MariaDB...
2025-08-29 00:00:01 - ✗ MariaDB is not responding
2025-08-29 00:00:01 - Checking PostgreSQL...
2025-08-29 00:00:01 - ✓ PostgreSQL is healthy
2025-08-29 00:00:01 -   - Active connections: 6
2025-08-29 00:00:01 - Checking MongoDB...
2025-08-29 00:00:01 - ✗ MongoDB is not responding
2025-08-29 00:00:01 - Checking Redis...
2025-08-29 00:00:01 - ✓ Redis is healthy
2025-08-29 00:00:01 -   - Memory usage: 1.13M
2025-08-29 00:00:02 -   - Connected clients: 2
2025-08-29 00:00:02 - Database Services: 2/4 healthy
2025-08-29 00:00:02 - Checking disk space...
2025-08-29 00:00:02 - Disk usage: 19%
2025-08-29 00:00:02 - ✓ Disk space is adequate
2025-08-29 00:00:02 - Checking container status...
2025-08-29 00:00:02 - ✓ mariadb is running
2025-08-29 00:00:02 - ✓ postgresql is running
2025-08-29 00:00:02 - ✓ mongodb is running
2025-08-29 00:00:02 - ✓ redis is running
2025-08-29 00:00:02 - ✓ phpmyadmin is running
2025-08-29 00:00:02 - ✓ pgadmin is running
2025-08-29 00:00:02 - ✓ mongo-express is running
2025-08-29 00:00:02 - ✓ redis-commander is running
2025-08-29 00:00:02 - === END SUMMARY ===
2025-08-29 01:00:01 - === HEALTH CHECK SUMMARY ===
2025-08-29 01:00:01 - Checking MariaDB...
2025-08-29 01:00:01 - ✗ MariaDB is not responding
2025-08-29 01:00:01 - Checking PostgreSQL...
2025-08-29 01:00:01 - ✓ PostgreSQL is healthy
2025-08-29 01:00:02 -   - Active connections: 6
2025-08-29 01:00:02 - Checking MongoDB...
2025-08-29 01:00:02 - ✗ MongoDB is not responding
2025-08-29 01:00:02 - Checking Redis...
2025-08-29 01:00:02 - ✓ Redis is healthy
2025-08-29 01:00:02 -   - Memory usage: 1.13M
2025-08-29 01:00:02 -   - Connected clients: 2
2025-08-29 01:00:02 - Database Services: 2/4 healthy
2025-08-29 01:00:02 - Checking disk space...
2025-08-29 01:00:02 - Disk usage: 19%
2025-08-29 01:00:02 - ✓ Disk space is adequate
2025-08-29 01:00:02 - Checking container status...
2025-08-29 01:00:02 - ✓ mariadb is running
2025-08-29 01:00:02 - ✓ postgresql is running
2025-08-29 01:00:02 - ✓ mongodb is running
2025-08-29 01:00:02 - ✓ redis is running
2025-08-29 01:00:02 - ✓ phpmyadmin is running
2025-08-29 01:00:02 - ✓ pgadmin is running
2025-08-29 01:00:02 - ✓ mongo-express is running
2025-08-29 01:00:02 - ✓ redis-commander is running
2025-08-29 01:00:02 - === END SUMMARY ===
2025-08-29 02:00:01 - === HEALTH CHECK SUMMARY ===
2025-08-29 02:00:01 - Checking MariaDB...
2025-08-29 02:00:02 - ✗ MariaDB is not responding
2025-08-29 02:00:02 - Checking PostgreSQL...
2025-08-29 02:00:02 - ✓ PostgreSQL is healthy
2025-08-29 02:00:02 -   - Active connections: 8
2025-08-29 02:00:02 - Checking MongoDB...
2025-08-29 02:00:02 - ✗ MongoDB is not responding
2025-08-29 02:00:02 - Checking Redis...
2025-08-29 02:00:02 - ✓ Redis is healthy
2025-08-29 02:00:02 -   - Memory usage: 1.13M
2025-08-29 02:00:02 -   - Connected clients: 2
2025-08-29 02:00:02 - Database Services: 2/4 healthy
2025-08-29 02:00:02 - Checking disk space...
2025-08-29 02:00:02 - Disk usage: 19%
2025-08-29 02:00:02 - ✓ Disk space is adequate
2025-08-29 02:00:02 - Checking container status...
2025-08-29 02:00:02 - ✓ mariadb is running
2025-08-29 02:00:02 - ✓ postgresql is running
2025-08-29 02:00:02 - ✓ mongodb is running
2025-08-29 02:00:02 - ✓ redis is running
2025-08-29 02:00:03 - ✓ phpmyadmin is running
2025-08-29 02:00:03 - ✓ pgadmin is running
2025-08-29 02:00:03 - ✓ mongo-express is running
2025-08-29 02:00:03 - ✓ redis-commander is running
2025-08-29 02:00:03 - === END SUMMARY ===
2025-08-29 03:00:01 - === HEALTH CHECK SUMMARY ===
2025-08-29 03:00:01 - Checking MariaDB...
2025-08-29 03:00:01 - ✗ MariaDB is not responding
2025-08-29 03:00:01 - Checking PostgreSQL...
2025-08-29 03:00:02 - ✓ PostgreSQL is healthy
2025-08-29 03:00:02 -   - Active connections: 6
2025-08-29 03:00:02 - Checking MongoDB...
2025-08-29 03:00:02 - ✗ MongoDB is not responding
2025-08-29 03:00:02 - Checking Redis...
2025-08-29 03:00:02 - ✓ Redis is healthy
2025-08-29 03:00:02 -   - Memory usage: 1.13M
2025-08-29 03:00:02 -   - Connected clients: 2
2025-08-29 03:00:02 - Database Services: 2/4 healthy
2025-08-29 03:00:02 - Checking disk space...
2025-08-29 03:00:02 - Disk usage: 19%
2025-08-29 03:00:02 - ✓ Disk space is adequate
2025-08-29 03:00:02 - Checking container status...
2025-08-29 03:00:02 - ✓ mariadb is running
2025-08-29 03:00:02 - ✓ postgresql is running
2025-08-29 03:00:02 - ✓ mongodb is running
2025-08-29 03:00:03 - ✓ redis is running
2025-08-29 03:00:03 - ✓ phpmyadmin is running
2025-08-29 03:00:03 - ✓ pgadmin is running
2025-08-29 03:00:03 - ✓ mongo-express is running
2025-08-29 03:00:03 - ✓ redis-commander is running
2025-08-29 03:00:03 - === END SUMMARY ===
2025-08-29 04:00:01 - === HEALTH CHECK SUMMARY ===
2025-08-29 04:00:01 - Checking MariaDB...
2025-08-29 04:00:01 - ✗ MariaDB is not responding
2025-08-29 04:00:01 - Checking PostgreSQL...
2025-08-29 04:00:01 - ✓ PostgreSQL is healthy
2025-08-29 04:00:01 -   - Active connections: 6
2025-08-29 04:00:01 - Checking MongoDB...
2025-08-29 04:00:01 - ✗ MongoDB is not responding
2025-08-29 04:00:01 - Checking Redis...
2025-08-29 04:00:02 - ✓ Redis is healthy
2025-08-29 04:00:02 -   - Memory usage: 1.13M
2025-08-29 04:00:02 -   - Connected clients: 2
2025-08-29 04:00:02 - Database Services: 2/4 healthy
2025-08-29 04:00:02 - Checking disk space...
2025-08-29 04:00:02 - Disk usage: 19%
2025-08-29 04:00:02 - ✓ Disk space is adequate
2025-08-29 04:00:02 - Checking container status...
2025-08-29 04:00:02 - ✓ mariadb is running
2025-08-29 04:00:02 - ✓ postgresql is running
2025-08-29 04:00:02 - ✓ mongodb is running
2025-08-29 04:00:02 - ✓ redis is running
2025-08-29 04:00:02 - ✓ phpmyadmin is running
2025-08-29 04:00:02 - ✓ pgadmin is running
2025-08-29 04:00:02 - ✓ mongo-express is running
2025-08-29 04:00:02 - ✓ redis-commander is running
2025-08-29 04:00:02 - === END SUMMARY ===
2025-08-29 05:00:01 - === HEALTH CHECK SUMMARY ===
2025-08-29 05:00:01 - Checking MariaDB...
2025-08-29 05:00:01 - ✗ MariaDB is not responding
2025-08-29 05:00:01 - Checking PostgreSQL...
2025-08-29 05:00:02 - ✓ PostgreSQL is healthy
2025-08-29 05:00:02 -   - Active connections: 6
2025-08-29 05:00:02 - Checking MongoDB...
2025-08-29 05:00:02 - ✗ MongoDB is not responding
2025-08-29 05:00:02 - Checking Redis...
2025-08-29 05:00:02 - ✓ Redis is healthy
2025-08-29 05:00:02 -   - Memory usage: 1.13M
2025-08-29 05:00:02 -   - Connected clients: 2
2025-08-29 05:00:02 - Database Services: 2/4 healthy
2025-08-29 05:00:02 - Checking disk space...
2025-08-29 05:00:02 - Disk usage: 19%
2025-08-29 05:00:02 - ✓ Disk space is adequate
2025-08-29 05:00:02 - Checking container status...
2025-08-29 05:00:02 - ✓ mariadb is running
2025-08-29 05:00:02 - ✓ postgresql is running
2025-08-29 05:00:02 - ✓ mongodb is running
2025-08-29 05:00:02 - ✓ redis is running
2025-08-29 05:00:02 - ✓ phpmyadmin is running
2025-08-29 05:00:02 - ✓ pgadmin is running
2025-08-29 05:00:03 - ✓ mongo-express is running
2025-08-29 05:00:03 - ✓ redis-commander is running
2025-08-29 05:00:03 - === END SUMMARY ===
2025-08-29 06:00:01 - === HEALTH CHECK SUMMARY ===
2025-08-29 06:00:01 - Checking MariaDB...
2025-08-29 06:00:01 - ✗ MariaDB is not responding
2025-08-29 06:00:01 - Checking PostgreSQL...
2025-08-29 06:00:01 - ✓ PostgreSQL is healthy
2025-08-29 06:00:01 -   - Active connections: 6
2025-08-29 06:00:01 - Checking MongoDB...
2025-08-29 06:00:01 - ✗ MongoDB is not responding
2025-08-29 06:00:01 - Checking Redis...
2025-08-29 06:00:01 - ✓ Redis is healthy
2025-08-29 06:00:01 -   - Memory usage: 1.13M
2025-08-29 06:00:02 -   - Connected clients: 2
2025-08-29 06:00:02 - Database Services: 2/4 healthy
2025-08-29 06:00:02 - Checking disk space...
2025-08-29 06:00:02 - Disk usage: 19%
2025-08-29 06:00:02 - ✓ Disk space is adequate
2025-08-29 06:00:02 - Checking container status...
2025-08-29 06:00:02 - ✓ mariadb is running
2025-08-29 06:00:02 - ✓ postgresql is running
2025-08-29 06:00:02 - ✓ mongodb is running
2025-08-29 06:00:02 - ✓ redis is running
2025-08-29 06:00:02 - ✓ phpmyadmin is running
2025-08-29 06:00:02 - ✓ pgadmin is running
2025-08-29 06:00:02 - ✓ mongo-express is running
2025-08-29 06:00:02 - ✓ redis-commander is running
2025-08-29 06:00:02 - === END SUMMARY ===
2025-08-29 07:00:01 - === HEALTH CHECK SUMMARY ===
2025-08-29 07:00:01 - Checking MariaDB...
2025-08-29 07:00:01 - ✗ MariaDB is not responding
2025-08-29 07:00:01 - Checking PostgreSQL...
2025-08-29 07:00:01 - ✓ PostgreSQL is healthy
2025-08-29 07:00:02 -   - Active connections: 6
2025-08-29 07:00:02 - Checking MongoDB...
2025-08-29 07:00:02 - ✗ MongoDB is not responding
2025-08-29 07:00:02 - Checking Redis...
2025-08-29 07:00:02 - ✓ Redis is healthy
2025-08-29 07:00:02 -   - Memory usage: 1.13M
2025-08-29 07:00:02 -   - Connected clients: 2
2025-08-29 07:00:02 - Database Services: 2/4 healthy
2025-08-29 07:00:02 - Checking disk space...
2025-08-29 07:00:02 - Disk usage: 19%
2025-08-29 07:00:02 - ✓ Disk space is adequate
2025-08-29 07:00:02 - Checking container status...
2025-08-29 07:00:02 - ✓ mariadb is running
2025-08-29 07:00:02 - ✓ postgresql is running
2025-08-29 07:00:02 - ✓ mongodb is running
2025-08-29 07:00:02 - ✓ redis is running
2025-08-29 07:00:02 - ✓ phpmyadmin is running
2025-08-29 07:00:02 - ✓ pgadmin is running
2025-08-29 07:00:02 - ✓ mongo-express is running
2025-08-29 07:00:02 - ✓ redis-commander is running
2025-08-29 07:00:02 - === END SUMMARY ===
2025-08-29 08:00:02 - === HEALTH CHECK SUMMARY ===
2025-08-29 08:00:02 - Checking MariaDB...
2025-08-29 08:00:02 - ✗ MariaDB is not responding
2025-08-29 08:00:02 - Checking PostgreSQL...
2025-08-29 08:00:02 - ✓ PostgreSQL is healthy
2025-08-29 08:00:02 -   - Active connections: 6
2025-08-29 08:00:02 - Checking MongoDB...
2025-08-29 08:00:02 - ✗ MongoDB is not responding
2025-08-29 08:00:02 - Checking Redis...
2025-08-29 08:00:02 - ✓ Redis is healthy
2025-08-29 08:00:02 -   - Memory usage: 1.13M
2025-08-29 08:00:02 -   - Connected clients: 2
2025-08-29 08:00:02 - Database Services: 2/4 healthy
2025-08-29 08:00:02 - Checking disk space...
2025-08-29 08:00:02 - Disk usage: 19%
2025-08-29 08:00:02 - ✓ Disk space is adequate
2025-08-29 08:00:02 - Checking container status...
2025-08-29 08:00:02 - ✓ mariadb is running
2025-08-29 08:00:03 - ✓ postgresql is running
2025-08-29 08:00:03 - ✓ mongodb is running
2025-08-29 08:00:03 - ✓ redis is running
2025-08-29 08:00:03 - ✓ phpmyadmin is running
2025-08-29 08:00:03 - ✓ pgadmin is running
2025-08-29 08:00:03 - ✓ mongo-express is running
2025-08-29 08:00:03 - ✓ redis-commander is running
2025-08-29 08:00:03 - === END SUMMARY ===
2025-08-29 09:00:01 - === HEALTH CHECK SUMMARY ===
2025-08-29 09:00:01 - Checking MariaDB...
2025-08-29 09:00:01 - ✗ MariaDB is not responding
2025-08-29 09:00:01 - Checking PostgreSQL...
2025-08-29 09:00:01 - ✓ PostgreSQL is healthy
2025-08-29 09:00:01 -   - Active connections: 6
2025-08-29 09:00:01 - Checking MongoDB...
2025-08-29 09:00:01 - ✗ MongoDB is not responding
2025-08-29 09:00:01 - Checking Redis...
2025-08-29 09:00:02 - ✓ Redis is healthy
2025-08-29 09:00:02 -   - Memory usage: 1.13M
2025-08-29 09:00:02 -   - Connected clients: 2
2025-08-29 09:00:02 - Database Services: 2/4 healthy
2025-08-29 09:00:02 - Checking disk space...
2025-08-29 09:00:02 - Disk usage: 19%
2025-08-29 09:00:02 - ✓ Disk space is adequate
2025-08-29 09:00:02 - Checking container status...
2025-08-29 09:00:02 - ✓ mariadb is running
2025-08-29 09:00:02 - ✓ postgresql is running
2025-08-29 09:00:02 - ✓ mongodb is running
2025-08-29 09:00:02 - ✓ redis is running
2025-08-29 09:00:02 - ✓ phpmyadmin is running
2025-08-29 09:00:02 - ✓ pgadmin is running
2025-08-29 09:00:02 - ✓ mongo-express is running
2025-08-29 09:00:02 - ✓ redis-commander is running
2025-08-29 09:00:02 - === END SUMMARY ===
2025-08-29 10:00:01 - === HEALTH CHECK SUMMARY ===
2025-08-29 10:00:01 - Checking MariaDB...
2025-08-29 10:00:01 - ✗ MariaDB is not responding
2025-08-29 10:00:01 - Checking PostgreSQL...
2025-08-29 10:00:02 - ✓ PostgreSQL is healthy
2025-08-29 10:00:02 -   - Active connections: 6
2025-08-29 10:00:02 - Checking MongoDB...
2025-08-29 10:00:02 - ✗ MongoDB is not responding
2025-08-29 10:00:02 - Checking Redis...
2025-08-29 10:00:02 - ✓ Redis is healthy
2025-08-29 10:00:02 -   - Memory usage: 1.13M
2025-08-29 10:00:02 -   - Connected clients: 2
2025-08-29 10:00:02 - Database Services: 2/4 healthy
2025-08-29 10:00:02 - Checking disk space...
2025-08-29 10:00:02 - Disk usage: 19%
2025-08-29 10:00:02 - ✓ Disk space is adequate
2025-08-29 10:00:02 - Checking container status...
2025-08-29 10:00:02 - ✓ mariadb is running
2025-08-29 10:00:02 - ✓ postgresql is running
2025-08-29 10:00:02 - ✓ mongodb is running
2025-08-29 10:00:02 - ✓ redis is running
2025-08-29 10:00:03 - ✓ phpmyadmin is running
2025-08-29 10:00:03 - ✓ pgadmin is running
2025-08-29 10:00:03 - ✓ mongo-express is running
2025-08-29 10:00:03 - ✓ redis-commander is running
2025-08-29 10:00:03 - === END SUMMARY ===
2025-08-29 11:00:01 - === HEALTH CHECK SUMMARY ===
2025-08-29 11:00:01 - Checking MariaDB...
2025-08-29 11:00:01 - ✗ MariaDB is not responding
2025-08-29 11:00:01 - Checking PostgreSQL...
2025-08-29 11:00:01 - ✓ PostgreSQL is healthy
2025-08-29 11:00:01 -   - Active connections: 6
2025-08-29 11:00:01 - Checking MongoDB...
2025-08-29 11:00:01 - ✗ MongoDB is not responding
2025-08-29 11:00:01 - Checking Redis...
2025-08-29 11:00:01 - ✓ Redis is healthy
2025-08-29 11:00:02 -   - Memory usage: 1.13M
2025-08-29 11:00:02 -   - Connected clients: 2
2025-08-29 11:00:02 - Database Services: 2/4 healthy
2025-08-29 11:00:02 - Checking disk space...
2025-08-29 11:00:02 - Disk usage: 19%
2025-08-29 11:00:02 - ✓ Disk space is adequate
2025-08-29 11:00:02 - Checking container status...
2025-08-29 11:00:02 - ✓ mariadb is running
2025-08-29 11:00:02 - ✓ postgresql is running
2025-08-29 11:00:02 - ✓ mongodb is running
2025-08-29 11:00:02 - ✓ redis is running
2025-08-29 11:00:02 - ✓ phpmyadmin is running
2025-08-29 11:00:02 - ✓ pgadmin is running
2025-08-29 11:00:02 - ✓ mongo-express is running
2025-08-29 11:00:02 - ✓ redis-commander is running
2025-08-29 11:00:02 - === END SUMMARY ===
2025-08-29 12:00:01 - === HEALTH CHECK SUMMARY ===
2025-08-29 12:00:01 - Checking MariaDB...
2025-08-29 12:00:01 - ✗ MariaDB is not responding
2025-08-29 12:00:01 - Checking PostgreSQL...
2025-08-29 12:00:01 - ✓ PostgreSQL is healthy
2025-08-29 12:00:02 -   - Active connections: 6
2025-08-29 12:00:02 - Checking MongoDB...
2025-08-29 12:00:02 - ✗ MongoDB is not responding
2025-08-29 12:00:02 - Checking Redis...
2025-08-29 12:00:02 - ✓ Redis is healthy
2025-08-29 12:00:02 -   - Memory usage: 1.13M
2025-08-29 12:00:02 -   - Connected clients: 2
2025-08-29 12:00:02 - Database Services: 2/4 healthy
2025-08-29 12:00:02 - Checking disk space...
2025-08-29 12:00:02 - Disk usage: 19%
2025-08-29 12:00:02 - ✓ Disk space is adequate
2025-08-29 12:00:02 - Checking container status...
2025-08-29 12:00:02 - ✓ mariadb is running
2025-08-29 12:00:02 - ✓ postgresql is running
2025-08-29 12:00:02 - ✓ mongodb is running
2025-08-29 12:00:02 - ✓ redis is running
2025-08-29 12:00:02 - ✓ phpmyadmin is running
2025-08-29 12:00:02 - ✓ pgadmin is running
2025-08-29 12:00:02 - ✓ mongo-express is running
2025-08-29 12:00:02 - ✓ redis-commander is running
2025-08-29 12:00:02 - === END SUMMARY ===
2025-08-29 13:00:01 - === HEALTH CHECK SUMMARY ===
2025-08-29 13:00:02 - Checking MariaDB...
2025-08-29 13:00:02 - ✗ MariaDB is not responding
2025-08-29 13:00:02 - Checking PostgreSQL...
2025-08-29 13:00:02 - ✓ PostgreSQL is healthy
2025-08-29 13:00:02 -   - Active connections: 6
2025-08-29 13:00:02 - Checking MongoDB...
2025-08-29 13:00:02 - ✗ MongoDB is not responding
2025-08-29 13:00:02 - Checking Redis...
2025-08-29 13:00:02 - ✓ Redis is healthy
2025-08-29 13:00:02 -   - Memory usage: 1.13M
2025-08-29 13:00:02 -   - Connected clients: 2
2025-08-29 13:00:02 - Database Services: 2/4 healthy
2025-08-29 13:00:02 - Checking disk space...
2025-08-29 13:00:02 - Disk usage: 19%
2025-08-29 13:00:02 - ✓ Disk space is adequate
2025-08-29 13:00:02 - Checking container status...
2025-08-29 13:00:02 - ✓ mariadb is running
2025-08-29 13:00:03 - ✓ postgresql is running
2025-08-29 13:00:03 - ✓ mongodb is running
2025-08-29 13:00:03 - ✓ redis is running
2025-08-29 13:00:03 - ✓ phpmyadmin is running
2025-08-29 13:00:03 - ✓ pgadmin is running
2025-08-29 13:00:03 - ✓ mongo-express is running
2025-08-29 13:00:03 - ✓ redis-commander is running
2025-08-29 13:00:03 - === END SUMMARY ===
2025-08-29 14:00:01 - === HEALTH CHECK SUMMARY ===
2025-08-29 14:00:01 - Checking MariaDB...
2025-08-29 14:00:01 - ✗ MariaDB is not responding
2025-08-29 14:00:01 - Checking PostgreSQL...
2025-08-29 14:00:01 - ✓ PostgreSQL is healthy
2025-08-29 14:00:01 -   - Active connections: 6
2025-08-29 14:00:01 - Checking MongoDB...
2025-08-29 14:00:01 - ✗ MongoDB is not responding
2025-08-29 14:00:01 - Checking Redis...
2025-08-29 14:00:02 - ✓ Redis is healthy
2025-08-29 14:00:02 -   - Memory usage: 1.13M
2025-08-29 14:00:02 -   - Connected clients: 2
2025-08-29 14:00:02 - Database Services: 2/4 healthy
2025-08-29 14:00:02 - Checking disk space...
2025-08-29 14:00:02 - Disk usage: 19%
2025-08-29 14:00:02 - ✓ Disk space is adequate
2025-08-29 14:00:02 - Checking container status...
2025-08-29 14:00:02 - ✓ mariadb is running
2025-08-29 14:00:02 - ✓ postgresql is running
2025-08-29 14:00:02 - ✓ mongodb is running
2025-08-29 14:00:02 - ✓ redis is running
2025-08-29 14:00:02 - ✓ phpmyadmin is running
2025-08-29 14:00:02 - ✓ pgadmin is running
2025-08-29 14:00:02 - ✓ mongo-express is running
2025-08-29 14:00:02 - ✓ redis-commander is running
2025-08-29 14:00:02 - === END SUMMARY ===
2025-08-29 15:00:01 - === HEALTH CHECK SUMMARY ===
2025-08-29 15:00:01 - Checking MariaDB...
2025-08-29 15:00:01 - ✗ MariaDB is not responding
2025-08-29 15:00:01 - Checking PostgreSQL...
2025-08-29 15:00:02 - ✓ PostgreSQL is healthy
2025-08-29 15:00:02 -   - Active connections: 6
2025-08-29 15:00:02 - Checking MongoDB...
2025-08-29 15:00:02 - ✗ MongoDB is not responding
2025-08-29 15:00:02 - Checking Redis...
2025-08-29 15:00:02 - ✓ Redis is healthy
2025-08-29 15:00:02 -   - Memory usage: 1.13M
2025-08-29 15:00:02 -   - Connected clients: 2
2025-08-29 15:00:02 - Database Services: 2/4 healthy
2025-08-29 15:00:02 - Checking disk space...
2025-08-29 15:00:02 - Disk usage: 19%
2025-08-29 15:00:02 - ✓ Disk space is adequate
2025-08-29 15:00:02 - Checking container status...
2025-08-29 15:00:02 - ✓ mariadb is running
2025-08-29 15:00:02 - ✓ postgresql is running
2025-08-29 15:00:02 - ✓ mongodb is running
2025-08-29 15:00:02 - ✓ redis is running
2025-08-29 15:00:02 - ✓ phpmyadmin is running
2025-08-29 15:00:03 - ✓ pgadmin is running
2025-08-29 15:00:03 - ✓ mongo-express is running
2025-08-29 15:00:03 - ✓ redis-commander is running
2025-08-29 15:00:03 - === END SUMMARY ===
2025-08-29 16:00:01 - === HEALTH CHECK SUMMARY ===
2025-08-29 16:00:01 - Checking MariaDB...
2025-08-29 16:00:01 - ✗ MariaDB is not responding
2025-08-29 16:00:01 - Checking PostgreSQL...
2025-08-29 16:00:01 - ✓ PostgreSQL is healthy
2025-08-29 16:00:01 -   - Active connections: 6
2025-08-29 16:00:01 - Checking MongoDB...
2025-08-29 16:00:01 - ✗ MongoDB is not responding
2025-08-29 16:00:01 - Checking Redis...
2025-08-29 16:00:01 - ✓ Redis is healthy
2025-08-29 16:00:01 -   - Memory usage: 1.13M
2025-08-29 16:00:02 -   - Connected clients: 2
2025-08-29 16:00:02 - Database Services: 2/4 healthy
2025-08-29 16:00:02 - Checking disk space...
2025-08-29 16:00:02 - Disk usage: 19%
2025-08-29 16:00:02 - ✓ Disk space is adequate
2025-08-29 16:00:02 - Checking container status...
2025-08-29 16:00:02 - ✓ mariadb is running
2025-08-29 16:00:02 - ✓ postgresql is running
2025-08-29 16:00:02 - ✓ mongodb is running
2025-08-29 16:00:02 - ✓ redis is running
2025-08-29 16:00:02 - ✓ phpmyadmin is running
2025-08-29 16:00:02 - ✓ pgadmin is running
2025-08-29 16:00:02 - ✓ mongo-express is running
2025-08-29 16:00:02 - ✓ redis-commander is running
2025-08-29 16:00:02 - === END SUMMARY ===
2025-08-29 17:00:01 - === HEALTH CHECK SUMMARY ===
2025-08-29 17:00:01 - Checking MariaDB...
2025-08-29 17:00:01 - ✗ MariaDB is not responding
2025-08-29 17:00:01 - Checking PostgreSQL...
2025-08-29 17:00:01 - ✓ PostgreSQL is healthy
2025-08-29 17:00:02 -   - Active connections: 6
2025-08-29 17:00:02 - Checking MongoDB...
2025-08-29 17:00:02 - ✗ MongoDB is not responding
2025-08-29 17:00:02 - Checking Redis...
2025-08-29 17:00:02 - ✓ Redis is healthy
2025-08-29 17:00:02 -   - Memory usage: 1.13M
2025-08-29 17:00:02 -   - Connected clients: 2
2025-08-29 17:00:02 - Database Services: 2/4 healthy
2025-08-29 17:00:02 - Checking disk space...
2025-08-29 17:00:02 - Disk usage: 19%
2025-08-29 17:00:02 - ✓ Disk space is adequate
2025-08-29 17:00:02 - Checking container status...
2025-08-29 17:00:02 - ✓ mariadb is running
2025-08-29 17:00:02 - ✓ postgresql is running
2025-08-29 17:00:02 - ✓ mongodb is running
2025-08-29 17:00:02 - ✓ redis is running
2025-08-29 17:00:02 - ✓ phpmyadmin is running
2025-08-29 17:00:02 - ✓ pgadmin is running
2025-08-29 17:00:02 - ✓ mongo-express is running
2025-08-29 17:00:02 - ✓ redis-commander is running
2025-08-29 17:00:02 - === END SUMMARY ===
2025-08-29 18:00:01 - === HEALTH CHECK SUMMARY ===
2025-08-29 18:00:01 - Checking MariaDB...
2025-08-29 18:00:02 - ✗ MariaDB is not responding
2025-08-29 18:00:02 - Checking PostgreSQL...
2025-08-29 18:00:02 - ✓ PostgreSQL is healthy
2025-08-29 18:00:02 -   - Active connections: 6
2025-08-29 18:00:02 - Checking MongoDB...
2025-08-29 18:00:02 - ✗ MongoDB is not responding
2025-08-29 18:00:02 - Checking Redis...
2025-08-29 18:00:02 - ✓ Redis is healthy
2025-08-29 18:00:02 -   - Memory usage: 1.13M
2025-08-29 18:00:02 -   - Connected clients: 2
2025-08-29 18:00:02 - Database Services: 2/4 healthy
2025-08-29 18:00:02 - Checking disk space...
2025-08-29 18:00:02 - Disk usage: 19%
2025-08-29 18:00:02 - ✓ Disk space is adequate
2025-08-29 18:00:02 - Checking container status...
2025-08-29 18:00:02 - ✓ mariadb is running
2025-08-29 18:00:03 - ✓ postgresql is running
2025-08-29 18:00:03 - ✓ mongodb is running
2025-08-29 18:00:03 - ✓ redis is running
2025-08-29 18:00:03 - ✓ phpmyadmin is running
2025-08-29 18:00:03 - ✓ pgadmin is running
2025-08-29 18:00:03 - ✓ mongo-express is running
2025-08-29 18:00:03 - ✓ redis-commander is running
2025-08-29 18:00:03 - === END SUMMARY ===
2025-08-29 19:00:01 - === HEALTH CHECK SUMMARY ===
2025-08-29 19:00:01 - Checking MariaDB...
2025-08-29 19:00:01 - ✗ MariaDB is not responding
2025-08-29 19:00:01 - Checking PostgreSQL...
2025-08-29 19:00:01 - ✓ PostgreSQL is healthy
2025-08-29 19:00:01 -   - Active connections: 6
2025-08-29 19:00:01 - Checking MongoDB...
2025-08-29 19:00:01 - ✗ MongoDB is not responding
2025-08-29 19:00:01 - Checking Redis...
2025-08-29 19:00:02 - ✓ Redis is healthy
2025-08-29 19:00:02 -   - Memory usage: 1.13M
2025-08-29 19:00:02 -   - Connected clients: 2
2025-08-29 19:00:02 - Database Services: 2/4 healthy
2025-08-29 19:00:02 - Checking disk space...
2025-08-29 19:00:02 - Disk usage: 19%
2025-08-29 19:00:02 - ✓ Disk space is adequate
2025-08-29 19:00:02 - Checking container status...
2025-08-29 19:00:02 - ✓ mariadb is running
2025-08-29 19:00:02 - ✓ postgresql is running
2025-08-29 19:00:02 - ✓ mongodb is running
2025-08-29 19:00:02 - ✓ redis is running
2025-08-29 19:00:02 - ✓ phpmyadmin is running
2025-08-29 19:00:02 - ✓ pgadmin is running
2025-08-29 19:00:02 - ✓ mongo-express is running
2025-08-29 19:00:02 - ✓ redis-commander is running
2025-08-29 19:00:02 - === END SUMMARY ===
2025-08-29 20:00:01 - === HEALTH CHECK SUMMARY ===
2025-08-29 20:00:01 - Checking MariaDB...
2025-08-29 20:00:01 - ✗ MariaDB is not responding
2025-08-29 20:00:01 - Checking PostgreSQL...
2025-08-29 20:00:02 - ✓ PostgreSQL is healthy
2025-08-29 20:00:02 -   - Active connections: 6
2025-08-29 20:00:02 - Checking MongoDB...
2025-08-29 20:00:02 - ✗ MongoDB is not responding
2025-08-29 20:00:02 - Checking Redis...
2025-08-29 20:00:02 - ✓ Redis is healthy
2025-08-29 20:00:02 -   - Memory usage: 1.13M
2025-08-29 20:00:02 -   - Connected clients: 2
2025-08-29 20:00:02 - Database Services: 2/4 healthy
2025-08-29 20:00:02 - Checking disk space...
2025-08-29 20:00:02 - Disk usage: 19%
2025-08-29 20:00:02 - ✓ Disk space is adequate
2025-08-29 20:00:02 - Checking container status...
2025-08-29 20:00:02 - ✓ mariadb is running
2025-08-29 20:00:02 - ✓ postgresql is running
2025-08-29 20:00:02 - ✓ mongodb is running
2025-08-29 20:00:03 - ✓ redis is running
2025-08-29 20:00:03 - ✓ phpmyadmin is running
2025-08-29 20:00:03 - ✓ pgadmin is running
2025-08-29 20:00:03 - ✓ mongo-express is running
2025-08-29 20:00:03 - ✓ redis-commander is running
2025-08-29 20:00:03 - === END SUMMARY ===
2025-08-29 21:00:01 - === HEALTH CHECK SUMMARY ===
2025-08-29 21:00:01 - Checking MariaDB...
2025-08-29 21:00:01 - ✗ MariaDB is not responding
2025-08-29 21:00:01 - Checking PostgreSQL...
2025-08-29 21:00:01 - ✓ PostgreSQL is healthy
2025-08-29 21:00:01 -   - Active connections: 6
2025-08-29 21:00:01 - Checking MongoDB...
2025-08-29 21:00:01 - ✗ MongoDB is not responding
2025-08-29 21:00:01 - Checking Redis...
2025-08-29 21:00:02 - ✓ Redis is healthy
2025-08-29 21:00:02 -   - Memory usage: 1.13M
2025-08-29 21:00:02 -   - Connected clients: 2
2025-08-29 21:00:02 - Database Services: 2/4 healthy
2025-08-29 21:00:02 - Checking disk space...
2025-08-29 21:00:02 - Disk usage: 19%
2025-08-29 21:00:02 - ✓ Disk space is adequate
2025-08-29 21:00:02 - Checking container status...
2025-08-29 21:00:02 - ✓ mariadb is running
2025-08-29 21:00:02 - ✓ postgresql is running
2025-08-29 21:00:02 - ✓ mongodb is running
2025-08-29 21:00:02 - ✓ redis is running
2025-08-29 21:00:02 - ✓ phpmyadmin is running
2025-08-29 21:00:02 - ✓ pgadmin is running
2025-08-29 21:00:02 - ✓ mongo-express is running
2025-08-29 21:00:02 - ✓ redis-commander is running
2025-08-29 21:00:02 - === END SUMMARY ===
2025-08-29 22:00:01 - === HEALTH CHECK SUMMARY ===
2025-08-29 22:00:01 - Checking MariaDB...
2025-08-29 22:00:01 - ✗ MariaDB is not responding
2025-08-29 22:00:01 - Checking PostgreSQL...
2025-08-29 22:00:02 - ✓ PostgreSQL is healthy
2025-08-29 22:00:02 -   - Active connections: 6
2025-08-29 22:00:02 - Checking MongoDB...
2025-08-29 22:00:02 - ✗ MongoDB is not responding
2025-08-29 22:00:02 - Checking Redis...
2025-08-29 22:00:02 - ✓ Redis is healthy
2025-08-29 22:00:02 -   - Memory usage: 1.13M
2025-08-29 22:00:02 -   - Connected clients: 2
2025-08-29 22:00:02 - Database Services: 2/4 healthy
2025-08-29 22:00:02 - Checking disk space...
2025-08-29 22:00:02 - Disk usage: 19%
2025-08-29 22:00:02 - ✓ Disk space is adequate
2025-08-29 22:00:02 - Checking container status...
2025-08-29 22:00:02 - ✓ mariadb is running
2025-08-29 22:00:02 - ✓ postgresql is running
2025-08-29 22:00:02 - ✓ mongodb is running
2025-08-29 22:00:02 - ✓ redis is running
2025-08-29 22:00:02 - ✓ phpmyadmin is running
2025-08-29 22:00:02 - ✓ pgadmin is running
2025-08-29 22:00:03 - ✓ mongo-express is running
2025-08-29 22:00:03 - ✓ redis-commander is running
2025-08-29 22:00:03 - === END SUMMARY ===
2025-08-29 23:00:01 - === HEALTH CHECK SUMMARY ===
2025-08-29 23:00:01 - Checking MariaDB...
2025-08-29 23:00:01 - ✗ MariaDB is not responding
2025-08-29 23:00:01 - Checking PostgreSQL...
2025-08-29 23:00:01 - ✓ PostgreSQL is healthy
2025-08-29 23:00:01 -   - Active connections: 6
2025-08-29 23:00:01 - Checking MongoDB...
2025-08-29 23:00:01 - ✗ MongoDB is not responding
2025-08-29 23:00:01 - Checking Redis...
2025-08-29 23:00:01 - ✓ Redis is healthy
2025-08-29 23:00:02 -   - Memory usage: 1.13M
2025-08-29 23:00:02 -   - Connected clients: 2
2025-08-29 23:00:02 - Database Services: 2/4 healthy
2025-08-29 23:00:02 - Checking disk space...
2025-08-29 23:00:02 - Disk usage: 19%
2025-08-29 23:00:02 - ✓ Disk space is adequate
2025-08-29 23:00:02 - Checking container status...
2025-08-29 23:00:02 - ✓ mariadb is running
2025-08-29 23:00:02 - ✓ postgresql is running
2025-08-29 23:00:02 - ✓ mongodb is running
2025-08-29 23:00:02 - ✓ redis is running
2025-08-29 23:00:02 - ✓ phpmyadmin is running
2025-08-29 23:00:02 - ✓ pgadmin is running
2025-08-29 23:00:02 - ✓ mongo-express is running
2025-08-29 23:00:02 - ✓ redis-commander is running
2025-08-29 23:00:02 - === END SUMMARY ===
2025-08-30 00:00:01 - === HEALTH CHECK SUMMARY ===
2025-08-30 00:00:01 - Checking MariaDB...
2025-08-30 00:00:01 - ✗ MariaDB is not responding
2025-08-30 00:00:01 - Checking PostgreSQL...
2025-08-30 00:00:01 - ✓ PostgreSQL is healthy
2025-08-30 00:00:02 -   - Active connections: 6
2025-08-30 00:00:02 - Checking MongoDB...
2025-08-30 00:00:02 - ✗ MongoDB is not responding
2025-08-30 00:00:02 - Checking Redis...
2025-08-30 00:00:02 - ✓ Redis is healthy
2025-08-30 00:00:02 -   - Memory usage: 1.13M
2025-08-30 00:00:02 -   - Connected clients: 2
2025-08-30 00:00:02 - Database Services: 2/4 healthy
2025-08-30 00:00:02 - Checking disk space...
2025-08-30 00:00:02 - Disk usage: 19%
2025-08-30 00:00:02 - ✓ Disk space is adequate
2025-08-30 00:00:02 - Checking container status...
2025-08-30 00:00:02 - ✓ mariadb is running
2025-08-30 00:00:02 - ✓ postgresql is running
2025-08-30 00:00:02 - ✓ mongodb is running
2025-08-30 00:00:02 - ✓ redis is running
2025-08-30 00:00:02 - ✓ phpmyadmin is running
2025-08-30 00:00:02 - ✓ pgadmin is running
2025-08-30 00:00:02 - ✓ mongo-express is running
2025-08-30 00:00:03 - ✓ redis-commander is running
2025-08-30 00:00:03 - === END SUMMARY ===
2025-08-30 01:00:01 - === HEALTH CHECK SUMMARY ===
2025-08-30 01:00:01 - Checking MariaDB...
2025-08-30 01:00:01 - ✗ MariaDB is not responding
2025-08-30 01:00:01 - Checking PostgreSQL...
2025-08-30 01:00:01 - ✓ PostgreSQL is healthy
2025-08-30 01:00:01 -   - Active connections: 6
2025-08-30 01:00:01 - Checking MongoDB...
2025-08-30 01:00:01 - ✗ MongoDB is not responding
2025-08-30 01:00:01 - Checking Redis...
2025-08-30 01:00:01 - ✓ Redis is healthy
2025-08-30 01:00:01 -   - Memory usage: 1.13M
2025-08-30 01:00:01 -   - Connected clients: 2
2025-08-30 01:00:01 - Database Services: 2/4 healthy
2025-08-30 01:00:02 - Checking disk space...
2025-08-30 01:00:02 - Disk usage: 19%
2025-08-30 01:00:02 - ✓ Disk space is adequate
2025-08-30 01:00:02 - Checking container status...
2025-08-30 01:00:02 - ✓ mariadb is running
2025-08-30 01:00:02 - ✓ postgresql is running
2025-08-30 01:00:02 - ✓ mongodb is running
2025-08-30 01:00:02 - ✓ redis is running
2025-08-30 01:00:02 - ✓ phpmyadmin is running
2025-08-30 01:00:02 - ✓ pgadmin is running
2025-08-30 01:00:02 - ✓ mongo-express is running
2025-08-30 01:00:02 - ✓ redis-commander is running
2025-08-30 01:00:02 - === END SUMMARY ===
2025-08-30 02:00:01 - === HEALTH CHECK SUMMARY ===
2025-08-30 02:00:01 - Checking MariaDB...
2025-08-30 02:00:01 - ✗ MariaDB is not responding
2025-08-30 02:00:01 - Checking PostgreSQL...
2025-08-30 02:00:01 - ✓ PostgreSQL is healthy
2025-08-30 02:00:01 -   - Active connections: 8
2025-08-30 02:00:01 - Checking MongoDB...
2025-08-30 02:00:01 - ✗ MongoDB is not responding
2025-08-30 02:00:01 - Checking Redis...
2025-08-30 02:00:02 - ✓ Redis is healthy
2025-08-30 02:00:02 -   - Memory usage: 1.13M
2025-08-30 02:00:02 -   - Connected clients: 2
2025-08-30 02:00:02 - Database Services: 2/4 healthy
2025-08-30 02:00:02 - Checking disk space...
2025-08-30 02:00:02 - Disk usage: 19%
2025-08-30 02:00:02 - ✓ Disk space is adequate
2025-08-30 02:00:02 - Checking container status...
2025-08-30 02:00:02 - ✓ mariadb is running
2025-08-30 02:00:02 - ✓ postgresql is running
2025-08-30 02:00:02 - ✓ mongodb is running
2025-08-30 02:00:02 - ✓ redis is running
2025-08-30 02:00:02 - ✓ phpmyadmin is running
2025-08-30 02:00:02 - ✓ pgadmin is running
2025-08-30 02:00:02 - ✓ mongo-express is running
2025-08-30 02:00:02 - ✓ redis-commander is running
2025-08-30 02:00:02 - === END SUMMARY ===
2025-08-30 03:00:01 - === HEALTH CHECK SUMMARY ===
2025-08-30 03:00:01 - Checking MariaDB...
2025-08-30 03:00:01 - ✗ MariaDB is not responding
2025-08-30 03:00:01 - Checking PostgreSQL...
2025-08-30 03:00:01 - ✓ PostgreSQL is healthy
2025-08-30 03:00:01 -   - Active connections: 6
2025-08-30 03:00:01 - Checking MongoDB...
2025-08-30 03:00:02 - ✗ MongoDB is not responding
2025-08-30 03:00:02 - Checking Redis...
2025-08-30 03:00:02 - ✓ Redis is healthy
2025-08-30 03:00:02 -   - Memory usage: 1.13M
2025-08-30 03:00:02 -   - Connected clients: 2
2025-08-30 03:00:02 - Database Services: 2/4 healthy
2025-08-30 03:00:02 - Checking disk space...
2025-08-30 03:00:02 - Disk usage: 19%
2025-08-30 03:00:02 - ✓ Disk space is adequate
2025-08-30 03:00:02 - Checking container status...
2025-08-30 03:00:02 - ✓ mariadb is running
2025-08-30 03:00:02 - ✓ postgresql is running
2025-08-30 03:00:02 - ✓ mongodb is running
2025-08-30 03:00:02 - ✓ redis is running
2025-08-30 03:00:02 - ✓ phpmyadmin is running
2025-08-30 03:00:02 - ✓ pgadmin is running
2025-08-30 03:00:02 - ✓ mongo-express is running
2025-08-30 03:00:02 - ✓ redis-commander is running
2025-08-30 03:00:02 - === END SUMMARY ===
2025-08-30 04:00:01 - === HEALTH CHECK SUMMARY ===
2025-08-30 04:00:01 - Checking MariaDB...
2025-08-30 04:00:02 - ✗ MariaDB is not responding
2025-08-30 04:00:02 - Checking PostgreSQL...
2025-08-30 04:00:02 - ✓ PostgreSQL is healthy
2025-08-30 04:00:02 -   - Active connections: 6
2025-08-30 04:00:02 - Checking MongoDB...
2025-08-30 04:00:02 - ✗ MongoDB is not responding
2025-08-30 04:00:02 - Checking Redis...
2025-08-30 04:00:02 - ✓ Redis is healthy
2025-08-30 04:00:02 -   - Memory usage: 1.13M
2025-08-30 04:00:02 -   - Connected clients: 2
2025-08-30 04:00:02 - Database Services: 2/4 healthy
2025-08-30 04:00:02 - Checking disk space...
2025-08-30 04:00:02 - Disk usage: 19%
2025-08-30 04:00:02 - ✓ Disk space is adequate
2025-08-30 04:00:02 - Checking container status...
2025-08-30 04:00:02 - ✓ mariadb is running
2025-08-30 04:00:02 - ✓ postgresql is running
2025-08-30 04:00:03 - ✓ mongodb is running
2025-08-30 04:00:03 - ✓ redis is running
2025-08-30 04:00:03 - ✓ phpmyadmin is running
2025-08-30 04:00:03 - ✓ pgadmin is running
2025-08-30 04:00:03 - ✓ mongo-express is running
2025-08-30 04:00:03 - ✓ redis-commander is running
2025-08-30 04:00:03 - === END SUMMARY ===
2025-08-30 05:00:01 - === HEALTH CHECK SUMMARY ===
2025-08-30 05:00:01 - Checking MariaDB...
2025-08-30 05:00:01 - ✗ MariaDB is not responding
2025-08-30 05:00:01 - Checking PostgreSQL...
2025-08-30 05:00:01 - ✓ PostgreSQL is healthy
2025-08-30 05:00:01 -   - Active connections: 6
2025-08-30 05:00:01 - Checking MongoDB...
2025-08-30 05:00:01 - ✗ MongoDB is not responding
2025-08-30 05:00:01 - Checking Redis...
2025-08-30 05:00:01 - ✓ Redis is healthy
2025-08-30 05:00:02 -   - Memory usage: 1.13M
2025-08-30 05:00:02 -   - Connected clients: 2
2025-08-30 05:00:02 - Database Services: 2/4 healthy
2025-08-30 05:00:02 - Checking disk space...
2025-08-30 05:00:02 - Disk usage: 19%
2025-08-30 05:00:02 - ✓ Disk space is adequate
2025-08-30 05:00:02 - Checking container status...
2025-08-30 05:00:02 - ✓ mariadb is running
2025-08-30 05:00:02 - ✓ postgresql is running
2025-08-30 05:00:02 - ✓ mongodb is running
2025-08-30 05:00:02 - ✓ redis is running
2025-08-30 05:00:02 - ✓ phpmyadmin is running
2025-08-30 05:00:02 - ✓ pgadmin is running
2025-08-30 05:00:02 - ✓ mongo-express is running
2025-08-30 05:00:02 - ✓ redis-commander is running
2025-08-30 05:00:02 - === END SUMMARY ===
2025-08-30 06:00:01 - === HEALTH CHECK SUMMARY ===
2025-08-30 06:00:01 - Checking MariaDB...
2025-08-30 06:00:01 - ✗ MariaDB is not responding
2025-08-30 06:00:01 - Checking PostgreSQL...
2025-08-30 06:00:01 - ✓ PostgreSQL is healthy
2025-08-30 06:00:02 -   - Active connections: 6
2025-08-30 06:00:02 - Checking MongoDB...
2025-08-30 06:00:02 - ✗ MongoDB is not responding
2025-08-30 06:00:02 - Checking Redis...
2025-08-30 06:00:02 - ✓ Redis is healthy
2025-08-30 06:00:02 -   - Memory usage: 1.13M
2025-08-30 06:00:02 -   - Connected clients: 2
2025-08-30 06:00:02 - Database Services: 2/4 healthy
2025-08-30 06:00:02 - Checking disk space...
2025-08-30 06:00:02 - Disk usage: 19%
2025-08-30 06:00:02 - ✓ Disk space is adequate
2025-08-30 06:00:02 - Checking container status...
2025-08-30 06:00:02 - ✓ mariadb is running
2025-08-30 06:00:02 - ✓ postgresql is running
2025-08-30 06:00:02 - ✓ mongodb is running
2025-08-30 06:00:02 - ✓ redis is running
2025-08-30 06:00:02 - ✓ phpmyadmin is running
2025-08-30 06:00:02 - ✓ pgadmin is running
2025-08-30 06:00:02 - ✓ mongo-express is running
2025-08-30 06:00:02 - ✓ redis-commander is running
2025-08-30 06:00:02 - === END SUMMARY ===
2025-08-30 07:00:01 - === HEALTH CHECK SUMMARY ===
2025-08-30 07:00:01 - Checking MariaDB...
2025-08-30 07:00:01 - ✗ MariaDB is not responding
2025-08-30 07:00:01 - Checking PostgreSQL...
2025-08-30 07:00:01 - ✓ PostgreSQL is healthy
2025-08-30 07:00:01 -   - Active connections: 6
2025-08-30 07:00:01 - Checking MongoDB...
2025-08-30 07:00:01 - ✗ MongoDB is not responding
2025-08-30 07:00:01 - Checking Redis...
2025-08-30 07:00:01 - ✓ Redis is healthy
2025-08-30 07:00:01 -   - Memory usage: 1.13M
2025-08-30 07:00:02 -   - Connected clients: 2
2025-08-30 07:00:02 - Database Services: 2/4 healthy
2025-08-30 07:00:02 - Checking disk space...
2025-08-30 07:00:02 - Disk usage: 19%
2025-08-30 07:00:02 - ✓ Disk space is adequate
2025-08-30 07:00:02 - Checking container status...
2025-08-30 07:00:02 - ✓ mariadb is running
2025-08-30 07:00:02 - ✓ postgresql is running
2025-08-30 07:00:02 - ✓ mongodb is running
2025-08-30 07:00:02 - ✓ redis is running
2025-08-30 07:00:02 - ✓ phpmyadmin is running
2025-08-30 07:00:02 - ✓ pgadmin is running
2025-08-30 07:00:02 - ✓ mongo-express is running
2025-08-30 07:00:02 - ✓ redis-commander is running
2025-08-30 07:00:02 - === END SUMMARY ===
2025-08-30 08:00:01 - === HEALTH CHECK SUMMARY ===
2025-08-30 08:00:01 - Checking MariaDB...
2025-08-30 08:00:01 - ✗ MariaDB is not responding
2025-08-30 08:00:01 - Checking PostgreSQL...
2025-08-30 08:00:01 - ✓ PostgreSQL is healthy
2025-08-30 08:00:02 -   - Active connections: 6
2025-08-30 08:00:02 - Checking MongoDB...
2025-08-30 08:00:02 - ✗ MongoDB is not responding
2025-08-30 08:00:02 - Checking Redis...
2025-08-30 08:00:02 - ✓ Redis is healthy
2025-08-30 08:00:02 -   - Memory usage: 1.13M
2025-08-30 08:00:02 -   - Connected clients: 2
2025-08-30 08:00:02 - Database Services: 2/4 healthy
2025-08-30 08:00:02 - Checking disk space...
2025-08-30 08:00:02 - Disk usage: 19%
2025-08-30 08:00:02 - ✓ Disk space is adequate
2025-08-30 08:00:02 - Checking container status...
2025-08-30 08:00:02 - ✓ mariadb is running
2025-08-30 08:00:02 - ✓ postgresql is running
2025-08-30 08:00:02 - ✓ mongodb is running
2025-08-30 08:00:02 - ✓ redis is running
2025-08-30 08:00:02 - ✓ phpmyadmin is running
2025-08-30 08:00:02 - ✓ pgadmin is running
2025-08-30 08:00:02 - ✓ mongo-express is running
2025-08-30 08:00:02 - ✓ redis-commander is running
2025-08-30 08:00:02 - === END SUMMARY ===
2025-08-30 09:00:01 - === HEALTH CHECK SUMMARY ===
2025-08-30 09:00:02 - Checking MariaDB...
2025-08-30 09:00:02 - ✗ MariaDB is not responding
2025-08-30 09:00:02 - Checking PostgreSQL...
2025-08-30 09:00:02 - ✓ PostgreSQL is healthy
2025-08-30 09:00:02 -   - Active connections: 6
2025-08-30 09:00:02 - Checking MongoDB...
2025-08-30 09:00:02 - ✗ MongoDB is not responding
2025-08-30 09:00:02 - Checking Redis...
2025-08-30 09:00:02 - ✓ Redis is healthy
2025-08-30 09:00:02 -   - Memory usage: 1.13M
2025-08-30 09:00:02 -   - Connected clients: 2
2025-08-30 09:00:02 - Database Services: 2/4 healthy
2025-08-30 09:00:02 - Checking disk space...
2025-08-30 09:00:02 - Disk usage: 19%
2025-08-30 09:00:02 - ✓ Disk space is adequate
2025-08-30 09:00:02 - Checking container status...
2025-08-30 09:00:02 - ✓ mariadb is running
2025-08-30 09:00:03 - ✓ postgresql is running
2025-08-30 09:00:03 - ✓ mongodb is running
2025-08-30 09:00:03 - ✓ redis is running
2025-08-30 09:00:03 - ✓ phpmyadmin is running
2025-08-30 09:00:03 - ✓ pgadmin is running
2025-08-30 09:00:03 - ✓ mongo-express is running
2025-08-30 09:00:03 - ✓ redis-commander is running
2025-08-30 09:00:03 - === END SUMMARY ===
2025-08-30 10:00:01 - === HEALTH CHECK SUMMARY ===
2025-08-30 10:00:01 - Checking MariaDB...
2025-08-30 10:00:01 - ✗ MariaDB is not responding
2025-08-30 10:00:01 - Checking PostgreSQL...
2025-08-30 10:00:01 - ✓ PostgreSQL is healthy
2025-08-30 10:00:01 -   - Active connections: 6
2025-08-30 10:00:01 - Checking MongoDB...
2025-08-30 10:00:01 - ✗ MongoDB is not responding
2025-08-30 10:00:01 - Checking Redis...
2025-08-30 10:00:01 - ✓ Redis is healthy
2025-08-30 10:00:02 -   - Memory usage: 1.13M
2025-08-30 10:00:02 -   - Connected clients: 2
2025-08-30 10:00:02 - Database Services: 2/4 healthy
2025-08-30 10:00:02 - Checking disk space...
2025-08-30 10:00:02 - Disk usage: 19%
2025-08-30 10:00:02 - ✓ Disk space is adequate
2025-08-30 10:00:02 - Checking container status...
2025-08-30 10:00:02 - ✓ mariadb is running
2025-08-30 10:00:02 - ✓ postgresql is running
2025-08-30 10:00:02 - ✓ mongodb is running
2025-08-30 10:00:02 - ✓ redis is running
2025-08-30 10:00:02 - ✓ phpmyadmin is running
2025-08-30 10:00:02 - ✓ pgadmin is running
2025-08-30 10:00:02 - ✓ mongo-express is running
2025-08-30 10:00:02 - ✓ redis-commander is running
2025-08-30 10:00:02 - === END SUMMARY ===
2025-08-30 11:00:01 - === HEALTH CHECK SUMMARY ===
2025-08-30 11:00:01 - Checking MariaDB...
2025-08-30 11:00:01 - ✗ MariaDB is not responding
2025-08-30 11:00:01 - Checking PostgreSQL...
2025-08-30 11:00:01 - ✓ PostgreSQL is healthy
2025-08-30 11:00:02 -   - Active connections: 6
2025-08-30 11:00:02 - Checking MongoDB...
2025-08-30 11:00:02 - ✗ MongoDB is not responding
2025-08-30 11:00:02 - Checking Redis...
2025-08-30 11:00:02 - ✓ Redis is healthy
2025-08-30 11:00:02 -   - Memory usage: 1.13M
2025-08-30 11:00:02 -   - Connected clients: 2
2025-08-30 11:00:02 - Database Services: 2/4 healthy
2025-08-30 11:00:02 - Checking disk space...
2025-08-30 11:00:02 - Disk usage: 19%
2025-08-30 11:00:02 - ✓ Disk space is adequate
2025-08-30 11:00:02 - Checking container status...
2025-08-30 11:00:02 - ✓ mariadb is running
2025-08-30 11:00:02 - ✓ postgresql is running
2025-08-30 11:00:02 - ✓ mongodb is running
2025-08-30 11:00:02 - ✓ redis is running
2025-08-30 11:00:02 - ✓ phpmyadmin is running
2025-08-30 11:00:02 - ✓ pgadmin is running
2025-08-30 11:00:02 - ✓ mongo-express is running
2025-08-30 11:00:03 - ✓ redis-commander is running
2025-08-30 11:00:03 - === END SUMMARY ===
2025-08-30 12:00:01 - === HEALTH CHECK SUMMARY ===
2025-08-30 12:00:01 - Checking MariaDB...
2025-08-30 12:00:01 - ✗ MariaDB is not responding
2025-08-30 12:00:01 - Checking PostgreSQL...
2025-08-30 12:00:01 - ✓ PostgreSQL is healthy
2025-08-30 12:00:01 -   - Active connections: 6
2025-08-30 12:00:01 - Checking MongoDB...
2025-08-30 12:00:01 - ✗ MongoDB is not responding
2025-08-30 12:00:01 - Checking Redis...
2025-08-30 12:00:01 - ✓ Redis is healthy
2025-08-30 12:00:01 -   - Memory usage: 1.13M
2025-08-30 12:00:01 -   - Connected clients: 2
2025-08-30 12:00:01 - Database Services: 2/4 healthy
2025-08-30 12:00:01 - Checking disk space...
2025-08-30 12:00:01 - Disk usage: 19%
2025-08-30 12:00:02 - ✓ Disk space is adequate
2025-08-30 12:00:02 - Checking container status...
2025-08-30 12:00:02 - ✓ mariadb is running
2025-08-30 12:00:02 - ✓ postgresql is running
2025-08-30 12:00:02 - ✓ mongodb is running
2025-08-30 12:00:02 - ✓ redis is running
2025-08-30 12:00:02 - ✓ phpmyadmin is running
2025-08-30 12:00:02 - ✓ pgadmin is running
2025-08-30 12:00:02 - ✓ mongo-express is running
2025-08-30 12:00:02 - ✓ redis-commander is running
2025-08-30 12:00:02 - === END SUMMARY ===
2025-08-30 13:00:01 - === HEALTH CHECK SUMMARY ===
2025-08-30 13:00:01 - Checking MariaDB...
2025-08-30 13:00:01 - ✗ MariaDB is not responding
2025-08-30 13:00:01 - Checking PostgreSQL...
2025-08-30 13:00:01 - ✓ PostgreSQL is healthy
2025-08-30 13:00:01 -   - Active connections: 6
2025-08-30 13:00:01 - Checking MongoDB...
2025-08-30 13:00:02 - ✗ MongoDB is not responding
2025-08-30 13:00:02 - Checking Redis...
2025-08-30 13:00:02 - ✓ Redis is healthy
2025-08-30 13:00:02 -   - Memory usage: 1.13M
2025-08-30 13:00:02 -   - Connected clients: 2
2025-08-30 13:00:02 - Database Services: 2/4 healthy
2025-08-30 13:00:02 - Checking disk space...
2025-08-30 13:00:02 - Disk usage: 19%
2025-08-30 13:00:02 - ✓ Disk space is adequate
2025-08-30 13:00:02 - Checking container status...
2025-08-30 13:00:02 - ✓ mariadb is running
2025-08-30 13:00:02 - ✓ postgresql is running
2025-08-30 13:00:02 - ✓ mongodb is running
2025-08-30 13:00:02 - ✓ redis is running
2025-08-30 13:00:02 - ✓ phpmyadmin is running
2025-08-30 13:00:02 - ✓ pgadmin is running
2025-08-30 13:00:02 - ✓ mongo-express is running
2025-08-30 13:00:02 - ✓ redis-commander is running
2025-08-30 13:00:02 - === END SUMMARY ===
2025-08-30 14:00:01 - === HEALTH CHECK SUMMARY ===
2025-08-30 14:00:01 - Checking MariaDB...
2025-08-30 14:00:01 - ✗ MariaDB is not responding
2025-08-30 14:00:02 - Checking PostgreSQL...
2025-08-30 14:00:02 - ✓ PostgreSQL is healthy
2025-08-30 14:00:02 -   - Active connections: 6
2025-08-30 14:00:02 - Checking MongoDB...
2025-08-30 14:00:02 - ✗ MongoDB is not responding
2025-08-30 14:00:02 - Checking Redis...
2025-08-30 14:00:02 - ✓ Redis is healthy
2025-08-30 14:00:02 -   - Memory usage: 1.13M
2025-08-30 14:00:02 -   - Connected clients: 2
2025-08-30 14:00:02 - Database Services: 2/4 healthy
2025-08-30 14:00:02 - Checking disk space...
2025-08-30 14:00:02 - Disk usage: 19%
2025-08-30 14:00:02 - ✓ Disk space is adequate
2025-08-30 14:00:02 - Checking container status...
2025-08-30 14:00:02 - ✓ mariadb is running
2025-08-30 14:00:02 - ✓ postgresql is running
2025-08-30 14:00:02 - ✓ mongodb is running
2025-08-30 14:00:02 - ✓ redis is running
2025-08-30 14:00:03 - ✓ phpmyadmin is running
2025-08-30 14:00:03 - ✓ pgadmin is running
2025-08-30 14:00:03 - ✓ mongo-express is running
2025-08-30 14:00:03 - ✓ redis-commander is running
2025-08-30 14:00:03 - === END SUMMARY ===
2025-08-30 15:00:01 - === HEALTH CHECK SUMMARY ===
2025-08-30 15:00:01 - Checking MariaDB...
2025-08-30 15:00:01 - ✗ MariaDB is not responding
2025-08-30 15:00:01 - Checking PostgreSQL...
2025-08-30 15:00:01 - ✓ PostgreSQL is healthy
2025-08-30 15:00:01 -   - Active connections: 6
2025-08-30 15:00:01 - Checking MongoDB...
2025-08-30 15:00:01 - ✗ MongoDB is not responding
2025-08-30 15:00:01 - Checking Redis...
2025-08-30 15:00:01 - ✓ Redis is healthy
2025-08-30 15:00:02 -   - Memory usage: 1.13M
2025-08-30 15:00:02 -   - Connected clients: 2
2025-08-30 15:00:02 - Database Services: 2/4 healthy
2025-08-30 15:00:02 - Checking disk space...
2025-08-30 15:00:02 - Disk usage: 19%
2025-08-30 15:00:02 - ✓ Disk space is adequate
2025-08-30 15:00:02 - Checking container status...
2025-08-30 15:00:02 - ✓ mariadb is running
2025-08-30 15:00:02 - ✓ postgresql is running
2025-08-30 15:00:02 - ✓ mongodb is running
2025-08-30 15:00:02 - ✓ redis is running
2025-08-30 15:00:02 - ✓ phpmyadmin is running
2025-08-30 15:00:02 - ✓ pgadmin is running
2025-08-30 15:00:02 - ✓ mongo-express is running
2025-08-30 15:00:02 - ✓ redis-commander is running
2025-08-30 15:00:02 - === END SUMMARY ===
2025-08-30 16:00:01 - === HEALTH CHECK SUMMARY ===
2025-08-30 16:00:01 - Checking MariaDB...
2025-08-30 16:00:01 - ✗ MariaDB is not responding
2025-08-30 16:00:01 - Checking PostgreSQL...
2025-08-30 16:00:01 - ✓ PostgreSQL is healthy
2025-08-30 16:00:02 -   - Active connections: 6
2025-08-30 16:00:02 - Checking MongoDB...
2025-08-30 16:00:02 - ✗ MongoDB is not responding
2025-08-30 16:00:02 - Checking Redis...
2025-08-30 16:00:02 - ✓ Redis is healthy
2025-08-30 16:00:02 -   - Memory usage: 1.13M
2025-08-30 16:00:02 -   - Connected clients: 2
2025-08-30 16:00:02 - Database Services: 2/4 healthy
2025-08-30 16:00:02 - Checking disk space...
2025-08-30 16:00:02 - Disk usage: 19%
2025-08-30 16:00:02 - ✓ Disk space is adequate
2025-08-30 16:00:02 - Checking container status...
2025-08-30 16:00:02 - ✓ mariadb is running
2025-08-30 16:00:02 - ✓ postgresql is running
2025-08-30 16:00:02 - ✓ mongodb is running
2025-08-30 16:00:02 - ✓ redis is running
2025-08-30 16:00:02 - ✓ phpmyadmin is running
2025-08-30 16:00:02 - ✓ pgadmin is running
2025-08-30 16:00:02 - ✓ mongo-express is running
2025-08-30 16:00:02 - ✓ redis-commander is running
2025-08-30 16:00:02 - === END SUMMARY ===
2025-08-30 17:00:01 - === HEALTH CHECK SUMMARY ===
2025-08-30 17:00:01 - Checking MariaDB...
2025-08-30 17:00:01 - ✗ MariaDB is not responding
2025-08-30 17:00:01 - Checking PostgreSQL...
2025-08-30 17:00:01 - ✓ PostgreSQL is healthy
2025-08-30 17:00:01 -   - Active connections: 6
2025-08-30 17:00:01 - Checking MongoDB...
2025-08-30 17:00:01 - ✗ MongoDB is not responding
2025-08-30 17:00:01 - Checking Redis...
2025-08-30 17:00:01 - ✓ Redis is healthy
2025-08-30 17:00:01 -   - Memory usage: 1.13M
2025-08-30 17:00:02 -   - Connected clients: 2
2025-08-30 17:00:02 - Database Services: 2/4 healthy
2025-08-30 17:00:02 - Checking disk space...
2025-08-30 17:00:02 - Disk usage: 19%
2025-08-30 17:00:02 - ✓ Disk space is adequate
2025-08-30 17:00:02 - Checking container status...
2025-08-30 17:00:02 - ✓ mariadb is running
2025-08-30 17:00:02 - ✓ postgresql is running
2025-08-30 17:00:02 - ✓ mongodb is running
2025-08-30 17:00:02 - ✓ redis is running
2025-08-30 17:00:02 - ✓ phpmyadmin is running
2025-08-30 17:00:02 - ✓ pgadmin is running
2025-08-30 17:00:02 - ✓ mongo-express is running
2025-08-30 17:00:02 - ✓ redis-commander is running
2025-08-30 17:00:02 - === END SUMMARY ===
2025-08-30 18:00:01 - === HEALTH CHECK SUMMARY ===
2025-08-30 18:00:01 - Checking MariaDB...
2025-08-30 18:00:01 - ✗ MariaDB is not responding
2025-08-30 18:00:01 - Checking PostgreSQL...
2025-08-30 18:00:01 - ✓ PostgreSQL is healthy
2025-08-30 18:00:02 -   - Active connections: 6
2025-08-30 18:00:02 - Checking MongoDB...
2025-08-30 18:00:02 - ✗ MongoDB is not responding
2025-08-30 18:00:02 - Checking Redis...
2025-08-30 18:00:02 - ✓ Redis is healthy
2025-08-30 18:00:02 -   - Memory usage: 1.13M
2025-08-30 18:00:02 -   - Connected clients: 2
2025-08-30 18:00:02 - Database Services: 2/4 healthy
2025-08-30 18:00:02 - Checking disk space...
2025-08-30 18:00:02 - Disk usage: 19%
2025-08-30 18:00:02 - ✓ Disk space is adequate
2025-08-30 18:00:02 - Checking container status...
2025-08-30 18:00:02 - ✓ mariadb is running
2025-08-30 18:00:02 - ✓ postgresql is running
2025-08-30 18:00:02 - ✓ mongodb is running
2025-08-30 18:00:02 - ✓ redis is running
2025-08-30 18:00:02 - ✓ phpmyadmin is running
2025-08-30 18:00:02 - ✓ pgadmin is running
2025-08-30 18:00:02 - ✓ mongo-express is running
2025-08-30 18:00:02 - ✓ redis-commander is running
2025-08-30 18:00:02 - === END SUMMARY ===
2025-08-30 19:00:02 - === HEALTH CHECK SUMMARY ===
2025-08-30 19:00:02 - Checking MariaDB...
2025-08-30 19:00:02 - ✗ MariaDB is not responding
2025-08-30 19:00:02 - Checking PostgreSQL...
2025-08-30 19:00:02 - ✓ PostgreSQL is healthy
2025-08-30 19:00:02 -   - Active connections: 6
2025-08-30 19:00:02 - Checking MongoDB...
2025-08-30 19:00:02 - ✗ MongoDB is not responding
2025-08-30 19:00:02 - Checking Redis...
2025-08-30 19:00:02 - ✓ Redis is healthy
2025-08-30 19:00:02 -   - Memory usage: 1.13M
2025-08-30 19:00:03 -   - Connected clients: 2
2025-08-30 19:00:03 - Database Services: 2/4 healthy
2025-08-30 19:00:03 - Checking disk space...
2025-08-30 19:00:03 - Disk usage: 19%
2025-08-30 19:00:03 - ✓ Disk space is adequate
2025-08-30 19:00:03 - Checking container status...
2025-08-30 19:00:03 - ✓ mariadb is running
2025-08-30 19:00:03 - ✓ postgresql is running
2025-08-30 19:00:03 - ✓ mongodb is running
2025-08-30 19:00:03 - ✓ redis is running
2025-08-30 19:00:03 - ✓ phpmyadmin is running
2025-08-30 19:00:03 - ✓ pgadmin is running
2025-08-30 19:00:03 - ✓ mongo-express is running
2025-08-30 19:00:03 - ✓ redis-commander is running
2025-08-30 19:00:03 - === END SUMMARY ===
2025-08-30 20:00:01 - === HEALTH CHECK SUMMARY ===
2025-08-30 20:00:01 - Checking MariaDB...
2025-08-30 20:00:01 - ✗ MariaDB is not responding
2025-08-30 20:00:01 - Checking PostgreSQL...
2025-08-30 20:00:01 - ✓ PostgreSQL is healthy
2025-08-30 20:00:01 -   - Active connections: 6
2025-08-30 20:00:01 - Checking MongoDB...
2025-08-30 20:00:02 - ✗ MongoDB is not responding
2025-08-30 20:00:02 - Checking Redis...
2025-08-30 20:00:02 - ✓ Redis is healthy
2025-08-30 20:00:02 -   - Memory usage: 1.13M
2025-08-30 20:00:02 -   - Connected clients: 2
2025-08-30 20:00:02 - Database Services: 2/4 healthy
2025-08-30 20:00:02 - Checking disk space...
2025-08-30 20:00:02 - Disk usage: 19%
2025-08-30 20:00:02 - ✓ Disk space is adequate
2025-08-30 20:00:02 - Checking container status...
2025-08-30 20:00:02 - ✓ mariadb is running
2025-08-30 20:00:02 - ✓ postgresql is running
2025-08-30 20:00:02 - ✓ mongodb is running
2025-08-30 20:00:02 - ✓ redis is running
2025-08-30 20:00:02 - ✓ phpmyadmin is running
2025-08-30 20:00:02 - ✓ pgadmin is running
2025-08-30 20:00:02 - ✓ mongo-express is running
2025-08-30 20:00:02 - ✓ redis-commander is running
2025-08-30 20:00:02 - === END SUMMARY ===
2025-08-30 21:00:01 - === HEALTH CHECK SUMMARY ===
2025-08-30 21:00:01 - Checking MariaDB...
2025-08-30 21:00:02 - ✗ MariaDB is not responding
2025-08-30 21:00:02 - Checking PostgreSQL...
2025-08-30 21:00:02 - ✓ PostgreSQL is healthy
2025-08-30 21:00:02 -   - Active connections: 6
2025-08-30 21:00:02 - Checking MongoDB...
2025-08-30 21:00:02 - ✗ MongoDB is not responding
2025-08-30 21:00:02 - Checking Redis...
2025-08-30 21:00:02 - ✓ Redis is healthy
2025-08-30 21:00:02 -   - Memory usage: 1.13M
2025-08-30 21:00:02 -   - Connected clients: 2
2025-08-30 21:00:02 - Database Services: 2/4 healthy
2025-08-30 21:00:02 - Checking disk space...
2025-08-30 21:00:02 - Disk usage: 19%
2025-08-30 21:00:02 - ✓ Disk space is adequate
2025-08-30 21:00:02 - Checking container status...
2025-08-30 21:00:02 - ✓ mariadb is running
2025-08-30 21:00:02 - ✓ postgresql is running
2025-08-30 21:00:03 - ✓ mongodb is running
2025-08-30 21:00:03 - ✓ redis is running
2025-08-30 21:00:03 - ✓ phpmyadmin is running
2025-08-30 21:00:03 - ✓ pgadmin is running
2025-08-30 21:00:03 - ✓ mongo-express is running
2025-08-30 21:00:03 - ✓ redis-commander is running
2025-08-30 21:00:03 - === END SUMMARY ===
2025-08-30 22:00:01 - === HEALTH CHECK SUMMARY ===
2025-08-30 22:00:01 - Checking MariaDB...
2025-08-30 22:00:01 - ✗ MariaDB is not responding
2025-08-30 22:00:01 - Checking PostgreSQL...
2025-08-30 22:00:01 - ✓ PostgreSQL is healthy
2025-08-30 22:00:01 -   - Active connections: 6
2025-08-30 22:00:01 - Checking MongoDB...
2025-08-30 22:00:01 - ✗ MongoDB is not responding
2025-08-30 22:00:01 - Checking Redis...
2025-08-30 22:00:02 - ✓ Redis is healthy
2025-08-30 22:00:02 -   - Memory usage: 1.13M
2025-08-30 22:00:02 -   - Connected clients: 2
2025-08-30 22:00:02 - Database Services: 2/4 healthy
2025-08-30 22:00:02 - Checking disk space...
2025-08-30 22:00:02 - Disk usage: 19%
2025-08-30 22:00:02 - ✓ Disk space is adequate
2025-08-30 22:00:02 - Checking container status...
2025-08-30 22:00:02 - ✓ mariadb is running
2025-08-30 22:00:02 - ✓ postgresql is running
2025-08-30 22:00:02 - ✓ mongodb is running
2025-08-30 22:00:02 - ✓ redis is running
2025-08-30 22:00:02 - ✓ phpmyadmin is running
2025-08-30 22:00:02 - ✓ pgadmin is running
2025-08-30 22:00:02 - ✓ mongo-express is running
2025-08-30 22:00:02 - ✓ redis-commander is running
2025-08-30 22:00:02 - === END SUMMARY ===
2025-08-30 23:00:01 - === HEALTH CHECK SUMMARY ===
2025-08-30 23:00:01 - Checking MariaDB...
2025-08-30 23:00:01 - ✗ MariaDB is not responding
2025-08-30 23:00:01 - Checking PostgreSQL...
2025-08-30 23:00:02 - ✓ PostgreSQL is healthy
2025-08-30 23:00:02 -   - Active connections: 6
2025-08-30 23:00:02 - Checking MongoDB...
2025-08-30 23:00:02 - ✗ MongoDB is not responding
2025-08-30 23:00:02 - Checking Redis...
2025-08-30 23:00:02 - ✓ Redis is healthy
2025-08-30 23:00:02 -   - Memory usage: 1.13M
2025-08-30 23:00:02 -   - Connected clients: 2
2025-08-30 23:00:02 - Database Services: 2/4 healthy
2025-08-30 23:00:02 - Checking disk space...
2025-08-30 23:00:02 - Disk usage: 19%
2025-08-30 23:00:02 - ✓ Disk space is adequate
2025-08-30 23:00:02 - Checking container status...
2025-08-30 23:00:02 - ✓ mariadb is running
2025-08-30 23:00:02 - ✓ postgresql is running
2025-08-30 23:00:02 - ✓ mongodb is running
2025-08-30 23:00:02 - ✓ redis is running
2025-08-30 23:00:03 - ✓ phpmyadmin is running
2025-08-30 23:00:03 - ✓ pgadmin is running
2025-08-30 23:00:03 - ✓ mongo-express is running
2025-08-30 23:00:03 - ✓ redis-commander is running
2025-08-30 23:00:03 - === END SUMMARY ===
2025-08-31 00:00:01 - === HEALTH CHECK SUMMARY ===
2025-08-31 00:00:01 - Checking MariaDB...
2025-08-31 00:00:01 - ✗ MariaDB is not responding
2025-08-31 00:00:01 - Checking PostgreSQL...
2025-08-31 00:00:01 - ✓ PostgreSQL is healthy
2025-08-31 00:00:01 -   - Active connections: 6
2025-08-31 00:00:01 - Checking MongoDB...
2025-08-31 00:00:01 - ✗ MongoDB is not responding
2025-08-31 00:00:01 - Checking Redis...
2025-08-31 00:00:01 - ✓ Redis is healthy
2025-08-31 00:00:02 -   - Memory usage: 1.13M
2025-08-31 00:00:02 -   - Connected clients: 2
2025-08-31 00:00:02 - Database Services: 2/4 healthy
2025-08-31 00:00:02 - Checking disk space...
2025-08-31 00:00:02 - Disk usage: 19%
2025-08-31 00:00:02 - ✓ Disk space is adequate
2025-08-31 00:00:02 - Checking container status...
2025-08-31 00:00:02 - ✓ mariadb is running
2025-08-31 00:00:02 - ✓ postgresql is running
2025-08-31 00:00:02 - ✓ mongodb is running
2025-08-31 00:00:02 - ✓ redis is running
2025-08-31 00:00:02 - ✓ phpmyadmin is running
2025-08-31 00:00:02 - ✓ pgadmin is running
2025-08-31 00:00:02 - ✓ mongo-express is running
2025-08-31 00:00:02 - ✓ redis-commander is running
2025-08-31 00:00:02 - === END SUMMARY ===
2025-08-31 01:00:01 - === HEALTH CHECK SUMMARY ===
2025-08-31 01:00:01 - Checking MariaDB...
2025-08-31 01:00:01 - ✗ MariaDB is not responding
2025-08-31 01:00:01 - Checking PostgreSQL...
2025-08-31 01:00:01 - ✓ PostgreSQL is healthy
2025-08-31 01:00:02 -   - Active connections: 6
2025-08-31 01:00:02 - Checking MongoDB...
2025-08-31 01:00:02 - ✗ MongoDB is not responding
2025-08-31 01:00:02 - Checking Redis...
2025-08-31 01:00:02 - ✓ Redis is healthy
2025-08-31 01:00:02 -   - Memory usage: 1.13M
2025-08-31 01:00:02 -   - Connected clients: 2
2025-08-31 01:00:02 - Database Services: 2/4 healthy
2025-08-31 01:00:02 - Checking disk space...
2025-08-31 01:00:02 - Disk usage: 19%
2025-08-31 01:00:02 - ✓ Disk space is adequate
2025-08-31 01:00:02 - Checking container status...
2025-08-31 01:00:02 - ✓ mariadb is running
2025-08-31 01:00:02 - ✓ postgresql is running
2025-08-31 01:00:02 - ✓ mongodb is running
2025-08-31 01:00:02 - ✓ redis is running
2025-08-31 01:00:02 - ✓ phpmyadmin is running
2025-08-31 01:00:02 - ✓ pgadmin is running
2025-08-31 01:00:02 - ✓ mongo-express is running
2025-08-31 01:00:03 - ✓ redis-commander is running
2025-08-31 01:00:03 - === END SUMMARY ===
2025-08-31 02:00:01 - === HEALTH CHECK SUMMARY ===
2025-08-31 02:00:01 - Checking MariaDB...
2025-08-31 02:00:01 - ✗ MariaDB is not responding
2025-08-31 02:00:01 - Checking PostgreSQL...
2025-08-31 02:00:01 - ✓ PostgreSQL is healthy
2025-08-31 02:00:01 -   - Active connections: 8
2025-08-31 02:00:01 - Checking MongoDB...
2025-08-31 02:00:01 - ✗ MongoDB is not responding
2025-08-31 02:00:01 - Checking Redis...
2025-08-31 02:00:01 - ✓ Redis is healthy
2025-08-31 02:00:01 -   - Memory usage: 1.13M
2025-08-31 02:00:01 -   - Connected clients: 2
2025-08-31 02:00:01 - Database Services: 2/4 healthy
2025-08-31 02:00:01 - Checking disk space...
2025-08-31 02:00:01 - Disk usage: 19%
2025-08-31 02:00:01 - ✓ Disk space is adequate
2025-08-31 02:00:01 - Checking container status...
2025-08-31 02:00:01 - ✓ mariadb is running
2025-08-31 02:00:01 - ✓ postgresql is running
2025-08-31 02:00:02 - ✓ mongodb is running
2025-08-31 02:00:02 - ✓ redis is running
2025-08-31 02:00:02 - ✓ phpmyadmin is running
2025-08-31 02:00:02 - ✓ pgadmin is running
2025-08-31 02:00:02 - ✓ mongo-express is running
2025-08-31 02:00:02 - ✓ redis-commander is running
2025-08-31 02:00:02 - === END SUMMARY ===
2025-08-31 03:00:01 - === HEALTH CHECK SUMMARY ===
2025-08-31 03:00:01 - Checking MariaDB...
2025-08-31 03:00:02 - ✗ MariaDB is not responding
2025-08-31 03:00:02 - Checking PostgreSQL...
2025-08-31 03:00:02 - ✓ PostgreSQL is healthy
2025-08-31 03:00:02 -   - Active connections: 6
2025-08-31 03:00:02 - Checking MongoDB...
2025-08-31 03:00:02 - ✗ MongoDB is not responding
2025-08-31 03:00:02 - Checking Redis...
2025-08-31 03:00:02 - ✓ Redis is healthy
2025-08-31 03:00:02 -   - Memory usage: 1.13M
2025-08-31 03:00:02 -   - Connected clients: 2
2025-08-31 03:00:02 - Database Services: 2/4 healthy
2025-08-31 03:00:02 - Checking disk space...
2025-08-31 03:00:02 - Disk usage: 19%
2025-08-31 03:00:02 - ✓ Disk space is adequate
2025-08-31 03:00:02 - Checking container status...
2025-08-31 03:00:02 - ✓ mariadb is running
2025-08-31 03:00:03 - ✓ postgresql is running
2025-08-31 03:00:03 - ✓ mongodb is running
2025-08-31 03:00:03 - ✓ redis is running
2025-08-31 03:00:03 - ✓ phpmyadmin is running
2025-08-31 03:00:03 - ✓ pgadmin is running
2025-08-31 03:00:03 - ✓ mongo-express is running
2025-08-31 03:00:03 - ✓ redis-commander is running
2025-08-31 03:00:03 - === END SUMMARY ===
2025-08-31 04:00:01 - === HEALTH CHECK SUMMARY ===
2025-08-31 04:00:01 - Checking MariaDB...
2025-08-31 04:00:01 - ✗ MariaDB is not responding
2025-08-31 04:00:01 - Checking PostgreSQL...
2025-08-31 04:00:01 - ✓ PostgreSQL is healthy
2025-08-31 04:00:01 -   - Active connections: 6
2025-08-31 04:00:01 - Checking MongoDB...
2025-08-31 04:00:01 - ✗ MongoDB is not responding
2025-08-31 04:00:01 - Checking Redis...
2025-08-31 04:00:02 - ✓ Redis is healthy
2025-08-31 04:00:02 -   - Memory usage: 1.13M
2025-08-31 04:00:02 -   - Connected clients: 2
2025-08-31 04:00:02 - Database Services: 2/4 healthy
2025-08-31 04:00:02 - Checking disk space...
2025-08-31 04:00:02 - Disk usage: 19%
2025-08-31 04:00:02 - ✓ Disk space is adequate
2025-08-31 04:00:02 - Checking container status...
2025-08-31 04:00:02 - ✓ mariadb is running
2025-08-31 04:00:02 - ✓ postgresql is running
2025-08-31 04:00:02 - ✓ mongodb is running
2025-08-31 04:00:02 - ✓ redis is running
2025-08-31 04:00:02 - ✓ phpmyadmin is running
2025-08-31 04:00:02 - ✓ pgadmin is running
2025-08-31 04:00:02 - ✓ mongo-express is running
2025-08-31 04:00:02 - ✓ redis-commander is running
2025-08-31 04:00:02 - === END SUMMARY ===
2025-08-31 05:00:01 - === HEALTH CHECK SUMMARY ===
2025-08-31 05:00:01 - Checking MariaDB...
2025-08-31 05:00:01 - ✗ MariaDB is not responding
2025-08-31 05:00:01 - Checking PostgreSQL...
2025-08-31 05:00:02 - ✓ PostgreSQL is healthy
2025-08-31 05:00:02 -   - Active connections: 6
2025-08-31 05:00:02 - Checking MongoDB...
2025-08-31 05:00:02 - ✗ MongoDB is not responding
2025-08-31 05:00:02 - Checking Redis...
2025-08-31 05:00:02 - ✓ Redis is healthy
2025-08-31 05:00:02 -   - Memory usage: 1.13M
2025-08-31 05:00:02 -   - Connected clients: 2
2025-08-31 05:00:02 - Database Services: 2/4 healthy
2025-08-31 05:00:02 - Checking disk space...
2025-08-31 05:00:02 - Disk usage: 19%
2025-08-31 05:00:02 - ✓ Disk space is adequate
2025-08-31 05:00:02 - Checking container status...
2025-08-31 05:00:02 - ✓ mariadb is running
2025-08-31 05:00:02 - ✓ postgresql is running
2025-08-31 05:00:02 - ✓ mongodb is running
2025-08-31 05:00:02 - ✓ redis is running
2025-08-31 05:00:02 - ✓ phpmyadmin is running
2025-08-31 05:00:03 - ✓ pgadmin is running
2025-08-31 05:00:03 - ✓ mongo-express is running
2025-08-31 05:00:03 - ✓ redis-commander is running
2025-08-31 05:00:03 - === END SUMMARY ===
2025-08-31 06:00:01 - === HEALTH CHECK SUMMARY ===
2025-08-31 06:00:01 - Checking MariaDB...
2025-08-31 06:00:01 - ✗ MariaDB is not responding
2025-08-31 06:00:01 - Checking PostgreSQL...
2025-08-31 06:00:01 - ✓ PostgreSQL is healthy
2025-08-31 06:00:01 -   - Active connections: 6
2025-08-31 06:00:01 - Checking MongoDB...
2025-08-31 06:00:01 - ✗ MongoDB is not responding
2025-08-31 06:00:01 - Checking Redis...
2025-08-31 06:00:01 - ✓ Redis is healthy
2025-08-31 06:00:02 -   - Memory usage: 1.13M
2025-08-31 06:00:02 -   - Connected clients: 2
2025-08-31 06:00:02 - Database Services: 2/4 healthy
2025-08-31 06:00:02 - Checking disk space...
2025-08-31 06:00:02 - Disk usage: 19%
2025-08-31 06:00:02 - ✓ Disk space is adequate
2025-08-31 06:00:02 - Checking container status...
2025-08-31 06:00:02 - ✓ mariadb is running
2025-08-31 06:00:02 - ✓ postgresql is running
2025-08-31 06:00:02 - ✓ mongodb is running
2025-08-31 06:00:02 - ✓ redis is running
2025-08-31 06:00:02 - ✓ phpmyadmin is running
2025-08-31 06:00:02 - ✓ pgadmin is running
2025-08-31 06:00:02 - ✓ mongo-express is running
2025-08-31 06:00:02 - ✓ redis-commander is running
2025-08-31 06:00:02 - === END SUMMARY ===
2025-08-31 07:00:01 - === HEALTH CHECK SUMMARY ===
2025-08-31 07:00:01 - Checking MariaDB...
2025-08-31 07:00:01 - ✗ MariaDB is not responding
2025-08-31 07:00:01 - Checking PostgreSQL...
2025-08-31 07:00:02 - ✓ PostgreSQL is healthy
2025-08-31 07:00:02 -   - Active connections: 6
2025-08-31 07:00:02 - Checking MongoDB...
2025-08-31 07:00:02 - ✗ MongoDB is not responding
2025-08-31 07:00:02 - Checking Redis...
2025-08-31 07:00:02 - ✓ Redis is healthy
2025-08-31 07:00:02 -   - Memory usage: 1.13M
2025-08-31 07:00:02 -   - Connected clients: 2
2025-08-31 07:00:02 - Database Services: 2/4 healthy
2025-08-31 07:00:02 - Checking disk space...
2025-08-31 07:00:02 - Disk usage: 19%
2025-08-31 07:00:02 - ✓ Disk space is adequate
2025-08-31 07:00:02 - Checking container status...
2025-08-31 07:00:02 - ✓ mariadb is running
2025-08-31 07:00:02 - ✓ postgresql is running
2025-08-31 07:00:02 - ✓ mongodb is running
2025-08-31 07:00:02 - ✓ redis is running
2025-08-31 07:00:02 - ✓ phpmyadmin is running
2025-08-31 07:00:03 - ✓ pgadmin is running
2025-08-31 07:00:03 - ✓ mongo-express is running
2025-08-31 07:00:03 - ✓ redis-commander is running
2025-08-31 07:00:03 - === END SUMMARY ===
2025-08-31 08:00:01 - === HEALTH CHECK SUMMARY ===
2025-08-31 08:00:01 - Checking MariaDB...
2025-08-31 08:00:01 - ✗ MariaDB is not responding
2025-08-31 08:00:01 - Checking PostgreSQL...
2025-08-31 08:00:01 - ✓ PostgreSQL is healthy
2025-08-31 08:00:01 -   - Active connections: 6
2025-08-31 08:00:01 - Checking MongoDB...
2025-08-31 08:00:01 - ✗ MongoDB is not responding
2025-08-31 08:00:01 - Checking Redis...
2025-08-31 08:00:01 - ✓ Redis is healthy
2025-08-31 08:00:02 -   - Memory usage: 1.13M
2025-08-31 08:00:02 -   - Connected clients: 2
2025-08-31 08:00:02 - Database Services: 2/4 healthy
2025-08-31 08:00:02 - Checking disk space...
2025-08-31 08:00:02 - Disk usage: 19%
2025-08-31 08:00:02 - ✓ Disk space is adequate
2025-08-31 08:00:02 - Checking container status...
2025-08-31 08:00:02 - ✓ mariadb is running
2025-08-31 08:00:02 - ✓ postgresql is running
2025-08-31 08:00:02 - ✓ mongodb is running
2025-08-31 08:00:02 - ✓ redis is running
2025-08-31 08:00:02 - ✓ phpmyadmin is running
2025-08-31 08:00:02 - ✓ pgadmin is running
2025-08-31 08:00:02 - ✓ mongo-express is running
2025-08-31 08:00:02 - ✓ redis-commander is running
2025-08-31 08:00:02 - === END SUMMARY ===
2025-08-31 09:00:01 - === HEALTH CHECK SUMMARY ===
2025-08-31 09:00:01 - Checking MariaDB...
2025-08-31 09:00:01 - ✗ MariaDB is not responding
2025-08-31 09:00:01 - Checking PostgreSQL...
2025-08-31 09:00:01 - ✓ PostgreSQL is healthy
2025-08-31 09:00:02 -   - Active connections: 6
2025-08-31 09:00:02 - Checking MongoDB...
2025-08-31 09:00:02 - ✗ MongoDB is not responding
2025-08-31 09:00:02 - Checking Redis...
2025-08-31 09:00:02 - ✓ Redis is healthy
2025-08-31 09:00:02 -   - Memory usage: 1.13M
2025-08-31 09:00:02 -   - Connected clients: 2
2025-08-31 09:00:02 - Database Services: 2/4 healthy
2025-08-31 09:00:02 - Checking disk space...
2025-08-31 09:00:02 - Disk usage: 19%
2025-08-31 09:00:02 - ✓ Disk space is adequate
2025-08-31 09:00:02 - Checking container status...
2025-08-31 09:00:02 - ✓ mariadb is running
2025-08-31 09:00:02 - ✓ postgresql is running
2025-08-31 09:00:02 - ✓ mongodb is running
2025-08-31 09:00:02 - ✓ redis is running
2025-08-31 09:00:02 - ✓ phpmyadmin is running
2025-08-31 09:00:02 - ✓ pgadmin is running
2025-08-31 09:00:02 - ✓ mongo-express is running
2025-08-31 09:00:02 - ✓ redis-commander is running
2025-08-31 09:00:02 - === END SUMMARY ===
2025-08-31 10:00:02 - === HEALTH CHECK SUMMARY ===
2025-08-31 10:00:02 - Checking MariaDB...
2025-08-31 10:00:02 - ✗ MariaDB is not responding
2025-08-31 10:00:02 - Checking PostgreSQL...
2025-08-31 10:00:02 - ✓ PostgreSQL is healthy
2025-08-31 10:00:02 -   - Active connections: 6
2025-08-31 10:00:02 - Checking MongoDB...
2025-08-31 10:00:02 - ✗ MongoDB is not responding
2025-08-31 10:00:02 - Checking Redis...
2025-08-31 10:00:02 - ✓ Redis is healthy
2025-08-31 10:00:02 -   - Memory usage: 1.13M
2025-08-31 10:00:02 -   - Connected clients: 2
2025-08-31 10:00:02 - Database Services: 2/4 healthy
2025-08-31 10:00:02 - Checking disk space...
2025-08-31 10:00:02 - Disk usage: 19%
2025-08-31 10:00:02 - ✓ Disk space is adequate
2025-08-31 10:00:02 - Checking container status...
2025-08-31 10:00:03 - ✓ mariadb is running
2025-08-31 10:00:03 - ✓ postgresql is running
2025-08-31 10:00:03 - ✓ mongodb is running
2025-08-31 10:00:03 - ✓ redis is running
2025-08-31 10:00:03 - ✓ phpmyadmin is running
2025-08-31 10:00:03 - ✓ pgadmin is running
2025-08-31 10:00:03 - ✓ mongo-express is running
2025-08-31 10:00:03 - ✓ redis-commander is running
2025-08-31 10:00:03 - === END SUMMARY ===
2025-08-31 11:00:01 - === HEALTH CHECK SUMMARY ===
2025-08-31 11:00:01 - Checking MariaDB...
2025-08-31 11:00:01 - ✗ MariaDB is not responding
2025-08-31 11:00:01 - Checking PostgreSQL...
2025-08-31 11:00:01 - ✓ PostgreSQL is healthy
2025-08-31 11:00:01 -   - Active connections: 6
2025-08-31 11:00:01 - Checking MongoDB...
2025-08-31 11:00:02 - ✗ MongoDB is not responding
2025-08-31 11:00:02 - Checking Redis...
2025-08-31 11:00:02 - ✓ Redis is healthy
2025-08-31 11:00:02 -   - Memory usage: 1.13M
2025-08-31 11:00:02 -   - Connected clients: 2
2025-08-31 11:00:02 - Database Services: 2/4 healthy
2025-08-31 11:00:02 - Checking disk space...
2025-08-31 11:00:02 - Disk usage: 19%
2025-08-31 11:00:02 - ✓ Disk space is adequate
2025-08-31 11:00:02 - Checking container status...
2025-08-31 11:00:02 - ✓ mariadb is running
2025-08-31 11:00:02 - ✓ postgresql is running
2025-08-31 11:00:02 - ✓ mongodb is running
2025-08-31 11:00:02 - ✓ redis is running
2025-08-31 11:00:02 - ✓ phpmyadmin is running
2025-08-31 11:00:02 - ✓ pgadmin is running
2025-08-31 11:00:02 - ✓ mongo-express is running
2025-08-31 11:00:02 - ✓ redis-commander is running
2025-08-31 11:00:02 - === END SUMMARY ===
2025-08-31 12:00:01 - === HEALTH CHECK SUMMARY ===
2025-08-31 12:00:01 - Checking MariaDB...
2025-08-31 12:00:02 - ✗ MariaDB is not responding
2025-08-31 12:00:02 - Checking PostgreSQL...
2025-08-31 12:00:02 - ✓ PostgreSQL is healthy
2025-08-31 12:00:02 -   - Active connections: 6
2025-08-31 12:00:02 - Checking MongoDB...
2025-08-31 12:00:02 - ✗ MongoDB is not responding
2025-08-31 12:00:02 - Checking Redis...
2025-08-31 12:00:02 - ✓ Redis is healthy
2025-08-31 12:00:02 -   - Memory usage: 1.13M
2025-08-31 12:00:02 -   - Connected clients: 2
2025-08-31 12:00:02 - Database Services: 2/4 healthy
2025-08-31 12:00:02 - Checking disk space...
2025-08-31 12:00:02 - Disk usage: 19%
2025-08-31 12:00:02 - ✓ Disk space is adequate
2025-08-31 12:00:02 - Checking container status...
2025-08-31 12:00:02 - ✓ mariadb is running
2025-08-31 12:00:02 - ✓ postgresql is running
2025-08-31 12:00:03 - ✓ mongodb is running
2025-08-31 12:00:03 - ✓ redis is running
2025-08-31 12:00:03 - ✓ phpmyadmin is running
2025-08-31 12:00:03 - ✓ pgadmin is running
2025-08-31 12:00:03 - ✓ mongo-express is running
2025-08-31 12:00:03 - ✓ redis-commander is running
2025-08-31 12:00:03 - === END SUMMARY ===
2025-08-31 13:00:01 - === HEALTH CHECK SUMMARY ===
2025-08-31 13:00:01 - Checking MariaDB...
2025-08-31 13:00:01 - ✗ MariaDB is not responding
2025-08-31 13:00:01 - Checking PostgreSQL...
2025-08-31 13:00:01 - ✓ PostgreSQL is healthy
2025-08-31 13:00:01 -   - Active connections: 6
2025-08-31 13:00:01 - Checking MongoDB...
2025-08-31 13:00:01 - ✗ MongoDB is not responding
2025-08-31 13:00:01 - Checking Redis...
2025-08-31 13:00:02 - ✓ Redis is healthy
2025-08-31 13:00:02 -   - Memory usage: 1.13M
2025-08-31 13:00:02 -   - Connected clients: 2
2025-08-31 13:00:02 - Database Services: 2/4 healthy
2025-08-31 13:00:02 - Checking disk space...
2025-08-31 13:00:02 - Disk usage: 19%
2025-08-31 13:00:02 - ✓ Disk space is adequate
2025-08-31 13:00:02 - Checking container status...
2025-08-31 13:00:02 - ✓ mariadb is running
2025-08-31 13:00:02 - ✓ postgresql is running
2025-08-31 13:00:02 - ✓ mongodb is running
2025-08-31 13:00:02 - ✓ redis is running
2025-08-31 13:00:02 - ✓ phpmyadmin is running
2025-08-31 13:00:02 - ✓ pgadmin is running
2025-08-31 13:00:02 - ✓ mongo-express is running
2025-08-31 13:00:02 - ✓ redis-commander is running
2025-08-31 13:00:02 - === END SUMMARY ===
2025-08-31 14:00:01 - === HEALTH CHECK SUMMARY ===
2025-08-31 14:00:01 - Checking MariaDB...
2025-08-31 14:00:01 - ✗ MariaDB is not responding
2025-08-31 14:00:01 - Checking PostgreSQL...
2025-08-31 14:00:02 - ✓ PostgreSQL is healthy
2025-08-31 14:00:02 -   - Active connections: 6
2025-08-31 14:00:02 - Checking MongoDB...
2025-08-31 14:00:02 - ✗ MongoDB is not responding
2025-08-31 14:00:02 - Checking Redis...
2025-08-31 14:00:02 - ✓ Redis is healthy
2025-08-31 14:00:02 -   - Memory usage: 1.13M
2025-08-31 14:00:02 -   - Connected clients: 2
2025-08-31 14:00:02 - Database Services: 2/4 healthy
2025-08-31 14:00:02 - Checking disk space...
2025-08-31 14:00:02 - Disk usage: 19%
2025-08-31 14:00:02 - ✓ Disk space is adequate
2025-08-31 14:00:02 - Checking container status...
2025-08-31 14:00:02 - ✓ mariadb is running
2025-08-31 14:00:02 - ✓ postgresql is running
2025-08-31 14:00:02 - ✓ mongodb is running
2025-08-31 14:00:02 - ✓ redis is running
2025-08-31 14:00:02 - ✓ phpmyadmin is running
2025-08-31 14:00:02 - ✓ pgadmin is running
2025-08-31 14:00:03 - ✓ mongo-express is running
2025-08-31 14:00:03 - ✓ redis-commander is running
2025-08-31 14:00:03 - === END SUMMARY ===
2025-08-31 15:00:01 - === HEALTH CHECK SUMMARY ===
2025-08-31 15:00:01 - Checking MariaDB...
2025-08-31 15:00:01 - ✗ MariaDB is not responding
2025-08-31 15:00:01 - Checking PostgreSQL...
2025-08-31 15:00:01 - ✓ PostgreSQL is healthy
2025-08-31 15:00:01 -   - Active connections: 6
2025-08-31 15:00:01 - Checking MongoDB...
2025-08-31 15:00:01 - ✗ MongoDB is not responding
2025-08-31 15:00:01 - Checking Redis...
2025-08-31 15:00:01 - ✓ Redis is healthy
2025-08-31 15:00:01 -   - Memory usage: 1.13M
2025-08-31 15:00:02 -   - Connected clients: 2
2025-08-31 15:00:02 - Database Services: 2/4 healthy
2025-08-31 15:00:02 - Checking disk space...
2025-08-31 15:00:02 - Disk usage: 19%
2025-08-31 15:00:02 - ✓ Disk space is adequate
2025-08-31 15:00:02 - Checking container status...
2025-08-31 15:00:02 - ✓ mariadb is running
2025-08-31 15:00:02 - ✓ postgresql is running
2025-08-31 15:00:02 - ✓ mongodb is running
2025-08-31 15:00:02 - ✓ redis is running
2025-08-31 15:00:02 - ✓ phpmyadmin is running
2025-08-31 15:00:02 - ✓ pgadmin is running
2025-08-31 15:00:02 - ✓ mongo-express is running
2025-08-31 15:00:02 - ✓ redis-commander is running
2025-08-31 15:00:02 - === END SUMMARY ===
2025-08-31 16:00:01 - === HEALTH CHECK SUMMARY ===
2025-08-31 16:00:01 - Checking MariaDB...
2025-08-31 16:00:01 - ✗ MariaDB is not responding
2025-08-31 16:00:01 - Checking PostgreSQL...
2025-08-31 16:00:01 - ✓ PostgreSQL is healthy
2025-08-31 16:00:02 -   - Active connections: 6
2025-08-31 16:00:02 - Checking MongoDB...
2025-08-31 16:00:02 - ✗ MongoDB is not responding
2025-08-31 16:00:02 - Checking Redis...
2025-08-31 16:00:02 - ✓ Redis is healthy
2025-08-31 16:00:02 -   - Memory usage: 1.13M
2025-08-31 16:00:02 -   - Connected clients: 2
2025-08-31 16:00:02 - Database Services: 2/4 healthy
2025-08-31 16:00:02 - Checking disk space...
2025-08-31 16:00:02 - Disk usage: 19%
2025-08-31 16:00:02 - ✓ Disk space is adequate
2025-08-31 16:00:02 - Checking container status...
2025-08-31 16:00:02 - ✓ mariadb is running
2025-08-31 16:00:02 - ✓ postgresql is running
2025-08-31 16:00:02 - ✓ mongodb is running
2025-08-31 16:00:02 - ✓ redis is running
2025-08-31 16:00:02 - ✓ phpmyadmin is running
2025-08-31 16:00:02 - ✓ pgadmin is running
2025-08-31 16:00:02 - ✓ mongo-express is running
2025-08-31 16:00:02 - ✓ redis-commander is running
2025-08-31 16:00:02 - === END SUMMARY ===
2025-08-31 17:00:02 - === HEALTH CHECK SUMMARY ===
2025-08-31 17:00:02 - Checking MariaDB...
2025-08-31 17:00:02 - ✗ MariaDB is not responding
2025-08-31 17:00:02 - Checking PostgreSQL...
2025-08-31 17:00:02 - ✓ PostgreSQL is healthy
2025-08-31 17:00:02 -   - Active connections: 6
2025-08-31 17:00:02 - Checking MongoDB...
2025-08-31 17:00:02 - ✗ MongoDB is not responding
2025-08-31 17:00:02 - Checking Redis...
2025-08-31 17:00:02 - ✓ Redis is healthy
2025-08-31 17:00:02 -   - Memory usage: 1.13M
2025-08-31 17:00:03 -   - Connected clients: 2
2025-08-31 17:00:03 - Database Services: 2/4 healthy
2025-08-31 17:00:03 - Checking disk space...
2025-08-31 17:00:03 - Disk usage: 19%
2025-08-31 17:00:03 - ✓ Disk space is adequate
2025-08-31 17:00:03 - Checking container status...
2025-08-31 17:00:03 - ✓ mariadb is running
2025-08-31 17:00:03 - ✓ postgresql is running
2025-08-31 17:00:03 - ✓ mongodb is running
2025-08-31 17:00:03 - ✓ redis is running
2025-08-31 17:00:03 - ✓ phpmyadmin is running
2025-08-31 17:00:03 - ✓ pgadmin is running
2025-08-31 17:00:03 - ✓ mongo-express is running
2025-08-31 17:00:03 - ✓ redis-commander is running
2025-08-31 17:00:03 - === END SUMMARY ===
2025-08-31 18:00:01 - === HEALTH CHECK SUMMARY ===
2025-08-31 18:00:01 - Checking MariaDB...
2025-08-31 18:00:01 - ✗ MariaDB is not responding
2025-08-31 18:00:01 - Checking PostgreSQL...
2025-08-31 18:00:01 - ✓ PostgreSQL is healthy
2025-08-31 18:00:01 -   - Active connections: 6
2025-08-31 18:00:01 - Checking MongoDB...
2025-08-31 18:00:02 - ✗ MongoDB is not responding
2025-08-31 18:00:02 - Checking Redis...
2025-08-31 18:00:02 - ✓ Redis is healthy
2025-08-31 18:00:02 -   - Memory usage: 1.13M
2025-08-31 18:00:02 -   - Connected clients: 2
2025-08-31 18:00:02 - Database Services: 2/4 healthy
2025-08-31 18:00:02 - Checking disk space...
2025-08-31 18:00:02 - Disk usage: 19%
2025-08-31 18:00:02 - ✓ Disk space is adequate
2025-08-31 18:00:02 - Checking container status...
2025-08-31 18:00:02 - ✓ mariadb is running
2025-08-31 18:00:02 - ✓ postgresql is running
2025-08-31 18:00:02 - ✓ mongodb is running
2025-08-31 18:00:02 - ✓ redis is running
2025-08-31 18:00:02 - ✓ phpmyadmin is running
2025-08-31 18:00:02 - ✓ pgadmin is running
2025-08-31 18:00:02 - ✓ mongo-express is running
2025-08-31 18:00:02 - ✓ redis-commander is running
2025-08-31 18:00:02 - === END SUMMARY ===
2025-08-31 19:00:01 - === HEALTH CHECK SUMMARY ===
2025-08-31 19:00:01 - Checking MariaDB...
2025-08-31 19:00:02 - ✗ MariaDB is not responding
2025-08-31 19:00:02 - Checking PostgreSQL...
2025-08-31 19:00:02 - ✓ PostgreSQL is healthy
2025-08-31 19:00:02 -   - Active connections: 6
2025-08-31 19:00:02 - Checking MongoDB...
2025-08-31 19:00:02 - ✗ MongoDB is not responding
2025-08-31 19:00:02 - Checking Redis...
2025-08-31 19:00:02 - ✓ Redis is healthy
2025-08-31 19:00:02 -   - Memory usage: 1.13M
2025-08-31 19:00:02 -   - Connected clients: 2
2025-08-31 19:00:02 - Database Services: 2/4 healthy
2025-08-31 19:00:02 - Checking disk space...
2025-08-31 19:00:02 - Disk usage: 19%
2025-08-31 19:00:02 - ✓ Disk space is adequate
2025-08-31 19:00:02 - Checking container status...
2025-08-31 19:00:02 - ✓ mariadb is running
2025-08-31 19:00:02 - ✓ postgresql is running
2025-08-31 19:00:03 - ✓ mongodb is running
2025-08-31 19:00:03 - ✓ redis is running
2025-08-31 19:00:03 - ✓ phpmyadmin is running
2025-08-31 19:00:03 - ✓ pgadmin is running
2025-08-31 19:00:03 - ✓ mongo-express is running
2025-08-31 19:00:03 - ✓ redis-commander is running
2025-08-31 19:00:03 - === END SUMMARY ===
2025-08-31 20:00:01 - === HEALTH CHECK SUMMARY ===
2025-08-31 20:00:01 - Checking MariaDB...
2025-08-31 20:00:01 - ✗ MariaDB is not responding
2025-08-31 20:00:01 - Checking PostgreSQL...
2025-08-31 20:00:01 - ✓ PostgreSQL is healthy
2025-08-31 20:00:01 -   - Active connections: 6
2025-08-31 20:00:01 - Checking MongoDB...
2025-08-31 20:00:01 - ✗ MongoDB is not responding
2025-08-31 20:00:01 - Checking Redis...
2025-08-31 20:00:02 - ✓ Redis is healthy
2025-08-31 20:00:02 -   - Memory usage: 1.13M
2025-08-31 20:00:02 -   - Connected clients: 2
2025-08-31 20:00:02 - Database Services: 2/4 healthy
2025-08-31 20:00:02 - Checking disk space...
2025-08-31 20:00:02 - Disk usage: 19%
2025-08-31 20:00:02 - ✓ Disk space is adequate
2025-08-31 20:00:02 - Checking container status...
2025-08-31 20:00:02 - ✓ mariadb is running
2025-08-31 20:00:02 - ✓ postgresql is running
2025-08-31 20:00:02 - ✓ mongodb is running
2025-08-31 20:00:02 - ✓ redis is running
2025-08-31 20:00:02 - ✓ phpmyadmin is running
2025-08-31 20:00:02 - ✓ pgadmin is running
2025-08-31 20:00:02 - ✓ mongo-express is running
2025-08-31 20:00:02 - ✓ redis-commander is running
2025-08-31 20:00:02 - === END SUMMARY ===
2025-08-31 21:00:01 - === HEALTH CHECK SUMMARY ===
2025-08-31 21:00:01 - Checking MariaDB...
2025-08-31 21:00:01 - ✗ MariaDB is not responding
2025-08-31 21:00:01 - Checking PostgreSQL...
2025-08-31 21:00:02 - ✓ PostgreSQL is healthy
2025-08-31 21:00:02 -   - Active connections: 6
2025-08-31 21:00:02 - Checking MongoDB...
2025-08-31 21:00:02 - ✗ MongoDB is not responding
2025-08-31 21:00:02 - Checking Redis...
2025-08-31 21:00:02 - ✓ Redis is healthy
2025-08-31 21:00:02 -   - Memory usage: 1.13M
2025-08-31 21:00:02 -   - Connected clients: 2
2025-08-31 21:00:02 - Database Services: 2/4 healthy
2025-08-31 21:00:02 - Checking disk space...
2025-08-31 21:00:02 - Disk usage: 19%
2025-08-31 21:00:02 - ✓ Disk space is adequate
2025-08-31 21:00:02 - Checking container status...
2025-08-31 21:00:02 - ✓ mariadb is running
2025-08-31 21:00:02 - ✓ postgresql is running
2025-08-31 21:00:02 - ✓ mongodb is running
2025-08-31 21:00:02 - ✓ redis is running
2025-08-31 21:00:02 - ✓ phpmyadmin is running
2025-08-31 21:00:02 - ✓ pgadmin is running
2025-08-31 21:00:03 - ✓ mongo-express is running
2025-08-31 21:00:03 - ✓ redis-commander is running
2025-08-31 21:00:03 - === END SUMMARY ===
2025-08-31 22:00:01 - === HEALTH CHECK SUMMARY ===
2025-08-31 22:00:01 - Checking MariaDB...
2025-08-31 22:00:01 - ✗ MariaDB is not responding
2025-08-31 22:00:01 - Checking PostgreSQL...
2025-08-31 22:00:01 - ✓ PostgreSQL is healthy
2025-08-31 22:00:01 -   - Active connections: 6
2025-08-31 22:00:01 - Checking MongoDB...
2025-08-31 22:00:01 - ✗ MongoDB is not responding
2025-08-31 22:00:01 - Checking Redis...
2025-08-31 22:00:01 - ✓ Redis is healthy
2025-08-31 22:00:01 -   - Memory usage: 1.13M
2025-08-31 22:00:02 -   - Connected clients: 2
2025-08-31 22:00:02 - Database Services: 2/4 healthy
2025-08-31 22:00:02 - Checking disk space...
2025-08-31 22:00:02 - Disk usage: 19%
2025-08-31 22:00:02 - ✓ Disk space is adequate
2025-08-31 22:00:02 - Checking container status...
2025-08-31 22:00:02 - ✓ mariadb is running
2025-08-31 22:00:02 - ✓ postgresql is running
2025-08-31 22:00:02 - ✓ mongodb is running
2025-08-31 22:00:02 - ✓ redis is running
2025-08-31 22:00:02 - ✓ phpmyadmin is running
2025-08-31 22:00:02 - ✓ pgadmin is running
2025-08-31 22:00:02 - ✓ mongo-express is running
2025-08-31 22:00:02 - ✓ redis-commander is running
2025-08-31 22:00:02 - === END SUMMARY ===
2025-08-31 23:00:01 - === HEALTH CHECK SUMMARY ===
2025-08-31 23:00:01 - Checking MariaDB...
2025-08-31 23:00:01 - ✗ MariaDB is not responding
2025-08-31 23:00:01 - Checking PostgreSQL...
2025-08-31 23:00:01 - ✓ PostgreSQL is healthy
2025-08-31 23:00:02 -   - Active connections: 6
2025-08-31 23:00:02 - Checking MongoDB...
2025-08-31 23:00:02 - ✗ MongoDB is not responding
2025-08-31 23:00:02 - Checking Redis...
2025-08-31 23:00:02 - ✓ Redis is healthy
2025-08-31 23:00:02 -   - Memory usage: 1.13M
2025-08-31 23:00:02 -   - Connected clients: 2
2025-08-31 23:00:02 - Database Services: 2/4 healthy
2025-08-31 23:00:02 - Checking disk space...
2025-08-31 23:00:02 - Disk usage: 19%
2025-08-31 23:00:02 - ✓ Disk space is adequate
2025-08-31 23:00:02 - Checking container status...
2025-08-31 23:00:02 - ✓ mariadb is running
2025-08-31 23:00:02 - ✓ postgresql is running
2025-08-31 23:00:02 - ✓ mongodb is running
2025-08-31 23:00:02 - ✓ redis is running
2025-08-31 23:00:02 - ✓ phpmyadmin is running
2025-08-31 23:00:02 - ✓ pgadmin is running
2025-08-31 23:00:02 - ✓ mongo-express is running
2025-08-31 23:00:03 - ✓ redis-commander is running
2025-08-31 23:00:03 - === END SUMMARY ===
2025-09-01 00:00:01 - === HEALTH CHECK SUMMARY ===
2025-09-01 00:00:01 - Checking MariaDB...
2025-09-01 00:00:01 - ✗ MariaDB is not responding
2025-09-01 00:00:01 - Checking PostgreSQL...
2025-09-01 00:00:01 - ✓ PostgreSQL is healthy
2025-09-01 00:00:01 -   - Active connections: 6
2025-09-01 00:00:01 - Checking MongoDB...
2025-09-01 00:00:01 - ✗ MongoDB is not responding
2025-09-01 00:00:01 - Checking Redis...
2025-09-01 00:00:01 - ✓ Redis is healthy
2025-09-01 00:00:01 -   - Memory usage: 1.13M
2025-09-01 00:00:02 -   - Connected clients: 2
2025-09-01 00:00:02 - Database Services: 2/4 healthy
2025-09-01 00:00:02 - Checking disk space...
2025-09-01 00:00:02 - Disk usage: 19%
2025-09-01 00:00:02 - ✓ Disk space is adequate
2025-09-01 00:00:02 - Checking container status...
2025-09-01 00:00:02 - ✓ mariadb is running
2025-09-01 00:00:02 - ✓ postgresql is running
2025-09-01 00:00:02 - ✓ mongodb is running
2025-09-01 00:00:02 - ✓ redis is running
2025-09-01 00:00:02 - ✓ phpmyadmin is running
2025-09-01 00:00:02 - ✓ pgadmin is running
2025-09-01 00:00:02 - ✓ mongo-express is running
2025-09-01 00:00:02 - ✓ redis-commander is running
2025-09-01 00:00:02 - === END SUMMARY ===
2025-09-01 01:00:01 - === HEALTH CHECK SUMMARY ===
2025-09-01 01:00:01 - Checking MariaDB...
2025-09-01 01:00:01 - ✗ MariaDB is not responding
2025-09-01 01:00:01 - Checking PostgreSQL...
2025-09-01 01:00:01 - ✓ PostgreSQL is healthy
2025-09-01 01:00:01 -   - Active connections: 6
2025-09-01 01:00:01 - Checking MongoDB...
2025-09-01 01:00:02 - ✗ MongoDB is not responding
2025-09-01 01:00:02 - Checking Redis...
2025-09-01 01:00:02 - ✓ Redis is healthy
2025-09-01 01:00:02 -   - Memory usage: 1.13M
2025-09-01 01:00:02 -   - Connected clients: 2
2025-09-01 01:00:02 - Database Services: 2/4 healthy
2025-09-01 01:00:02 - Checking disk space...
2025-09-01 01:00:02 - Disk usage: 19%
2025-09-01 01:00:02 - ✓ Disk space is adequate
2025-09-01 01:00:02 - Checking container status...
2025-09-01 01:00:02 - ✓ mariadb is running
2025-09-01 01:00:02 - ✓ postgresql is running
2025-09-01 01:00:02 - ✓ mongodb is running
2025-09-01 01:00:02 - ✓ redis is running
2025-09-01 01:00:02 - ✓ phpmyadmin is running
2025-09-01 01:00:02 - ✓ pgadmin is running
2025-09-01 01:00:02 - ✓ mongo-express is running
2025-09-01 01:00:02 - ✓ redis-commander is running
2025-09-01 01:00:02 - === END SUMMARY ===
2025-09-01 02:00:01 - === HEALTH CHECK SUMMARY ===
2025-09-01 02:00:01 - Checking MariaDB...
2025-09-01 02:00:02 - ✗ MariaDB is not responding
2025-09-01 02:00:02 - Checking PostgreSQL...
2025-09-01 02:00:02 - ✓ PostgreSQL is healthy
2025-09-01 02:00:02 -   - Active connections: 8
2025-09-01 02:00:02 - Checking MongoDB...
2025-09-01 02:00:02 - ✗ MongoDB is not responding
2025-09-01 02:00:02 - Checking Redis...
2025-09-01 02:00:02 - ✓ Redis is healthy
2025-09-01 02:00:02 -   - Memory usage: 1.13M
2025-09-01 02:00:02 -   - Connected clients: 2
2025-09-01 02:00:02 - Database Services: 2/4 healthy
2025-09-01 02:00:02 - Checking disk space...
2025-09-01 02:00:02 - Disk usage: 19%
2025-09-01 02:00:02 - ✓ Disk space is adequate
2025-09-01 02:00:02 - Checking container status...
2025-09-01 02:00:02 - ✓ mariadb is running
2025-09-01 02:00:02 - ✓ postgresql is running
2025-09-01 02:00:02 - ✓ mongodb is running
2025-09-01 02:00:02 - ✓ redis is running
2025-09-01 02:00:02 - ✓ phpmyadmin is running
2025-09-01 02:00:03 - ✓ pgadmin is running
2025-09-01 02:00:03 - ✓ mongo-express is running
2025-09-01 02:00:03 - ✓ redis-commander is running
2025-09-01 02:00:03 - === END SUMMARY ===
2025-09-01 03:00:01 - === HEALTH CHECK SUMMARY ===
2025-09-01 03:00:01 - Checking MariaDB...
2025-09-01 03:00:01 - ✗ MariaDB is not responding
2025-09-01 03:00:01 - Checking PostgreSQL...
2025-09-01 03:00:02 - ✓ PostgreSQL is healthy
2025-09-01 03:00:02 -   - Active connections: 6
2025-09-01 03:00:02 - Checking MongoDB...
2025-09-01 03:00:02 - ✗ MongoDB is not responding
2025-09-01 03:00:02 - Checking Redis...
2025-09-01 03:00:02 - ✓ Redis is healthy
2025-09-01 03:00:02 -   - Memory usage: 1.13M
2025-09-01 03:00:02 -   - Connected clients: 2
2025-09-01 03:00:02 - Database Services: 2/4 healthy
2025-09-01 03:00:02 - Checking disk space...
2025-09-01 03:00:02 - Disk usage: 19%
2025-09-01 03:00:02 - ✓ Disk space is adequate
2025-09-01 03:00:02 - Checking container status...
2025-09-01 03:00:02 - ✓ mariadb is running
2025-09-01 03:00:02 - ✓ postgresql is running
2025-09-01 03:00:02 - ✓ mongodb is running
2025-09-01 03:00:03 - ✓ redis is running
2025-09-01 03:00:03 - ✓ phpmyadmin is running
2025-09-01 03:00:03 - ✓ pgadmin is running
2025-09-01 03:00:03 - ✓ mongo-express is running
2025-09-01 03:00:03 - ✓ redis-commander is running
2025-09-01 03:00:03 - === END SUMMARY ===
2025-09-01 04:00:01 - === HEALTH CHECK SUMMARY ===
2025-09-01 04:00:01 - Checking MariaDB...
2025-09-01 04:00:01 - ✗ MariaDB is not responding
2025-09-01 04:00:01 - Checking PostgreSQL...
2025-09-01 04:00:01 - ✓ PostgreSQL is healthy
2025-09-01 04:00:01 -   - Active connections: 6
2025-09-01 04:00:01 - Checking MongoDB...
2025-09-01 04:00:01 - ✗ MongoDB is not responding
2025-09-01 04:00:01 - Checking Redis...
2025-09-01 04:00:02 - ✓ Redis is healthy
2025-09-01 04:00:02 -   - Memory usage: 1.13M
2025-09-01 04:00:02 -   - Connected clients: 2
2025-09-01 04:00:02 - Database Services: 2/4 healthy
2025-09-01 04:00:02 - Checking disk space...
2025-09-01 04:00:02 - Disk usage: 19%
2025-09-01 04:00:02 - ✓ Disk space is adequate
2025-09-01 04:00:02 - Checking container status...
2025-09-01 04:00:02 - ✓ mariadb is running
2025-09-01 04:00:02 - ✓ postgresql is running
2025-09-01 04:00:02 - ✓ mongodb is running
2025-09-01 04:00:02 - ✓ redis is running
2025-09-01 04:00:02 - ✓ phpmyadmin is running
2025-09-01 04:00:02 - ✓ pgadmin is running
2025-09-01 04:00:02 - ✓ mongo-express is running
2025-09-01 04:00:02 - ✓ redis-commander is running
2025-09-01 04:00:02 - === END SUMMARY ===
2025-09-01 05:00:01 - === HEALTH CHECK SUMMARY ===
2025-09-01 05:00:01 - Checking MariaDB...
2025-09-01 05:00:01 - ✗ MariaDB is not responding
2025-09-01 05:00:01 - Checking PostgreSQL...
2025-09-01 05:00:02 - ✓ PostgreSQL is healthy
2025-09-01 05:00:02 -   - Active connections: 6
2025-09-01 05:00:02 - Checking MongoDB...
2025-09-01 05:00:02 - ✗ MongoDB is not responding
2025-09-01 05:00:02 - Checking Redis...
2025-09-01 05:00:02 - ✓ Redis is healthy
2025-09-01 05:00:02 -   - Memory usage: 1.13M
2025-09-01 05:00:02 -   - Connected clients: 2
2025-09-01 05:00:02 - Database Services: 2/4 healthy
2025-09-01 05:00:02 - Checking disk space...
2025-09-01 05:00:02 - Disk usage: 19%
2025-09-01 05:00:02 - ✓ Disk space is adequate
2025-09-01 05:00:02 - Checking container status...
2025-09-01 05:00:02 - ✓ mariadb is running
2025-09-01 05:00:02 - ✓ postgresql is running
2025-09-01 05:00:02 - ✓ mongodb is running
2025-09-01 05:00:02 - ✓ redis is running
2025-09-01 05:00:02 - ✓ phpmyadmin is running
2025-09-01 05:00:03 - ✓ pgadmin is running
2025-09-01 05:00:03 - ✓ mongo-express is running
2025-09-01 05:00:03 - ✓ redis-commander is running
2025-09-01 05:00:03 - === END SUMMARY ===
2025-09-01 06:00:01 - === HEALTH CHECK SUMMARY ===
2025-09-01 06:00:01 - Checking MariaDB...
2025-09-01 06:00:01 - ✗ MariaDB is not responding
2025-09-01 06:00:01 - Checking PostgreSQL...
2025-09-01 06:00:01 - ✓ PostgreSQL is healthy
2025-09-01 06:00:01 -   - Active connections: 6
2025-09-01 06:00:01 - Checking MongoDB...
2025-09-01 06:00:01 - ✗ MongoDB is not responding
2025-09-01 06:00:01 - Checking Redis...
2025-09-01 06:00:01 - ✓ Redis is healthy
2025-09-01 06:00:02 -   - Memory usage: 1.13M
2025-09-01 06:00:02 -   - Connected clients: 2
2025-09-01 06:00:02 - Database Services: 2/4 healthy
2025-09-01 06:00:02 - Checking disk space...
2025-09-01 06:00:02 - Disk usage: 19%
2025-09-01 06:00:02 - ✓ Disk space is adequate
2025-09-01 06:00:02 - Checking container status...
2025-09-01 06:00:02 - ✓ mariadb is running
2025-09-01 06:00:02 - ✓ postgresql is running
2025-09-01 06:00:02 - ✓ mongodb is running
2025-09-01 06:00:02 - ✓ redis is running
2025-09-01 06:00:02 - ✓ phpmyadmin is running
2025-09-01 06:00:02 - ✓ pgadmin is running
2025-09-01 06:00:02 - ✓ mongo-express is running
2025-09-01 06:00:02 - ✓ redis-commander is running
2025-09-01 06:00:02 - === END SUMMARY ===
2025-09-01 07:00:01 - === HEALTH CHECK SUMMARY ===
2025-09-01 07:00:01 - Checking MariaDB...
2025-09-01 07:00:01 - ✗ MariaDB is not responding
2025-09-01 07:00:01 - Checking PostgreSQL...
2025-09-01 07:00:01 - ✓ PostgreSQL is healthy
2025-09-01 07:00:02 -   - Active connections: 6
2025-09-01 07:00:02 - Checking MongoDB...
2025-09-01 07:00:02 - ✗ MongoDB is not responding
2025-09-01 07:00:02 - Checking Redis...
2025-09-01 07:00:02 - ✓ Redis is healthy
2025-09-01 07:00:02 -   - Memory usage: 1.13M
2025-09-01 07:00:02 -   - Connected clients: 2
2025-09-01 07:00:02 - Database Services: 2/4 healthy
2025-09-01 07:00:02 - Checking disk space...
2025-09-01 07:00:02 - Disk usage: 19%
2025-09-01 07:00:02 - ✓ Disk space is adequate
2025-09-01 07:00:02 - Checking container status...
2025-09-01 07:00:02 - ✓ mariadb is running
2025-09-01 07:00:02 - ✓ postgresql is running
2025-09-01 07:00:02 - ✓ mongodb is running
2025-09-01 07:00:02 - ✓ redis is running
2025-09-01 07:00:02 - ✓ phpmyadmin is running
2025-09-01 07:00:02 - ✓ pgadmin is running
2025-09-01 07:00:02 - ✓ mongo-express is running
2025-09-01 07:00:02 - ✓ redis-commander is running
2025-09-01 07:00:02 - === END SUMMARY ===
2025-09-01 08:00:01 - === HEALTH CHECK SUMMARY ===
2025-09-01 08:00:01 - Checking MariaDB...
2025-09-01 08:00:01 - ✗ MariaDB is not responding
2025-09-01 08:00:01 - Checking PostgreSQL...
2025-09-01 08:00:01 - ✓ PostgreSQL is healthy
2025-09-01 08:00:01 -   - Active connections: 6
2025-09-01 08:00:01 - Checking MongoDB...
2025-09-01 08:00:01 - ✗ MongoDB is not responding
2025-09-01 08:00:01 - Checking Redis...
2025-09-01 08:00:01 - ✓ Redis is healthy
2025-09-01 08:00:01 -   - Memory usage: 1.13M
2025-09-01 08:00:01 -   - Connected clients: 2
2025-09-01 08:00:01 - Database Services: 2/4 healthy
2025-09-01 08:00:02 - Checking disk space...
2025-09-01 08:00:02 - Disk usage: 19%
2025-09-01 08:00:02 - ✓ Disk space is adequate
2025-09-01 08:00:02 - Checking container status...
2025-09-01 08:00:02 - ✓ mariadb is running
2025-09-01 08:00:02 - ✓ postgresql is running
2025-09-01 08:00:02 - ✓ mongodb is running
2025-09-01 08:00:02 - ✓ redis is running
2025-09-01 08:00:02 - ✓ phpmyadmin is running
2025-09-01 08:00:02 - ✓ pgadmin is running
2025-09-01 08:00:02 - ✓ mongo-express is running
2025-09-01 08:00:02 - ✓ redis-commander is running
2025-09-01 08:00:02 - === END SUMMARY ===
2025-09-01 09:00:01 - === HEALTH CHECK SUMMARY ===
2025-09-01 09:00:01 - Checking MariaDB...
2025-09-01 09:00:01 - ✗ MariaDB is not responding
2025-09-01 09:00:01 - Checking PostgreSQL...
2025-09-01 09:00:01 - ✓ PostgreSQL is healthy
2025-09-01 09:00:01 -   - Active connections: 6
2025-09-01 09:00:01 - Checking MongoDB...
2025-09-01 09:00:02 - ✗ MongoDB is not responding
2025-09-01 09:00:02 - Checking Redis...
2025-09-01 09:00:02 - ✓ Redis is healthy
2025-09-01 09:00:02 -   - Memory usage: 1.13M
2025-09-01 09:00:02 -   - Connected clients: 2
2025-09-01 09:00:02 - Database Services: 2/4 healthy
2025-09-01 09:00:02 - Checking disk space...
2025-09-01 09:00:02 - Disk usage: 19%
2025-09-01 09:00:02 - ✓ Disk space is adequate
2025-09-01 09:00:02 - Checking container status...
2025-09-01 09:00:02 - ✓ mariadb is running
2025-09-01 09:00:02 - ✓ postgresql is running
2025-09-01 09:00:02 - ✓ mongodb is running
2025-09-01 09:00:02 - ✓ redis is running
2025-09-01 09:00:02 - ✓ phpmyadmin is running
2025-09-01 09:00:02 - ✓ pgadmin is running
2025-09-01 09:00:02 - ✓ mongo-express is running
2025-09-01 09:00:02 - ✓ redis-commander is running
2025-09-01 09:00:02 - === END SUMMARY ===
2025-09-01 10:00:01 - === HEALTH CHECK SUMMARY ===
2025-09-01 10:00:01 - Checking MariaDB...
2025-09-01 10:00:02 - ✗ MariaDB is not responding
2025-09-01 10:00:02 - Checking PostgreSQL...
2025-09-01 10:00:02 - ✓ PostgreSQL is healthy
2025-09-01 10:00:02 -   - Active connections: 6
2025-09-01 10:00:02 - Checking MongoDB...
2025-09-01 10:00:02 - ✗ MongoDB is not responding
2025-09-01 10:00:02 - Checking Redis...
2025-09-01 10:00:02 - ✓ Redis is healthy
2025-09-01 10:00:02 -   - Memory usage: 1.13M
2025-09-01 10:00:02 -   - Connected clients: 2
2025-09-01 10:00:02 - Database Services: 2/4 healthy
2025-09-01 10:00:02 - Checking disk space...
2025-09-01 10:00:02 - Disk usage: 19%
2025-09-01 10:00:02 - ✓ Disk space is adequate
2025-09-01 10:00:02 - Checking container status...
2025-09-01 10:00:02 - ✓ mariadb is running
2025-09-01 10:00:02 - ✓ postgresql is running
2025-09-01 10:00:03 - ✓ mongodb is running
2025-09-01 10:00:03 - ✓ redis is running
2025-09-01 10:00:03 - ✓ phpmyadmin is running
2025-09-01 10:00:03 - ✓ pgadmin is running
2025-09-01 10:00:03 - ✓ mongo-express is running
2025-09-01 10:00:03 - ✓ redis-commander is running
2025-09-01 10:00:03 - === END SUMMARY ===
2025-09-01 11:00:01 - === HEALTH CHECK SUMMARY ===
2025-09-01 11:00:01 - Checking MariaDB...
2025-09-01 11:00:01 - ✗ MariaDB is not responding
2025-09-01 11:00:01 - Checking PostgreSQL...
2025-09-01 11:00:01 - ✓ PostgreSQL is healthy
2025-09-01 11:00:01 -   - Active connections: 6
2025-09-01 11:00:01 - Checking MongoDB...
2025-09-01 11:00:01 - ✗ MongoDB is not responding
2025-09-01 11:00:01 - Checking Redis...
2025-09-01 11:00:02 - ✓ Redis is healthy
2025-09-01 11:00:02 -   - Memory usage: 1.13M
2025-09-01 11:00:02 -   - Connected clients: 2
2025-09-01 11:00:02 - Database Services: 2/4 healthy
2025-09-01 11:00:02 - Checking disk space...
2025-09-01 11:00:02 - Disk usage: 19%
2025-09-01 11:00:02 - ✓ Disk space is adequate
2025-09-01 11:00:02 - Checking container status...
2025-09-01 11:00:02 - ✓ mariadb is running
2025-09-01 11:00:02 - ✓ postgresql is running
2025-09-01 11:00:02 - ✓ mongodb is running
2025-09-01 11:00:02 - ✓ redis is running
2025-09-01 11:00:02 - ✓ phpmyadmin is running
2025-09-01 11:00:02 - ✓ pgadmin is running
2025-09-01 11:00:02 - ✓ mongo-express is running
2025-09-01 11:00:02 - ✓ redis-commander is running
2025-09-01 11:00:02 - === END SUMMARY ===
2025-09-01 12:00:01 - === HEALTH CHECK SUMMARY ===
2025-09-01 12:00:01 - Checking MariaDB...
2025-09-01 12:00:01 - ✗ MariaDB is not responding
2025-09-01 12:00:01 - Checking PostgreSQL...
2025-09-01 12:00:02 - ✓ PostgreSQL is healthy
2025-09-01 12:00:02 -   - Active connections: 6
2025-09-01 12:00:02 - Checking MongoDB...
2025-09-01 12:00:02 - ✗ MongoDB is not responding
2025-09-01 12:00:02 - Checking Redis...
2025-09-01 12:00:02 - ✓ Redis is healthy
2025-09-01 12:00:02 -   - Memory usage: 1.13M
2025-09-01 12:00:02 -   - Connected clients: 2
2025-09-01 12:00:02 - Database Services: 2/4 healthy
2025-09-01 12:00:02 - Checking disk space...
2025-09-01 12:00:02 - Disk usage: 19%
2025-09-01 12:00:02 - ✓ Disk space is adequate
2025-09-01 12:00:02 - Checking container status...
2025-09-01 12:00:02 - ✓ mariadb is running
2025-09-01 12:00:02 - ✓ postgresql is running
2025-09-01 12:00:02 - ✓ mongodb is running
2025-09-01 12:00:02 - ✓ redis is running
2025-09-01 12:00:03 - ✓ phpmyadmin is running
2025-09-01 12:00:03 - ✓ pgadmin is running
2025-09-01 12:00:03 - ✓ mongo-express is running
2025-09-01 12:00:03 - ✓ redis-commander is running
2025-09-01 12:00:03 - === END SUMMARY ===
2025-09-01 13:00:01 - === HEALTH CHECK SUMMARY ===
2025-09-01 13:00:01 - Checking MariaDB...
2025-09-01 13:00:01 - ✗ MariaDB is not responding
2025-09-01 13:00:01 - Checking PostgreSQL...
2025-09-01 13:00:01 - ✓ PostgreSQL is healthy
2025-09-01 13:00:01 -   - Active connections: 6
2025-09-01 13:00:01 - Checking MongoDB...
2025-09-01 13:00:01 - ✗ MongoDB is not responding
2025-09-01 13:00:01 - Checking Redis...
2025-09-01 13:00:01 - ✓ Redis is healthy
2025-09-01 13:00:02 -   - Memory usage: 1.13M
2025-09-01 13:00:02 -   - Connected clients: 2
2025-09-01 13:00:02 - Database Services: 2/4 healthy
2025-09-01 13:00:02 - Checking disk space...
2025-09-01 13:00:02 - Disk usage: 19%
2025-09-01 13:00:02 - ✓ Disk space is adequate
2025-09-01 13:00:02 - Checking container status...
2025-09-01 13:00:02 - ✓ mariadb is running
2025-09-01 13:00:02 - ✓ postgresql is running
2025-09-01 13:00:02 - ✓ mongodb is running
2025-09-01 13:00:02 - ✓ redis is running
2025-09-01 13:00:02 - ✓ phpmyadmin is running
2025-09-01 13:00:02 - ✓ pgadmin is running
2025-09-01 13:00:02 - ✓ mongo-express is running
2025-09-01 13:00:02 - ✓ redis-commander is running
2025-09-01 13:00:02 - === END SUMMARY ===
2025-09-01 14:00:01 - === HEALTH CHECK SUMMARY ===
2025-09-01 14:00:01 - Checking MariaDB...
2025-09-01 14:00:01 - ✗ MariaDB is not responding
2025-09-01 14:00:01 - Checking PostgreSQL...
2025-09-01 14:00:01 - ✓ PostgreSQL is healthy
2025-09-01 14:00:02 -   - Active connections: 6
2025-09-01 14:00:02 - Checking MongoDB...
2025-09-01 14:00:02 - ✗ MongoDB is not responding
2025-09-01 14:00:02 - Checking Redis...
2025-09-01 14:00:02 - ✓ Redis is healthy
2025-09-01 14:00:02 -   - Memory usage: 1.13M
2025-09-01 14:00:02 -   - Connected clients: 2
2025-09-01 14:00:02 - Database Services: 2/4 healthy
2025-09-01 14:00:02 - Checking disk space...
2025-09-01 14:00:02 - Disk usage: 19%
2025-09-01 14:00:02 - ✓ Disk space is adequate
2025-09-01 14:00:02 - Checking container status...
2025-09-01 14:00:02 - ✓ mariadb is running
2025-09-01 14:00:02 - ✓ postgresql is running
2025-09-01 14:00:02 - ✓ mongodb is running
2025-09-01 14:00:02 - ✓ redis is running
2025-09-01 14:00:02 - ✓ phpmyadmin is running
2025-09-01 14:00:02 - ✓ pgadmin is running
2025-09-01 14:00:02 - ✓ mongo-express is running
2025-09-01 14:00:02 - ✓ redis-commander is running
2025-09-01 14:00:02 - === END SUMMARY ===
2025-09-01 15:00:01 - === HEALTH CHECK SUMMARY ===
2025-09-01 15:00:01 - Checking MariaDB...
2025-09-01 15:00:01 - ✗ MariaDB is not responding
2025-09-01 15:00:01 - Checking PostgreSQL...
2025-09-01 15:00:01 - ✓ PostgreSQL is healthy
2025-09-01 15:00:01 -   - Active connections: 6
2025-09-01 15:00:01 - Checking MongoDB...
2025-09-01 15:00:01 - ✗ MongoDB is not responding
2025-09-01 15:00:01 - Checking Redis...
2025-09-01 15:00:01 - ✓ Redis is healthy
2025-09-01 15:00:01 -   - Memory usage: 1.13M
2025-09-01 15:00:02 -   - Connected clients: 2
2025-09-01 15:00:02 - Database Services: 2/4 healthy
2025-09-01 15:00:02 - Checking disk space...
2025-09-01 15:00:02 - Disk usage: 19%
2025-09-01 15:00:02 - ✓ Disk space is adequate
2025-09-01 15:00:02 - Checking container status...
2025-09-01 15:00:02 - ✓ mariadb is running
2025-09-01 15:00:02 - ✓ postgresql is running
2025-09-01 15:00:02 - ✓ mongodb is running
2025-09-01 15:00:02 - ✓ redis is running
2025-09-01 15:00:02 - ✓ phpmyadmin is running
2025-09-01 15:00:02 - ✓ pgadmin is running
2025-09-01 15:00:02 - ✓ mongo-express is running
2025-09-01 15:00:02 - ✓ redis-commander is running
2025-09-01 15:00:02 - === END SUMMARY ===
2025-09-01 16:00:01 - === HEALTH CHECK SUMMARY ===
2025-09-01 16:00:01 - Checking MariaDB...
2025-09-01 16:00:01 - ✗ MariaDB is not responding
2025-09-01 16:00:01 - Checking PostgreSQL...
2025-09-01 16:00:01 - ✓ PostgreSQL is healthy
2025-09-01 16:00:02 -   - Active connections: 6
2025-09-01 16:00:02 - Checking MongoDB...
2025-09-01 16:00:02 - ✗ MongoDB is not responding
2025-09-01 16:00:02 - Checking Redis...
2025-09-01 16:00:02 - ✓ Redis is healthy
2025-09-01 16:00:02 -   - Memory usage: 1.13M
2025-09-01 16:00:02 -   - Connected clients: 2
2025-09-01 16:00:02 - Database Services: 2/4 healthy
2025-09-01 16:00:02 - Checking disk space...
2025-09-01 16:00:02 - Disk usage: 19%
2025-09-01 16:00:02 - ✓ Disk space is adequate
2025-09-01 16:00:02 - Checking container status...
2025-09-01 16:00:02 - ✓ mariadb is running
2025-09-01 16:00:02 - ✓ postgresql is running
2025-09-01 16:00:02 - ✓ mongodb is running
2025-09-01 16:00:02 - ✓ redis is running
2025-09-01 16:00:02 - ✓ phpmyadmin is running
2025-09-01 16:00:02 - ✓ pgadmin is running
2025-09-01 16:00:02 - ✓ mongo-express is running
2025-09-01 16:00:02 - ✓ redis-commander is running
2025-09-01 16:00:02 - === END SUMMARY ===
2025-09-01 17:00:02 - === HEALTH CHECK SUMMARY ===
2025-09-01 17:00:02 - Checking MariaDB...
2025-09-01 17:00:02 - ✗ MariaDB is not responding
2025-09-01 17:00:02 - Checking PostgreSQL...
2025-09-01 17:00:02 - ✓ PostgreSQL is healthy
2025-09-01 17:00:02 -   - Active connections: 6
2025-09-01 17:00:02 - Checking MongoDB...
2025-09-01 17:00:02 - ✗ MongoDB is not responding
2025-09-01 17:00:02 - Checking Redis...
2025-09-01 17:00:02 - ✓ Redis is healthy
2025-09-01 17:00:02 -   - Memory usage: 1.13M
2025-09-01 17:00:03 -   - Connected clients: 2
2025-09-01 17:00:03 - Database Services: 2/4 healthy
2025-09-01 17:00:03 - Checking disk space...
2025-09-01 17:00:03 - Disk usage: 19%
2025-09-01 17:00:03 - ✓ Disk space is adequate
2025-09-01 17:00:03 - Checking container status...
2025-09-01 17:00:03 - ✓ mariadb is running
2025-09-01 17:00:03 - ✓ postgresql is running
2025-09-01 17:00:03 - ✓ mongodb is running
2025-09-01 17:00:03 - ✓ redis is running
2025-09-01 17:00:03 - ✓ phpmyadmin is running
2025-09-01 17:00:03 - ✓ pgadmin is running
2025-09-01 17:00:03 - ✓ mongo-express is running
2025-09-01 17:00:03 - ✓ redis-commander is running
2025-09-01 17:00:03 - === END SUMMARY ===
2025-09-01 18:00:01 - === HEALTH CHECK SUMMARY ===
2025-09-01 18:00:01 - Checking MariaDB...
2025-09-01 18:00:01 - ✗ MariaDB is not responding
2025-09-01 18:00:01 - Checking PostgreSQL...
2025-09-01 18:00:01 - ✓ PostgreSQL is healthy
2025-09-01 18:00:01 -   - Active connections: 6
2025-09-01 18:00:01 - Checking MongoDB...
2025-09-01 18:00:02 - ✗ MongoDB is not responding
2025-09-01 18:00:02 - Checking Redis...
2025-09-01 18:00:02 - ✓ Redis is healthy
2025-09-01 18:00:02 -   - Memory usage: 1.13M
2025-09-01 18:00:02 -   - Connected clients: 2
2025-09-01 18:00:02 - Database Services: 2/4 healthy
2025-09-01 18:00:02 - Checking disk space...
2025-09-01 18:00:02 - Disk usage: 19%
2025-09-01 18:00:02 - ✓ Disk space is adequate
2025-09-01 18:00:02 - Checking container status...
2025-09-01 18:00:02 - ✓ mariadb is running
2025-09-01 18:00:02 - ✓ postgresql is running
2025-09-01 18:00:02 - ✓ mongodb is running
2025-09-01 18:00:02 - ✓ redis is running
2025-09-01 18:00:02 - ✓ phpmyadmin is running
2025-09-01 18:00:02 - ✓ pgadmin is running
2025-09-01 18:00:02 - ✓ mongo-express is running
2025-09-01 18:00:02 - ✓ redis-commander is running
2025-09-01 18:00:02 - === END SUMMARY ===
2025-09-01 19:00:01 - === HEALTH CHECK SUMMARY ===
2025-09-01 19:00:01 - Checking MariaDB...
2025-09-01 19:00:02 - ✗ MariaDB is not responding
2025-09-01 19:00:02 - Checking PostgreSQL...
2025-09-01 19:00:02 - ✓ PostgreSQL is healthy
2025-09-01 19:00:02 -   - Active connections: 6
2025-09-01 19:00:02 - Checking MongoDB...
2025-09-01 19:00:02 - ✗ MongoDB is not responding
2025-09-01 19:00:02 - Checking Redis...
2025-09-01 19:00:02 - ✓ Redis is healthy
2025-09-01 19:00:02 -   - Memory usage: 1.13M
2025-09-01 19:00:02 -   - Connected clients: 2
2025-09-01 19:00:02 - Database Services: 2/4 healthy
2025-09-01 19:00:02 - Checking disk space...
2025-09-01 19:00:02 - Disk usage: 19%
2025-09-01 19:00:02 - ✓ Disk space is adequate
2025-09-01 19:00:02 - Checking container status...
2025-09-01 19:00:03 - ✓ mariadb is running
2025-09-01 19:00:03 - ✓ postgresql is running
2025-09-01 19:00:03 - ✓ mongodb is running
2025-09-01 19:00:03 - ✓ redis is running
2025-09-01 19:00:03 - ✓ phpmyadmin is running
2025-09-01 19:00:03 - ✓ pgadmin is running
2025-09-01 19:00:03 - ✓ mongo-express is running
2025-09-01 19:00:03 - ✓ redis-commander is running
2025-09-01 19:00:03 - === END SUMMARY ===
2025-09-01 20:00:01 - === HEALTH CHECK SUMMARY ===
2025-09-01 20:00:01 - Checking MariaDB...
2025-09-01 20:00:01 - ✗ MariaDB is not responding
2025-09-01 20:00:01 - Checking PostgreSQL...
2025-09-01 20:00:01 - ✓ PostgreSQL is healthy
2025-09-01 20:00:01 -   - Active connections: 6
2025-09-01 20:00:01 - Checking MongoDB...
2025-09-01 20:00:01 - ✗ MongoDB is not responding
2025-09-01 20:00:01 - Checking Redis...
2025-09-01 20:00:02 - ✓ Redis is healthy
2025-09-01 20:00:02 -   - Memory usage: 1.13M
2025-09-01 20:00:02 -   - Connected clients: 2
2025-09-01 20:00:02 - Database Services: 2/4 healthy
2025-09-01 20:00:02 - Checking disk space...
2025-09-01 20:00:02 - Disk usage: 19%
2025-09-01 20:00:02 - ✓ Disk space is adequate
2025-09-01 20:00:02 - Checking container status...
2025-09-01 20:00:02 - ✓ mariadb is running
2025-09-01 20:00:02 - ✓ postgresql is running
2025-09-01 20:00:02 - ✓ mongodb is running
2025-09-01 20:00:02 - ✓ redis is running
2025-09-01 20:00:02 - ✓ phpmyadmin is running
2025-09-01 20:00:02 - ✓ pgadmin is running
2025-09-01 20:00:02 - ✓ mongo-express is running
2025-09-01 20:00:02 - ✓ redis-commander is running
2025-09-01 20:00:02 - === END SUMMARY ===
2025-09-01 21:00:01 - === HEALTH CHECK SUMMARY ===
2025-09-01 21:00:01 - Checking MariaDB...
2025-09-01 21:00:01 - ✗ MariaDB is not responding
2025-09-01 21:00:01 - Checking PostgreSQL...
2025-09-01 21:00:02 - ✓ PostgreSQL is healthy
2025-09-01 21:00:02 -   - Active connections: 6
2025-09-01 21:00:02 - Checking MongoDB...
2025-09-01 21:00:02 - ✗ MongoDB is not responding
2025-09-01 21:00:02 - Checking Redis...
2025-09-01 21:00:02 - ✓ Redis is healthy
2025-09-01 21:00:02 -   - Memory usage: 1.13M
2025-09-01 21:00:02 -   - Connected clients: 2
2025-09-01 21:00:02 - Database Services: 2/4 healthy
2025-09-01 21:00:02 - Checking disk space...
2025-09-01 21:00:02 - Disk usage: 19%
2025-09-01 21:00:02 - ✓ Disk space is adequate
2025-09-01 21:00:02 - Checking container status...
2025-09-01 21:00:02 - ✓ mariadb is running
2025-09-01 21:00:02 - ✓ postgresql is running
2025-09-01 21:00:02 - ✓ mongodb is running
2025-09-01 21:00:02 - ✓ redis is running
2025-09-01 21:00:03 - ✓ phpmyadmin is running
2025-09-01 21:00:03 - ✓ pgadmin is running
2025-09-01 21:00:03 - ✓ mongo-express is running
2025-09-01 21:00:03 - ✓ redis-commander is running
2025-09-01 21:00:03 - === END SUMMARY ===
2025-09-01 22:00:01 - === HEALTH CHECK SUMMARY ===
2025-09-01 22:00:01 - Checking MariaDB...
2025-09-01 22:00:01 - ✗ MariaDB is not responding
2025-09-01 22:00:01 - Checking PostgreSQL...
2025-09-01 22:00:01 - ✓ PostgreSQL is healthy
2025-09-01 22:00:01 -   - Active connections: 6
2025-09-01 22:00:01 - Checking MongoDB...
2025-09-01 22:00:01 - ✗ MongoDB is not responding
2025-09-01 22:00:01 - Checking Redis...
2025-09-01 22:00:01 - ✓ Redis is healthy
2025-09-01 22:00:02 -   - Memory usage: 1.13M
2025-09-01 22:00:02 -   - Connected clients: 2
2025-09-01 22:00:02 - Database Services: 2/4 healthy
2025-09-01 22:00:02 - Checking disk space...
2025-09-01 22:00:02 - Disk usage: 19%
2025-09-01 22:00:02 - ✓ Disk space is adequate
2025-09-01 22:00:02 - Checking container status...
2025-09-01 22:00:02 - ✓ mariadb is running
2025-09-01 22:00:02 - ✓ postgresql is running
2025-09-01 22:00:02 - ✓ mongodb is running
2025-09-01 22:00:02 - ✓ redis is running
2025-09-01 22:00:02 - ✓ phpmyadmin is running
2025-09-01 22:00:02 - ✓ pgadmin is running
2025-09-01 22:00:02 - ✓ mongo-express is running
2025-09-01 22:00:02 - ✓ redis-commander is running
2025-09-01 22:00:02 - === END SUMMARY ===
2025-09-01 23:00:01 - === HEALTH CHECK SUMMARY ===
2025-09-01 23:00:01 - Checking MariaDB...
2025-09-01 23:00:01 - ✗ MariaDB is not responding
2025-09-01 23:00:01 - Checking PostgreSQL...
2025-09-01 23:00:01 - ✓ PostgreSQL is healthy
2025-09-01 23:00:02 -   - Active connections: 6
2025-09-01 23:00:02 - Checking MongoDB...
2025-09-01 23:00:02 - ✗ MongoDB is not responding
2025-09-01 23:00:02 - Checking Redis...
2025-09-01 23:00:02 - ✓ Redis is healthy
2025-09-01 23:00:02 -   - Memory usage: 1.13M
2025-09-01 23:00:02 -   - Connected clients: 2
2025-09-01 23:00:02 - Database Services: 2/4 healthy
2025-09-01 23:00:02 - Checking disk space...
2025-09-01 23:00:02 - Disk usage: 19%
2025-09-01 23:00:02 - ✓ Disk space is adequate
2025-09-01 23:00:02 - Checking container status...
2025-09-01 23:00:02 - ✓ mariadb is running
2025-09-01 23:00:02 - ✓ postgresql is running
2025-09-01 23:00:02 - ✓ mongodb is running
2025-09-01 23:00:02 - ✓ redis is running
2025-09-01 23:00:02 - ✓ phpmyadmin is running
2025-09-01 23:00:02 - ✓ pgadmin is running
2025-09-01 23:00:02 - ✓ mongo-express is running
2025-09-01 23:00:03 - ✓ redis-commander is running
2025-09-01 23:00:03 - === END SUMMARY ===
2025-09-02 00:00:01 - === HEALTH CHECK SUMMARY ===
2025-09-02 00:00:01 - Checking MariaDB...
2025-09-02 00:00:01 - ✗ MariaDB is not responding
2025-09-02 00:00:01 - Checking PostgreSQL...
2025-09-02 00:00:01 - ✓ PostgreSQL is healthy
2025-09-02 00:00:01 -   - Active connections: 6
2025-09-02 00:00:01 - Checking MongoDB...
2025-09-02 00:00:01 - ✗ MongoDB is not responding
2025-09-02 00:00:01 - Checking Redis...
2025-09-02 00:00:01 - ✓ Redis is healthy
2025-09-02 00:00:01 -   - Memory usage: 1.13M
2025-09-02 00:00:02 -   - Connected clients: 2
2025-09-02 00:00:02 - Database Services: 2/4 healthy
2025-09-02 00:00:02 - Checking disk space...
2025-09-02 00:00:02 - Disk usage: 19%
2025-09-02 00:00:02 - ✓ Disk space is adequate
2025-09-02 00:00:02 - Checking container status...
2025-09-02 00:00:02 - ✓ mariadb is running
2025-09-02 00:00:02 - ✓ postgresql is running
2025-09-02 00:00:02 - ✓ mongodb is running
2025-09-02 00:00:02 - ✓ redis is running
2025-09-02 00:00:02 - ✓ phpmyadmin is running
2025-09-02 00:00:02 - ✓ pgadmin is running
2025-09-02 00:00:02 - ✓ mongo-express is running
2025-09-02 00:00:02 - ✓ redis-commander is running
2025-09-02 00:00:02 - === END SUMMARY ===
2025-09-02 01:00:01 - === HEALTH CHECK SUMMARY ===
2025-09-02 01:00:01 - Checking MariaDB...
2025-09-02 01:00:01 - ✗ MariaDB is not responding
2025-09-02 01:00:01 - Checking PostgreSQL...
2025-09-02 01:00:01 - ✓ PostgreSQL is healthy
2025-09-02 01:00:02 -   - Active connections: 6
2025-09-02 01:00:02 - Checking MongoDB...
2025-09-02 01:00:02 - ✗ MongoDB is not responding
2025-09-02 01:00:02 - Checking Redis...
2025-09-02 01:00:02 - ✓ Redis is healthy
2025-09-02 01:00:02 -   - Memory usage: 1.13M
2025-09-02 01:00:02 -   - Connected clients: 2
2025-09-02 01:00:02 - Database Services: 2/4 healthy
2025-09-02 01:00:02 - Checking disk space...
2025-09-02 01:00:02 - Disk usage: 19%
2025-09-02 01:00:02 - ✓ Disk space is adequate
2025-09-02 01:00:02 - Checking container status...
2025-09-02 01:00:02 - ✓ mariadb is running
2025-09-02 01:00:02 - ✓ postgresql is running
2025-09-02 01:00:02 - ✓ mongodb is running
2025-09-02 01:00:02 - ✓ redis is running
2025-09-02 01:00:02 - ✓ phpmyadmin is running
2025-09-02 01:00:02 - ✓ pgadmin is running
2025-09-02 01:00:02 - ✓ mongo-express is running
2025-09-02 01:00:02 - ✓ redis-commander is running
2025-09-02 01:00:02 - === END SUMMARY ===
2025-09-02 02:00:01 - === HEALTH CHECK SUMMARY ===
2025-09-02 02:00:01 - Checking MariaDB...
2025-09-02 02:00:02 - ✗ MariaDB is not responding
2025-09-02 02:00:02 - Checking PostgreSQL...
2025-09-02 02:00:02 - ✓ PostgreSQL is healthy
2025-09-02 02:00:02 -   - Active connections: 7
2025-09-02 02:00:02 - Checking MongoDB...
2025-09-02 02:00:02 - ✗ MongoDB is not responding
2025-09-02 02:00:02 - Checking Redis...
2025-09-02 02:00:02 - ✓ Redis is healthy
2025-09-02 02:00:02 -   - Memory usage: 1.13M
2025-09-02 02:00:02 -   - Connected clients: 2
2025-09-02 02:00:02 - Database Services: 2/4 healthy
2025-09-02 02:00:02 - Checking disk space...
2025-09-02 02:00:02 - Disk usage: 19%
2025-09-02 02:00:02 - ✓ Disk space is adequate
2025-09-02 02:00:02 - Checking container status...
2025-09-02 02:00:02 - ✓ mariadb is running
2025-09-02 02:00:02 - ✓ postgresql is running
2025-09-02 02:00:02 - ✓ mongodb is running
2025-09-02 02:00:02 - ✓ redis is running
2025-09-02 02:00:02 - ✓ phpmyadmin is running
2025-09-02 02:00:03 - ✓ pgadmin is running
2025-09-02 02:00:03 - ✓ mongo-express is running
2025-09-02 02:00:03 - ✓ redis-commander is running
2025-09-02 02:00:03 - === END SUMMARY ===
2025-09-02 03:00:01 - === HEALTH CHECK SUMMARY ===
2025-09-02 03:00:01 - Checking MariaDB...
2025-09-02 03:00:01 - ✗ MariaDB is not responding
2025-09-02 03:00:01 - Checking PostgreSQL...
2025-09-02 03:00:02 - ✓ PostgreSQL is healthy
2025-09-02 03:00:02 -   - Active connections: 6
2025-09-02 03:00:02 - Checking MongoDB...
2025-09-02 03:00:02 - ✗ MongoDB is not responding
2025-09-02 03:00:02 - Checking Redis...
2025-09-02 03:00:02 - ✓ Redis is healthy
2025-09-02 03:00:02 -   - Memory usage: 1.13M
2025-09-02 03:00:02 -   - Connected clients: 2
2025-09-02 03:00:02 - Database Services: 2/4 healthy
2025-09-02 03:00:02 - Checking disk space...
2025-09-02 03:00:02 - Disk usage: 19%
2025-09-02 03:00:02 - ✓ Disk space is adequate
2025-09-02 03:00:02 - Checking container status...
2025-09-02 03:00:02 - ✓ mariadb is running
2025-09-02 03:00:02 - ✓ postgresql is running
2025-09-02 03:00:02 - ✓ mongodb is running
2025-09-02 03:00:03 - ✓ redis is running
2025-09-02 03:00:03 - ✓ phpmyadmin is running
2025-09-02 03:00:03 - ✓ pgadmin is running
2025-09-02 03:00:03 - ✓ mongo-express is running
2025-09-02 03:00:03 - ✓ redis-commander is running
2025-09-02 03:00:03 - === END SUMMARY ===
2025-09-02 04:00:01 - === HEALTH CHECK SUMMARY ===
2025-09-02 04:00:01 - Checking MariaDB...
2025-09-02 04:00:01 - ✗ MariaDB is not responding
2025-09-02 04:00:01 - Checking PostgreSQL...
2025-09-02 04:00:01 - ✓ PostgreSQL is healthy
2025-09-02 04:00:01 -   - Active connections: 6
2025-09-02 04:00:01 - Checking MongoDB...
2025-09-02 04:00:01 - ✗ MongoDB is not responding
2025-09-02 04:00:01 - Checking Redis...
2025-09-02 04:00:02 - ✓ Redis is healthy
2025-09-02 04:00:02 -   - Memory usage: 1.13M
2025-09-02 04:00:02 -   - Connected clients: 2
2025-09-02 04:00:02 - Database Services: 2/4 healthy
2025-09-02 04:00:02 - Checking disk space...
2025-09-02 04:00:02 - Disk usage: 19%
2025-09-02 04:00:02 - ✓ Disk space is adequate
2025-09-02 04:00:02 - Checking container status...
2025-09-02 04:00:02 - ✓ mariadb is running
2025-09-02 04:00:02 - ✓ postgresql is running
2025-09-02 04:00:02 - ✓ mongodb is running
2025-09-02 04:00:02 - ✓ redis is running
2025-09-02 04:00:02 - ✓ phpmyadmin is running
2025-09-02 04:00:02 - ✓ pgadmin is running
2025-09-02 04:00:02 - ✓ mongo-express is running
2025-09-02 04:00:02 - ✓ redis-commander is running
2025-09-02 04:00:02 - === END SUMMARY ===
2025-09-02 05:00:01 - === HEALTH CHECK SUMMARY ===
2025-09-02 05:00:01 - Checking MariaDB...
2025-09-02 05:00:01 - ✗ MariaDB is not responding
2025-09-02 05:00:01 - Checking PostgreSQL...
2025-09-02 05:00:01 - ✓ PostgreSQL is healthy
2025-09-02 05:00:02 -   - Active connections: 6
2025-09-02 05:00:02 - Checking MongoDB...
2025-09-02 05:00:02 - ✗ MongoDB is not responding
2025-09-02 05:00:02 - Checking Redis...
2025-09-02 05:00:02 - ✓ Redis is healthy
2025-09-02 05:00:02 -   - Memory usage: 1.13M
2025-09-02 05:00:02 -   - Connected clients: 2
2025-09-02 05:00:02 - Database Services: 2/4 healthy
2025-09-02 05:00:02 - Checking disk space...
2025-09-02 05:00:02 - Disk usage: 19%
2025-09-02 05:00:02 - ✓ Disk space is adequate
2025-09-02 05:00:02 - Checking container status...
2025-09-02 05:00:02 - ✓ mariadb is running
2025-09-02 05:00:02 - ✓ postgresql is running
2025-09-02 05:00:02 - ✓ mongodb is running
2025-09-02 05:00:02 - ✓ redis is running
2025-09-02 05:00:02 - ✓ phpmyadmin is running
2025-09-02 05:00:02 - ✓ pgadmin is running
2025-09-02 05:00:02 - ✓ mongo-express is running
2025-09-02 05:00:02 - ✓ redis-commander is running
2025-09-02 05:00:03 - === END SUMMARY ===
2025-09-02 06:00:01 - === HEALTH CHECK SUMMARY ===
2025-09-02 06:00:01 - Checking MariaDB...
2025-09-02 06:00:01 - ✗ MariaDB is not responding
2025-09-02 06:00:01 - Checking PostgreSQL...
2025-09-02 06:00:01 - ✓ PostgreSQL is healthy
2025-09-02 06:00:01 -   - Active connections: 6
2025-09-02 06:00:01 - Checking MongoDB...
2025-09-02 06:00:01 - ✗ MongoDB is not responding
2025-09-02 06:00:01 - Checking Redis...
2025-09-02 06:00:01 - ✓ Redis is healthy
2025-09-02 06:00:01 -   - Memory usage: 1.13M
2025-09-02 06:00:01 -   - Connected clients: 2
2025-09-02 06:00:01 - Database Services: 2/4 healthy
2025-09-02 06:00:01 - Checking disk space...
2025-09-02 06:00:01 - Disk usage: 19%
2025-09-02 06:00:01 - ✓ Disk space is adequate
2025-09-02 06:00:01 - Checking container status...
2025-09-02 06:00:02 - ✓ mariadb is running
2025-09-02 06:00:02 - ✓ postgresql is running
2025-09-02 06:00:02 - ✓ mongodb is running
2025-09-02 06:00:02 - ✓ redis is running
2025-09-02 06:00:02 - ✓ phpmyadmin is running
2025-09-02 06:00:02 - ✓ pgadmin is running
2025-09-02 06:00:02 - ✓ mongo-express is running
2025-09-02 06:00:02 - ✓ redis-commander is running
2025-09-02 06:00:02 - === END SUMMARY ===
2025-09-02 07:00:01 - === HEALTH CHECK SUMMARY ===
2025-09-02 07:00:01 - Checking MariaDB...
2025-09-02 07:00:01 - ✗ MariaDB is not responding
2025-09-02 07:00:01 - Checking PostgreSQL...
2025-09-02 07:00:01 - ✓ PostgreSQL is healthy
2025-09-02 07:00:01 -   - Active connections: 6
2025-09-02 07:00:01 - Checking MongoDB...
2025-09-02 07:00:02 - ✗ MongoDB is not responding
2025-09-02 07:00:02 - Checking Redis...
2025-09-02 07:00:02 - ✓ Redis is healthy
2025-09-02 07:00:02 -   - Memory usage: 1.13M
2025-09-02 07:00:02 -   - Connected clients: 2
2025-09-02 07:00:02 - Database Services: 2/4 healthy
2025-09-02 07:00:02 - Checking disk space...
2025-09-02 07:00:02 - Disk usage: 19%
2025-09-02 07:00:02 - ✓ Disk space is adequate
2025-09-02 07:00:02 - Checking container status...
2025-09-02 07:00:02 - ✓ mariadb is running
2025-09-02 07:00:02 - ✓ postgresql is running
2025-09-02 07:00:02 - ✓ mongodb is running
2025-09-02 07:00:02 - ✓ redis is running
2025-09-02 07:00:02 - ✓ phpmyadmin is running
2025-09-02 07:00:02 - ✓ pgadmin is running
2025-09-02 07:00:02 - ✓ mongo-express is running
2025-09-02 07:00:02 - ✓ redis-commander is running
2025-09-02 07:00:02 - === END SUMMARY ===
2025-09-02 08:00:01 - === HEALTH CHECK SUMMARY ===
2025-09-02 08:00:01 - Checking MariaDB...
2025-09-02 08:00:02 - ✗ MariaDB is not responding
2025-09-02 08:00:02 - Checking PostgreSQL...
2025-09-02 08:00:02 - ✓ PostgreSQL is healthy
2025-09-02 08:00:02 -   - Active connections: 6
2025-09-02 08:00:02 - Checking MongoDB...
2025-09-02 08:00:02 - ✗ MongoDB is not responding
2025-09-02 08:00:02 - Checking Redis...
2025-09-02 08:00:02 - ✓ Redis is healthy
2025-09-02 08:00:02 -   - Memory usage: 1.13M
2025-09-02 08:00:02 -   - Connected clients: 2
2025-09-02 08:00:02 - Database Services: 2/4 healthy
2025-09-02 08:00:02 - Checking disk space...
2025-09-02 08:00:02 - Disk usage: 19%
2025-09-02 08:00:02 - ✓ Disk space is adequate
2025-09-02 08:00:02 - Checking container status...
2025-09-02 08:00:02 - ✓ mariadb is running
2025-09-02 08:00:03 - ✓ postgresql is running
2025-09-02 08:00:03 - ✓ mongodb is running
2025-09-02 08:00:03 - ✓ redis is running
2025-09-02 08:00:03 - ✓ phpmyadmin is running
2025-09-02 08:00:03 - ✓ pgadmin is running
2025-09-02 08:00:03 - ✓ mongo-express is running
2025-09-02 08:00:03 - ✓ redis-commander is running
2025-09-02 08:00:03 - === END SUMMARY ===
2025-09-02 09:00:01 - === HEALTH CHECK SUMMARY ===
2025-09-02 09:00:01 - Checking MariaDB...
2025-09-02 09:00:01 - ✗ MariaDB is not responding
2025-09-02 09:00:01 - Checking PostgreSQL...
2025-09-02 09:00:01 - ✓ PostgreSQL is healthy
2025-09-02 09:00:01 -   - Active connections: 6
2025-09-02 09:00:01 - Checking MongoDB...
2025-09-02 09:00:02 - ✗ MongoDB is not responding
2025-09-02 09:00:02 - Checking Redis...
2025-09-02 09:00:02 - ✓ Redis is healthy
2025-09-02 09:00:02 -   - Memory usage: 1.13M
2025-09-02 09:00:02 -   - Connected clients: 2
2025-09-02 09:00:02 - Database Services: 2/4 healthy
2025-09-02 09:00:02 - Checking disk space...
2025-09-02 09:00:02 - Disk usage: 20%
2025-09-02 09:00:02 - ✓ Disk space is adequate
2025-09-02 09:00:02 - Checking container status...
2025-09-02 09:00:02 - ✓ mariadb is running
2025-09-02 09:00:02 - ✓ postgresql is running
2025-09-02 09:00:02 - ✓ mongodb is running
2025-09-02 09:00:02 - ✓ redis is running
2025-09-02 09:00:02 - ✓ phpmyadmin is running
2025-09-02 09:00:02 - ✓ pgadmin is running
2025-09-02 09:00:02 - ✓ mongo-express is running
2025-09-02 09:00:02 - ✓ redis-commander is running
2025-09-02 09:00:02 - === END SUMMARY ===
2025-09-02 10:00:01 - === HEALTH CHECK SUMMARY ===
2025-09-02 10:00:01 - Checking MariaDB...
2025-09-02 10:00:01 - ✗ MariaDB is not responding
2025-09-02 10:00:01 - Checking PostgreSQL...
2025-09-02 10:00:02 - ✓ PostgreSQL is healthy
2025-09-02 10:00:02 -   - Active connections: 6
2025-09-02 10:00:02 - Checking MongoDB...
2025-09-02 10:00:02 - ✗ MongoDB is not responding
2025-09-02 10:00:02 - Checking Redis...
2025-09-02 10:00:02 - ✓ Redis is healthy
2025-09-02 10:00:02 -   - Memory usage: 1.13M
2025-09-02 10:00:02 -   - Connected clients: 2
2025-09-02 10:00:02 - Database Services: 2/4 healthy
2025-09-02 10:00:02 - Checking disk space...
2025-09-02 10:00:02 - Disk usage: 20%
2025-09-02 10:00:02 - ✓ Disk space is adequate
2025-09-02 10:00:02 - Checking container status...
2025-09-02 10:00:02 - ✓ mariadb is running
2025-09-02 10:00:02 - ✓ postgresql is running
2025-09-02 10:00:02 - ✓ mongodb is running
2025-09-02 10:00:02 - ✓ redis is running
2025-09-02 10:00:03 - ✓ phpmyadmin is running
2025-09-02 10:00:03 - ✓ pgadmin is running
2025-09-02 10:00:03 - ✓ mongo-express is running
2025-09-02 10:00:03 - ✓ redis-commander is running
2025-09-02 10:00:03 - === END SUMMARY ===
2025-09-02 11:00:01 - === HEALTH CHECK SUMMARY ===
2025-09-02 11:00:01 - Checking MariaDB...
2025-09-02 11:00:01 - ✗ MariaDB is not responding
2025-09-02 11:00:01 - Checking PostgreSQL...
2025-09-02 11:00:01 - ✓ PostgreSQL is healthy
2025-09-02 11:00:01 -   - Active connections: 6
2025-09-02 11:00:01 - Checking MongoDB...
2025-09-02 11:00:01 - ✗ MongoDB is not responding
2025-09-02 11:00:01 - Checking Redis...
2025-09-02 11:00:01 - ✓ Redis is healthy
2025-09-02 11:00:02 -   - Memory usage: 1.13M
2025-09-02 11:00:02 -   - Connected clients: 2
2025-09-02 11:00:02 - Database Services: 2/4 healthy
2025-09-02 11:00:02 - Checking disk space...
2025-09-02 11:00:02 - Disk usage: 20%
2025-09-02 11:00:02 - ✓ Disk space is adequate
2025-09-02 11:00:02 - Checking container status...
2025-09-02 11:00:02 - ✓ mariadb is running
2025-09-02 11:00:02 - ✓ postgresql is running
2025-09-02 11:00:02 - ✓ mongodb is running
2025-09-02 11:00:02 - ✓ redis is running
2025-09-02 11:00:02 - ✓ phpmyadmin is running
2025-09-02 11:00:02 - ✓ pgadmin is running
2025-09-02 11:00:02 - ✓ mongo-express is running
2025-09-02 11:00:02 - ✓ redis-commander is running
2025-09-02 11:00:02 - === END SUMMARY ===
2025-09-02 12:00:01 - === HEALTH CHECK SUMMARY ===
2025-09-02 12:00:01 - Checking MariaDB...
2025-09-02 12:00:01 - ✗ MariaDB is not responding
2025-09-02 12:00:01 - Checking PostgreSQL...
2025-09-02 12:00:01 - ✓ PostgreSQL is healthy
2025-09-02 12:00:02 -   - Active connections: 6
2025-09-02 12:00:02 - Checking MongoDB...
2025-09-02 12:00:02 - ✗ MongoDB is not responding
2025-09-02 12:00:02 - Checking Redis...
2025-09-02 12:00:02 - ✓ Redis is healthy
2025-09-02 12:00:02 -   - Memory usage: 1.13M
2025-09-02 12:00:02 -   - Connected clients: 2
2025-09-02 12:00:02 - Database Services: 2/4 healthy
2025-09-02 12:00:02 - Checking disk space...
2025-09-02 12:00:02 - Disk usage: 20%
2025-09-02 12:00:02 - ✓ Disk space is adequate
2025-09-02 12:00:02 - Checking container status...
2025-09-02 12:00:02 - ✓ mariadb is running
2025-09-02 12:00:02 - ✓ postgresql is running
2025-09-02 12:00:02 - ✓ mongodb is running
2025-09-02 12:00:02 - ✓ redis is running
2025-09-02 12:00:02 - ✓ phpmyadmin is running
2025-09-02 12:00:02 - ✓ pgadmin is running
2025-09-02 12:00:02 - ✓ mongo-express is running
2025-09-02 12:00:02 - ✓ redis-commander is running
2025-09-02 12:00:03 - === END SUMMARY ===
2025-09-02 13:00:01 - === HEALTH CHECK SUMMARY ===
2025-09-02 13:00:01 - Checking MariaDB...
2025-09-02 13:00:01 - ✗ MariaDB is not responding
2025-09-02 13:00:01 - Checking PostgreSQL...
2025-09-02 13:00:01 - ✓ PostgreSQL is healthy
2025-09-02 13:00:01 -   - Active connections: 6
2025-09-02 13:00:01 - Checking MongoDB...
2025-09-02 13:00:01 - ✗ MongoDB is not responding
2025-09-02 13:00:01 - Checking Redis...
2025-09-02 13:00:01 - ✓ Redis is healthy
2025-09-02 13:00:01 -   - Memory usage: 1.13M
2025-09-02 13:00:02 -   - Connected clients: 2
2025-09-02 13:00:02 - Database Services: 2/4 healthy
2025-09-02 13:00:02 - Checking disk space...
2025-09-02 13:00:02 - Disk usage: 20%
2025-09-02 13:00:02 - ✓ Disk space is adequate
2025-09-02 13:00:02 - Checking container status...
2025-09-02 13:00:02 - ✓ mariadb is running
2025-09-02 13:00:02 - ✓ postgresql is running
2025-09-02 13:00:02 - ✓ mongodb is running
2025-09-02 13:00:02 - ✓ redis is running
2025-09-02 13:00:02 - ✓ phpmyadmin is running
2025-09-02 13:00:02 - ✓ pgadmin is running
2025-09-02 13:00:02 - ✓ mongo-express is running
2025-09-02 13:00:02 - ✓ redis-commander is running
2025-09-02 13:00:02 - === END SUMMARY ===
2025-09-02 14:00:01 - === HEALTH CHECK SUMMARY ===
2025-09-02 14:00:01 - Checking MariaDB...
2025-09-02 14:00:01 - ✗ MariaDB is not responding
2025-09-02 14:00:01 - Checking PostgreSQL...
2025-09-02 14:00:01 - ✓ PostgreSQL is healthy
2025-09-02 14:00:02 -   - Active connections: 6
2025-09-02 14:00:02 - Checking MongoDB...
2025-09-02 14:00:02 - ✗ MongoDB is not responding
2025-09-02 14:00:02 - Checking Redis...
2025-09-02 14:00:02 - ✓ Redis is healthy
2025-09-02 14:00:02 -   - Memory usage: 1.13M
2025-09-02 14:00:02 -   - Connected clients: 2
2025-09-02 14:00:02 - Database Services: 2/4 healthy
2025-09-02 14:00:02 - Checking disk space...
2025-09-02 14:00:02 - Disk usage: 20%
2025-09-02 14:00:02 - ✓ Disk space is adequate
2025-09-02 14:00:02 - Checking container status...
2025-09-02 14:00:02 - ✓ mariadb is running
2025-09-02 14:00:02 - ✓ postgresql is running
2025-09-02 14:00:02 - ✓ mongodb is running
2025-09-02 14:00:02 - ✓ redis is running
2025-09-02 14:00:02 - ✓ phpmyadmin is running
2025-09-02 14:00:02 - ✓ pgadmin is running
2025-09-02 14:00:02 - ✓ mongo-express is running
2025-09-02 14:00:02 - ✓ redis-commander is running
2025-09-02 14:00:02 - === END SUMMARY ===
2025-09-02 15:00:01 - === HEALTH CHECK SUMMARY ===
2025-09-02 15:00:02 - Checking MariaDB...
2025-09-02 15:00:02 - ✗ MariaDB is not responding
2025-09-02 15:00:02 - Checking PostgreSQL...
2025-09-02 15:00:02 - ✓ PostgreSQL is healthy
2025-09-02 15:00:02 -   - Active connections: 6
2025-09-02 15:00:02 - Checking MongoDB...
2025-09-02 15:00:02 - ✗ MongoDB is not responding
2025-09-02 15:00:02 - Checking Redis...
2025-09-02 15:00:02 - ✓ Redis is healthy
2025-09-02 15:00:02 -   - Memory usage: 1.13M
2025-09-02 15:00:02 -   - Connected clients: 2
2025-09-02 15:00:02 - Database Services: 2/4 healthy
2025-09-02 15:00:02 - Checking disk space...
2025-09-02 15:00:02 - Disk usage: 20%
2025-09-02 15:00:02 - ✓ Disk space is adequate
2025-09-02 15:00:02 - Checking container status...
2025-09-02 15:00:03 - ✓ mariadb is running
2025-09-02 15:00:03 - ✓ postgresql is running
2025-09-02 15:00:03 - ✓ mongodb is running
2025-09-02 15:00:03 - ✓ redis is running
2025-09-02 15:00:03 - ✓ phpmyadmin is running
2025-09-02 15:00:03 - ✓ pgadmin is running
2025-09-02 15:00:03 - ✓ mongo-express is running
2025-09-02 15:00:03 - ✓ redis-commander is running
2025-09-02 15:00:03 - === END SUMMARY ===
2025-09-02 16:00:01 - === HEALTH CHECK SUMMARY ===
2025-09-02 16:00:01 - Checking MariaDB...
2025-09-02 16:00:01 - ✗ MariaDB is not responding
2025-09-02 16:00:01 - Checking PostgreSQL...
2025-09-02 16:00:01 - ✓ PostgreSQL is healthy
2025-09-02 16:00:01 -   - Active connections: 6
2025-09-02 16:00:01 - Checking MongoDB...
2025-09-02 16:00:01 - ✗ MongoDB is not responding
2025-09-02 16:00:01 - Checking Redis...
2025-09-02 16:00:02 - ✓ Redis is healthy
2025-09-02 16:00:02 -   - Memory usage: 1.13M
2025-09-02 16:00:02 -   - Connected clients: 2
2025-09-02 16:00:02 - Database Services: 2/4 healthy
2025-09-02 16:00:02 - Checking disk space...
2025-09-02 16:00:02 - Disk usage: 20%
2025-09-02 16:00:02 - ✓ Disk space is adequate
2025-09-02 16:00:02 - Checking container status...
2025-09-02 16:00:02 - ✓ mariadb is running
2025-09-02 16:00:02 - ✓ postgresql is running
2025-09-02 16:00:02 - ✓ mongodb is running
2025-09-02 16:00:02 - ✓ redis is running
2025-09-02 16:00:02 - ✓ phpmyadmin is running
2025-09-02 16:00:02 - ✓ pgadmin is running
2025-09-02 16:00:02 - ✓ mongo-express is running
2025-09-02 16:00:02 - ✓ redis-commander is running
2025-09-02 16:00:02 - === END SUMMARY ===
2025-09-02 17:00:01 - === HEALTH CHECK SUMMARY ===
2025-09-02 17:00:01 - Checking MariaDB...
2025-09-02 17:00:01 - ✗ MariaDB is not responding
2025-09-02 17:00:01 - Checking PostgreSQL...
2025-09-02 17:00:02 - ✓ PostgreSQL is healthy
2025-09-02 17:00:02 -   - Active connections: 6
2025-09-02 17:00:02 - Checking MongoDB...
2025-09-02 17:00:02 - ✗ MongoDB is not responding
2025-09-02 17:00:02 - Checking Redis...
2025-09-02 17:00:02 - ✓ Redis is healthy
2025-09-02 17:00:02 -   - Memory usage: 1.13M
2025-09-02 17:00:02 -   - Connected clients: 2
2025-09-02 17:00:02 - Database Services: 2/4 healthy
2025-09-02 17:00:02 - Checking disk space...
2025-09-02 17:00:02 - Disk usage: 20%
2025-09-02 17:00:02 - ✓ Disk space is adequate
2025-09-02 17:00:02 - Checking container status...
2025-09-02 17:00:02 - ✓ mariadb is running
2025-09-02 17:00:02 - ✓ postgresql is running
2025-09-02 17:00:02 - ✓ mongodb is running
2025-09-02 17:00:02 - ✓ redis is running
2025-09-02 17:00:03 - ✓ phpmyadmin is running
2025-09-02 17:00:03 - ✓ pgadmin is running
2025-09-02 17:00:03 - ✓ mongo-express is running
2025-09-02 17:00:03 - ✓ redis-commander is running
2025-09-02 17:00:03 - === END SUMMARY ===
2025-09-02 18:00:01 - === HEALTH CHECK SUMMARY ===
2025-09-02 18:00:01 - Checking MariaDB...
2025-09-02 18:00:01 - ✗ MariaDB is not responding
2025-09-02 18:00:01 - Checking PostgreSQL...
2025-09-02 18:00:01 - ✓ PostgreSQL is healthy
2025-09-02 18:00:01 -   - Active connections: 6
2025-09-02 18:00:01 - Checking MongoDB...
2025-09-02 18:00:01 - ✗ MongoDB is not responding
2025-09-02 18:00:01 - Checking Redis...
2025-09-02 18:00:01 - ✓ Redis is healthy
2025-09-02 18:00:02 -   - Memory usage: 1.13M
2025-09-02 18:00:02 -   - Connected clients: 2
2025-09-02 18:00:02 - Database Services: 2/4 healthy
2025-09-02 18:00:02 - Checking disk space...
2025-09-02 18:00:02 - Disk usage: 20%
2025-09-02 18:00:02 - ✓ Disk space is adequate
2025-09-02 18:00:02 - Checking container status...
2025-09-02 18:00:02 - ✓ mariadb is running
2025-09-02 18:00:02 - ✓ postgresql is running
2025-09-02 18:00:02 - ✓ mongodb is running
2025-09-02 18:00:02 - ✓ redis is running
2025-09-02 18:00:02 - ✓ phpmyadmin is running
2025-09-02 18:00:02 - ✓ pgadmin is running
2025-09-02 18:00:02 - ✓ mongo-express is running
2025-09-02 18:00:02 - ✓ redis-commander is running
2025-09-02 18:00:02 - === END SUMMARY ===
2025-09-02 19:00:01 - === HEALTH CHECK SUMMARY ===
2025-09-02 19:00:01 - Checking MariaDB...
2025-09-02 19:00:01 - ✗ MariaDB is not responding
2025-09-02 19:00:01 - Checking PostgreSQL...
2025-09-02 19:00:02 - ✓ PostgreSQL is healthy
2025-09-02 19:00:02 -   - Active connections: 6
2025-09-02 19:00:02 - Checking MongoDB...
2025-09-02 19:00:02 - ✗ MongoDB is not responding
2025-09-02 19:00:02 - Checking Redis...
2025-09-02 19:00:02 - ✓ Redis is healthy
2025-09-02 19:00:02 -   - Memory usage: 1.13M
2025-09-02 19:00:02 -   - Connected clients: 2
2025-09-02 19:00:02 - Database Services: 2/4 healthy
2025-09-02 19:00:02 - Checking disk space...
2025-09-02 19:00:02 - Disk usage: 20%
2025-09-02 19:00:02 - ✓ Disk space is adequate
2025-09-02 19:00:02 - Checking container status...
2025-09-02 19:00:02 - ✓ mariadb is running
2025-09-02 19:00:02 - ✓ postgresql is running
2025-09-02 19:00:02 - ✓ mongodb is running
2025-09-02 19:00:02 - ✓ redis is running
2025-09-02 19:00:02 - ✓ phpmyadmin is running
2025-09-02 19:00:02 - ✓ pgadmin is running
2025-09-02 19:00:02 - ✓ mongo-express is running
2025-09-02 19:00:03 - ✓ redis-commander is running
2025-09-02 19:00:03 - === END SUMMARY ===
2025-09-02 20:00:01 - === HEALTH CHECK SUMMARY ===
2025-09-02 20:00:01 - Checking MariaDB...
2025-09-02 20:00:01 - ✗ MariaDB is not responding
2025-09-02 20:00:01 - Checking PostgreSQL...
2025-09-02 20:00:01 - ✓ PostgreSQL is healthy
2025-09-02 20:00:01 -   - Active connections: 6
2025-09-02 20:00:01 - Checking MongoDB...
2025-09-02 20:00:01 - ✗ MongoDB is not responding
2025-09-02 20:00:01 - Checking Redis...
2025-09-02 20:00:01 - ✓ Redis is healthy
2025-09-02 20:00:01 -   - Memory usage: 1.13M
2025-09-02 20:00:02 -   - Connected clients: 2
2025-09-02 20:00:02 - Database Services: 2/4 healthy
2025-09-02 20:00:02 - Checking disk space...
2025-09-02 20:00:02 - Disk usage: 20%
2025-09-02 20:00:02 - ✓ Disk space is adequate
2025-09-02 20:00:02 - Checking container status...
2025-09-02 20:00:02 - ✓ mariadb is running
2025-09-02 20:00:02 - ✓ postgresql is running
2025-09-02 20:00:02 - ✓ mongodb is running
2025-09-02 20:00:02 - ✓ redis is running
2025-09-02 20:00:02 - ✓ phpmyadmin is running
2025-09-02 20:00:02 - ✓ pgadmin is running
2025-09-02 20:00:02 - ✓ mongo-express is running
2025-09-02 20:00:02 - ✓ redis-commander is running
2025-09-02 20:00:02 - === END SUMMARY ===
2025-09-02 21:00:01 - === HEALTH CHECK SUMMARY ===
2025-09-02 21:00:01 - Checking MariaDB...
2025-09-02 21:00:01 - ✗ MariaDB is not responding
2025-09-02 21:00:01 - Checking PostgreSQL...
2025-09-02 21:00:01 - ✓ PostgreSQL is healthy
2025-09-02 21:00:01 -   - Active connections: 6
2025-09-02 21:00:01 - Checking MongoDB...
2025-09-02 21:00:02 - ✗ MongoDB is not responding
2025-09-02 21:00:02 - Checking Redis...
2025-09-02 21:00:02 - ✓ Redis is healthy
2025-09-02 21:00:02 -   - Memory usage: 1.13M
2025-09-02 21:00:02 -   - Connected clients: 2
2025-09-02 21:00:02 - Database Services: 2/4 healthy
2025-09-02 21:00:02 - Checking disk space...
2025-09-02 21:00:02 - Disk usage: 20%
2025-09-02 21:00:02 - ✓ Disk space is adequate
2025-09-02 21:00:02 - Checking container status...
2025-09-02 21:00:02 - ✓ mariadb is running
2025-09-02 21:00:02 - ✓ postgresql is running
2025-09-02 21:00:02 - ✓ mongodb is running
2025-09-02 21:00:02 - ✓ redis is running
2025-09-02 21:00:02 - ✓ phpmyadmin is running
2025-09-02 21:00:02 - ✓ pgadmin is running
2025-09-02 21:00:02 - ✓ mongo-express is running
2025-09-02 21:00:02 - ✓ redis-commander is running
2025-09-02 21:00:02 - === END SUMMARY ===
2025-09-02 22:00:01 - === HEALTH CHECK SUMMARY ===
2025-09-02 22:00:01 - Checking MariaDB...
2025-09-02 22:00:02 - ✗ MariaDB is not responding
2025-09-02 22:00:02 - Checking PostgreSQL...
2025-09-02 22:00:02 - ✓ PostgreSQL is healthy
2025-09-02 22:00:02 -   - Active connections: 6
2025-09-02 22:00:02 - Checking MongoDB...
2025-09-02 22:00:02 - ✗ MongoDB is not responding
2025-09-02 22:00:02 - Checking Redis...
2025-09-02 22:00:02 - ✓ Redis is healthy
2025-09-02 22:00:02 -   - Memory usage: 1.13M
2025-09-02 22:00:02 -   - Connected clients: 2
2025-09-02 22:00:02 - Database Services: 2/4 healthy
2025-09-02 22:00:02 - Checking disk space...
2025-09-02 22:00:02 - Disk usage: 20%
2025-09-02 22:00:02 - ✓ Disk space is adequate
2025-09-02 22:00:02 - Checking container status...
2025-09-02 22:00:03 - ✓ mariadb is running
2025-09-02 22:00:03 - ✓ postgresql is running
2025-09-02 22:00:03 - ✓ mongodb is running
2025-09-02 22:00:03 - ✓ redis is running
2025-09-02 22:00:03 - ✓ phpmyadmin is running
2025-09-02 22:00:03 - ✓ pgadmin is running
2025-09-02 22:00:03 - ✓ mongo-express is running
2025-09-02 22:00:03 - ✓ redis-commander is running
2025-09-02 22:00:03 - === END SUMMARY ===
2025-09-02 23:00:01 - === HEALTH CHECK SUMMARY ===
2025-09-02 23:00:01 - Checking MariaDB...
2025-09-02 23:00:01 - ✗ MariaDB is not responding
2025-09-02 23:00:01 - Checking PostgreSQL...
2025-09-02 23:00:01 - ✓ PostgreSQL is healthy
2025-09-02 23:00:01 -   - Active connections: 6
2025-09-02 23:00:01 - Checking MongoDB...
2025-09-02 23:00:02 - ✗ MongoDB is not responding
2025-09-02 23:00:02 - Checking Redis...
2025-09-02 23:00:02 - ✓ Redis is healthy
2025-09-02 23:00:02 -   - Memory usage: 1.13M
2025-09-02 23:00:02 -   - Connected clients: 2
2025-09-02 23:00:02 - Database Services: 2/4 healthy
2025-09-02 23:00:02 - Checking disk space...
2025-09-02 23:00:02 - Disk usage: 20%
2025-09-02 23:00:02 - ✓ Disk space is adequate
2025-09-02 23:00:02 - Checking container status...
2025-09-02 23:00:02 - ✓ mariadb is running
2025-09-02 23:00:02 - ✓ postgresql is running
2025-09-02 23:00:02 - ✓ mongodb is running
2025-09-02 23:00:02 - ✓ redis is running
2025-09-02 23:00:02 - ✓ phpmyadmin is running
2025-09-02 23:00:02 - ✓ pgadmin is running
2025-09-02 23:00:02 - ✓ mongo-express is running
2025-09-02 23:00:02 - ✓ redis-commander is running
2025-09-02 23:00:02 - === END SUMMARY ===
2025-09-03 00:00:01 - === HEALTH CHECK SUMMARY ===
2025-09-03 00:00:01 - Checking MariaDB...
2025-09-03 00:00:02 - ✗ MariaDB is not responding
2025-09-03 00:00:02 - Checking PostgreSQL...
2025-09-03 00:00:02 - ✓ PostgreSQL is healthy
2025-09-03 00:00:02 -   - Active connections: 6
2025-09-03 00:00:02 - Checking MongoDB...
2025-09-03 00:00:02 - ✗ MongoDB is not responding
2025-09-03 00:00:02 - Checking Redis...
2025-09-03 00:00:02 - ✓ Redis is healthy
2025-09-03 00:00:02 -   - Memory usage: 1.13M
2025-09-03 00:00:02 -   - Connected clients: 2
2025-09-03 00:00:02 - Database Services: 2/4 healthy
2025-09-03 00:00:02 - Checking disk space...
2025-09-03 00:00:02 - Disk usage: 20%
2025-09-03 00:00:02 - ✓ Disk space is adequate
2025-09-03 00:00:02 - Checking container status...
2025-09-03 00:00:02 - ✓ mariadb is running
2025-09-03 00:00:03 - ✓ postgresql is running
2025-09-03 00:00:03 - ✓ mongodb is running
2025-09-03 00:00:03 - ✓ redis is running
2025-09-03 00:00:03 - ✓ phpmyadmin is running
2025-09-03 00:00:03 - ✓ pgadmin is running
2025-09-03 00:00:03 - ✓ mongo-express is running
2025-09-03 00:00:03 - ✓ redis-commander is running
2025-09-03 00:00:03 - === END SUMMARY ===
2025-09-03 01:00:01 - === HEALTH CHECK SUMMARY ===
2025-09-03 01:00:01 - Checking MariaDB...
2025-09-03 01:00:01 - ✗ MariaDB is not responding
2025-09-03 01:00:01 - Checking PostgreSQL...
2025-09-03 01:00:01 - ✓ PostgreSQL is healthy
2025-09-03 01:00:01 -   - Active connections: 6
2025-09-03 01:00:01 - Checking MongoDB...
2025-09-03 01:00:01 - ✗ MongoDB is not responding
2025-09-03 01:00:01 - Checking Redis...
2025-09-03 01:00:02 - ✓ Redis is healthy
2025-09-03 01:00:02 -   - Memory usage: 1.13M
2025-09-03 01:00:02 -   - Connected clients: 2
2025-09-03 01:00:02 - Database Services: 2/4 healthy
2025-09-03 01:00:02 - Checking disk space...
2025-09-03 01:00:02 - Disk usage: 20%
2025-09-03 01:00:02 - ✓ Disk space is adequate
2025-09-03 01:00:02 - Checking container status...
2025-09-03 01:00:02 - ✓ mariadb is running
2025-09-03 01:00:02 - ✓ postgresql is running
2025-09-03 01:00:02 - ✓ mongodb is running
2025-09-03 01:00:02 - ✓ redis is running
2025-09-03 01:00:02 - ✓ phpmyadmin is running
2025-09-03 01:00:02 - ✓ pgadmin is running
2025-09-03 01:00:02 - ✓ mongo-express is running
2025-09-03 01:00:02 - ✓ redis-commander is running
2025-09-03 01:00:02 - === END SUMMARY ===
2025-09-03 02:00:01 - === HEALTH CHECK SUMMARY ===
2025-09-03 02:00:01 - Checking MariaDB...
2025-09-03 02:00:01 - ✗ MariaDB is not responding
2025-09-03 02:00:01 - Checking PostgreSQL...
2025-09-03 02:00:02 - ✓ PostgreSQL is healthy
2025-09-03 02:00:02 -   - Active connections: 8
2025-09-03 02:00:02 - Checking MongoDB...
2025-09-03 02:00:02 - ✗ MongoDB is not responding
2025-09-03 02:00:02 - Checking Redis...
2025-09-03 02:00:02 - ✓ Redis is healthy
2025-09-03 02:00:02 -   - Memory usage: 1.13M
2025-09-03 02:00:02 -   - Connected clients: 2
2025-09-03 02:00:02 - Database Services: 2/4 healthy
2025-09-03 02:00:02 - Checking disk space...
2025-09-03 02:00:02 - Disk usage: 20%
2025-09-03 02:00:02 - ✓ Disk space is adequate
2025-09-03 02:00:02 - Checking container status...
2025-09-03 02:00:02 - ✓ mariadb is running
2025-09-03 02:00:02 - ✓ postgresql is running
2025-09-03 02:00:02 - ✓ mongodb is running
2025-09-03 02:00:02 - ✓ redis is running
2025-09-03 02:00:02 - ✓ phpmyadmin is running
2025-09-03 02:00:02 - ✓ pgadmin is running
2025-09-03 02:00:02 - ✓ mongo-express is running
2025-09-03 02:00:03 - ✓ redis-commander is running
2025-09-03 02:00:03 - === END SUMMARY ===
2025-09-03 03:00:01 - === HEALTH CHECK SUMMARY ===
2025-09-03 03:00:01 - Checking MariaDB...
2025-09-03 03:00:01 - ✗ MariaDB is not responding
2025-09-03 03:00:01 - Checking PostgreSQL...
2025-09-03 03:00:02 - ✓ PostgreSQL is healthy
2025-09-03 03:00:02 -   - Active connections: 6
2025-09-03 03:00:02 - Checking MongoDB...
2025-09-03 03:00:02 - ✗ MongoDB is not responding
2025-09-03 03:00:02 - Checking Redis...
2025-09-03 03:00:02 - ✓ Redis is healthy
2025-09-03 03:00:02 -   - Memory usage: 1.13M
2025-09-03 03:00:02 -   - Connected clients: 2
2025-09-03 03:00:02 - Database Services: 2/4 healthy
2025-09-03 03:00:02 - Checking disk space...
2025-09-03 03:00:02 - Disk usage: 20%
2025-09-03 03:00:02 - ✓ Disk space is adequate
2025-09-03 03:00:02 - Checking container status...
2025-09-03 03:00:02 - ✓ mariadb is running
2025-09-03 03:00:02 - ✓ postgresql is running
2025-09-03 03:00:02 - ✓ mongodb is running
2025-09-03 03:00:02 - ✓ redis is running
2025-09-03 03:00:02 - ✓ phpmyadmin is running
2025-09-03 03:00:03 - ✓ pgadmin is running
2025-09-03 03:00:03 - ✓ mongo-express is running
2025-09-03 03:00:03 - ✓ redis-commander is running
2025-09-03 03:00:03 - === END SUMMARY ===
2025-09-03 04:00:01 - === HEALTH CHECK SUMMARY ===
2025-09-03 04:00:01 - Checking MariaDB...
2025-09-03 04:00:01 - ✗ MariaDB is not responding
2025-09-03 04:00:01 - Checking PostgreSQL...
2025-09-03 04:00:01 - ✓ PostgreSQL is healthy
2025-09-03 04:00:01 -   - Active connections: 6
2025-09-03 04:00:01 - Checking MongoDB...
2025-09-03 04:00:01 - ✗ MongoDB is not responding
2025-09-03 04:00:01 - Checking Redis...
2025-09-03 04:00:01 - ✓ Redis is healthy
2025-09-03 04:00:02 -   - Memory usage: 1.13M
2025-09-03 04:00:02 -   - Connected clients: 2
2025-09-03 04:00:02 - Database Services: 2/4 healthy
2025-09-03 04:00:02 - Checking disk space...
2025-09-03 04:00:02 - Disk usage: 20%
2025-09-03 04:00:02 - ✓ Disk space is adequate
2025-09-03 04:00:02 - Checking container status...
2025-09-03 04:00:02 - ✓ mariadb is running
2025-09-03 04:00:02 - ✓ postgresql is running
2025-09-03 04:00:02 - ✓ mongodb is running
2025-09-03 04:00:02 - ✓ redis is running
2025-09-03 04:00:02 - ✓ phpmyadmin is running
2025-09-03 04:00:02 - ✓ pgadmin is running
2025-09-03 04:00:02 - ✓ mongo-express is running
2025-09-03 04:00:02 - ✓ redis-commander is running
2025-09-03 04:00:02 - === END SUMMARY ===
2025-09-03 05:00:01 - === HEALTH CHECK SUMMARY ===
2025-09-03 05:00:01 - Checking MariaDB...
2025-09-03 05:00:01 - ✗ MariaDB is not responding
2025-09-03 05:00:01 - Checking PostgreSQL...
2025-09-03 05:00:02 - ✓ PostgreSQL is healthy
2025-09-03 05:00:02 -   - Active connections: 6
2025-09-03 05:00:02 - Checking MongoDB...
2025-09-03 05:00:02 - ✗ MongoDB is not responding
2025-09-03 05:00:02 - Checking Redis...
2025-09-03 05:00:02 - ✓ Redis is healthy
2025-09-03 05:00:02 -   - Memory usage: 1.13M
2025-09-03 05:00:02 -   - Connected clients: 2
2025-09-03 05:00:02 - Database Services: 2/4 healthy
2025-09-03 05:00:02 - Checking disk space...
2025-09-03 05:00:02 - Disk usage: 20%
2025-09-03 05:00:02 - ✓ Disk space is adequate
2025-09-03 05:00:02 - Checking container status...
2025-09-03 05:00:02 - ✓ mariadb is running
2025-09-03 05:00:02 - ✓ postgresql is running
2025-09-03 05:00:02 - ✓ mongodb is running
2025-09-03 05:00:02 - ✓ redis is running
2025-09-03 05:00:02 - ✓ phpmyadmin is running
2025-09-03 05:00:03 - ✓ pgadmin is running
2025-09-03 05:00:03 - ✓ mongo-express is running
2025-09-03 05:00:03 - ✓ redis-commander is running
2025-09-03 05:00:03 - === END SUMMARY ===
2025-09-03 06:00:01 - === HEALTH CHECK SUMMARY ===
2025-09-03 06:00:01 - Checking MariaDB...
2025-09-03 06:00:01 - ✗ MariaDB is not responding
2025-09-03 06:00:01 - Checking PostgreSQL...
2025-09-03 06:00:01 - ✓ PostgreSQL is healthy
2025-09-03 06:00:01 -   - Active connections: 6
2025-09-03 06:00:01 - Checking MongoDB...
2025-09-03 06:00:01 - ✗ MongoDB is not responding
2025-09-03 06:00:01 - Checking Redis...
2025-09-03 06:00:01 - ✓ Redis is healthy
2025-09-03 06:00:01 -   - Memory usage: 1.13M
2025-09-03 06:00:02 -   - Connected clients: 2
2025-09-03 06:00:02 - Database Services: 2/4 healthy
2025-09-03 06:00:02 - Checking disk space...
2025-09-03 06:00:02 - Disk usage: 20%
2025-09-03 06:00:02 - ✓ Disk space is adequate
2025-09-03 06:00:02 - Checking container status...
2025-09-03 06:00:02 - ✓ mariadb is running
2025-09-03 06:00:02 - ✓ postgresql is running
2025-09-03 06:00:02 - ✓ mongodb is running
2025-09-03 06:00:02 - ✓ redis is running
2025-09-03 06:00:02 - ✓ phpmyadmin is running
2025-09-03 06:00:02 - ✓ pgadmin is running
2025-09-03 06:00:02 - ✓ mongo-express is running
2025-09-03 06:00:02 - ✓ redis-commander is running
2025-09-03 06:00:02 - === END SUMMARY ===
2025-09-03 07:00:01 - === HEALTH CHECK SUMMARY ===
2025-09-03 07:00:01 - Checking MariaDB...
2025-09-03 07:00:01 - ✗ MariaDB is not responding
2025-09-03 07:00:01 - Checking PostgreSQL...
2025-09-03 07:00:01 - ✓ PostgreSQL is healthy
2025-09-03 07:00:02 -   - Active connections: 6
2025-09-03 07:00:02 - Checking MongoDB...
2025-09-03 07:00:02 - ✗ MongoDB is not responding
2025-09-03 07:00:02 - Checking Redis...
2025-09-03 07:00:02 - ✓ Redis is healthy
2025-09-03 07:00:02 -   - Memory usage: 1.13M
2025-09-03 07:00:02 -   - Connected clients: 2
2025-09-03 07:00:02 - Database Services: 2/4 healthy
2025-09-03 07:00:02 - Checking disk space...
2025-09-03 07:00:02 - Disk usage: 20%
2025-09-03 07:00:02 - ✓ Disk space is adequate
2025-09-03 07:00:02 - Checking container status...
2025-09-03 07:00:02 - ✓ mariadb is running
2025-09-03 07:00:02 - ✓ postgresql is running
2025-09-03 07:00:02 - ✓ mongodb is running
2025-09-03 07:00:02 - ✓ redis is running
2025-09-03 07:00:02 - ✓ phpmyadmin is running
2025-09-03 07:00:02 - ✓ pgadmin is running
2025-09-03 07:00:02 - ✓ mongo-express is running
2025-09-03 07:00:02 - ✓ redis-commander is running
2025-09-03 07:00:02 - === END SUMMARY ===
2025-09-03 08:00:02 - === HEALTH CHECK SUMMARY ===
2025-09-03 08:00:02 - Checking MariaDB...
2025-09-03 08:00:02 - ✗ MariaDB is not responding
2025-09-03 08:00:02 - Checking PostgreSQL...
2025-09-03 08:00:02 - ✓ PostgreSQL is healthy
2025-09-03 08:00:02 -   - Active connections: 6
2025-09-03 08:00:02 - Checking MongoDB...
2025-09-03 08:00:02 - ✗ MongoDB is not responding
2025-09-03 08:00:02 - Checking Redis...
2025-09-03 08:00:02 - ✓ Redis is healthy
2025-09-03 08:00:02 -   - Memory usage: 1.13M
2025-09-03 08:00:02 -   - Connected clients: 2
2025-09-03 08:00:02 - Database Services: 2/4 healthy
2025-09-03 08:00:02 - Checking disk space...
2025-09-03 08:00:02 - Disk usage: 20%
2025-09-03 08:00:02 - ✓ Disk space is adequate
2025-09-03 08:00:02 - Checking container status...
2025-09-03 08:00:03 - ✓ mariadb is running
2025-09-03 08:00:03 - ✓ postgresql is running
2025-09-03 08:00:03 - ✓ mongodb is running
2025-09-03 08:00:03 - ✓ redis is running
2025-09-03 08:00:03 - ✓ phpmyadmin is running
2025-09-03 08:00:03 - ✓ pgadmin is running
2025-09-03 08:00:03 - ✓ mongo-express is running
2025-09-03 08:00:03 - ✓ redis-commander is running
2025-09-03 08:00:03 - === END SUMMARY ===
2025-09-03 09:00:01 - === HEALTH CHECK SUMMARY ===
2025-09-03 09:00:01 - Checking MariaDB...
2025-09-03 09:00:01 - ✗ MariaDB is not responding
2025-09-03 09:00:01 - Checking PostgreSQL...
2025-09-03 09:00:01 - ✓ PostgreSQL is healthy
2025-09-03 09:00:01 -   - Active connections: 6
2025-09-03 09:00:01 - Checking MongoDB...
2025-09-03 09:00:02 - ✗ MongoDB is not responding
2025-09-03 09:00:02 - Checking Redis...
2025-09-03 09:00:02 - ✓ Redis is healthy
2025-09-03 09:00:02 -   - Memory usage: 1.13M
2025-09-03 09:00:02 -   - Connected clients: 2
2025-09-03 09:00:02 - Database Services: 2/4 healthy
2025-09-03 09:00:02 - Checking disk space...
2025-09-03 09:00:02 - Disk usage: 20%
2025-09-03 09:00:02 - ✓ Disk space is adequate
2025-09-03 09:00:02 - Checking container status...
2025-09-03 09:00:02 - ✓ mariadb is running
2025-09-03 09:00:02 - ✓ postgresql is running
2025-09-03 09:00:02 - ✓ mongodb is running
2025-09-03 09:00:02 - ✓ redis is running
2025-09-03 09:00:02 - ✓ phpmyadmin is running
2025-09-03 09:00:02 - ✓ pgadmin is running
2025-09-03 09:00:02 - ✓ mongo-express is running
2025-09-03 09:00:02 - ✓ redis-commander is running
2025-09-03 09:00:02 - === END SUMMARY ===
2025-09-03 10:00:01 - === HEALTH CHECK SUMMARY ===
2025-09-03 10:00:01 - Checking MariaDB...
2025-09-03 10:00:02 - ✗ MariaDB is not responding
2025-09-03 10:00:02 - Checking PostgreSQL...
2025-09-03 10:00:02 - ✓ PostgreSQL is healthy
2025-09-03 10:00:02 -   - Active connections: 6
2025-09-03 10:00:02 - Checking MongoDB...
2025-09-03 10:00:02 - ✗ MongoDB is not responding
2025-09-03 10:00:02 - Checking Redis...
2025-09-03 10:00:02 - ✓ Redis is healthy
2025-09-03 10:00:02 -   - Memory usage: 1.13M
2025-09-03 10:00:02 -   - Connected clients: 2
2025-09-03 10:00:02 - Database Services: 2/4 healthy
2025-09-03 10:00:02 - Checking disk space...
2025-09-03 10:00:02 - Disk usage: 20%
2025-09-03 10:00:02 - ✓ Disk space is adequate
2025-09-03 10:00:02 - Checking container status...
2025-09-03 10:00:02 - ✓ mariadb is running
2025-09-03 10:00:02 - ✓ postgresql is running
2025-09-03 10:00:02 - ✓ mongodb is running
2025-09-03 10:00:03 - ✓ redis is running
2025-09-03 10:00:03 - ✓ phpmyadmin is running
2025-09-03 10:00:03 - ✓ pgadmin is running
2025-09-03 10:00:03 - ✓ mongo-express is running
2025-09-03 10:00:03 - ✓ redis-commander is running
2025-09-03 10:00:03 - === END SUMMARY ===
2025-09-03 11:00:01 - === HEALTH CHECK SUMMARY ===
2025-09-03 11:00:01 - Checking MariaDB...
2025-09-03 11:00:01 - ✗ MariaDB is not responding
2025-09-03 11:00:01 - Checking PostgreSQL...
2025-09-03 11:00:01 - ✓ PostgreSQL is healthy
2025-09-03 11:00:01 -   - Active connections: 6
2025-09-03 11:00:01 - Checking MongoDB...
2025-09-03 11:00:01 - ✗ MongoDB is not responding
2025-09-03 11:00:01 - Checking Redis...
2025-09-03 11:00:02 - ✓ Redis is healthy
2025-09-03 11:00:02 -   - Memory usage: 1.13M
2025-09-03 11:00:02 -   - Connected clients: 2
2025-09-03 11:00:02 - Database Services: 2/4 healthy
2025-09-03 11:00:02 - Checking disk space...
2025-09-03 11:00:02 - Disk usage: 20%
2025-09-03 11:00:02 - ✓ Disk space is adequate
2025-09-03 11:00:02 - Checking container status...
2025-09-03 11:00:02 - ✓ mariadb is running
2025-09-03 11:00:02 - ✓ postgresql is running
2025-09-03 11:00:02 - ✓ mongodb is running
2025-09-03 11:00:02 - ✓ redis is running
2025-09-03 11:00:02 - ✓ phpmyadmin is running
2025-09-03 11:00:02 - ✓ pgadmin is running
2025-09-03 11:00:02 - ✓ mongo-express is running
2025-09-03 11:00:02 - ✓ redis-commander is running
2025-09-03 11:00:02 - === END SUMMARY ===
2025-09-03 12:00:01 - === HEALTH CHECK SUMMARY ===
2025-09-03 12:00:01 - Checking MariaDB...
2025-09-03 12:00:01 - ✗ MariaDB is not responding
2025-09-03 12:00:01 - Checking PostgreSQL...
2025-09-03 12:00:02 - ✓ PostgreSQL is healthy
2025-09-03 12:00:02 -   - Active connections: 6
2025-09-03 12:00:02 - Checking MongoDB...
2025-09-03 12:00:02 - ✗ MongoDB is not responding
2025-09-03 12:00:02 - Checking Redis...
2025-09-03 12:00:02 - ✓ Redis is healthy
2025-09-03 12:00:02 -   - Memory usage: 1.13M
2025-09-03 12:00:02 -   - Connected clients: 2
2025-09-03 12:00:02 - Database Services: 2/4 healthy
2025-09-03 12:00:02 - Checking disk space...
2025-09-03 12:00:02 - Disk usage: 20%
2025-09-03 12:00:02 - ✓ Disk space is adequate
2025-09-03 12:00:02 - Checking container status...
2025-09-03 12:00:02 - ✓ mariadb is running
2025-09-03 12:00:02 - ✓ postgresql is running
2025-09-03 12:00:02 - ✓ mongodb is running
2025-09-03 12:00:02 - ✓ redis is running
2025-09-03 12:00:02 - ✓ phpmyadmin is running
2025-09-03 12:00:02 - ✓ pgadmin is running
2025-09-03 12:00:03 - ✓ mongo-express is running
2025-09-03 12:00:03 - ✓ redis-commander is running
2025-09-03 12:00:03 - === END SUMMARY ===
2025-09-03 13:00:01 - === HEALTH CHECK SUMMARY ===
2025-09-03 13:00:01 - Checking MariaDB...
2025-09-03 13:00:01 - ✗ MariaDB is not responding
2025-09-03 13:00:01 - Checking PostgreSQL...
2025-09-03 13:00:01 - ✓ PostgreSQL is healthy
2025-09-03 13:00:01 -   - Active connections: 6
2025-09-03 13:00:01 - Checking MongoDB...
2025-09-03 13:00:01 - ✗ MongoDB is not responding
2025-09-03 13:00:01 - Checking Redis...
2025-09-03 13:00:01 - ✓ Redis is healthy
2025-09-03 13:00:01 -   - Memory usage: 1.13M
2025-09-03 13:00:02 -   - Connected clients: 2
2025-09-03 13:00:02 - Database Services: 2/4 healthy
2025-09-03 13:00:02 - Checking disk space...
2025-09-03 13:00:02 - Disk usage: 20%
2025-09-03 13:00:02 - ✓ Disk space is adequate
2025-09-03 13:00:02 - Checking container status...
2025-09-03 13:00:02 - ✓ mariadb is running
2025-09-03 13:00:02 - ✓ postgresql is running
2025-09-03 13:00:02 - ✓ mongodb is running
2025-09-03 13:00:02 - ✓ redis is running
2025-09-03 13:00:02 - ✓ phpmyadmin is running
2025-09-03 13:00:02 - ✓ pgadmin is running
2025-09-03 13:00:02 - ✓ mongo-express is running
2025-09-03 13:00:02 - ✓ redis-commander is running
2025-09-03 13:00:02 - === END SUMMARY ===
2025-09-03 14:00:01 - === HEALTH CHECK SUMMARY ===
2025-09-03 14:00:01 - Checking MariaDB...
2025-09-03 14:00:01 - ✗ MariaDB is not responding
2025-09-03 14:00:01 - Checking PostgreSQL...
2025-09-03 14:00:01 - ✓ PostgreSQL is healthy
2025-09-03 14:00:01 -   - Active connections: 6
2025-09-03 14:00:01 - Checking MongoDB...
2025-09-03 14:00:02 - ✗ MongoDB is not responding
2025-09-03 14:00:02 - Checking Redis...
2025-09-03 14:00:02 - ✓ Redis is healthy
2025-09-03 14:00:02 -   - Memory usage: 1.13M
2025-09-03 14:00:02 -   - Connected clients: 2
2025-09-03 14:00:02 - Database Services: 2/4 healthy
2025-09-03 14:00:02 - Checking disk space...
2025-09-03 14:00:02 - Disk usage: 20%
2025-09-03 14:00:02 - ✓ Disk space is adequate
2025-09-03 14:00:02 - Checking container status...
2025-09-03 14:00:02 - ✓ mariadb is running
2025-09-03 14:00:02 - ✓ postgresql is running
2025-09-03 14:00:02 - ✓ mongodb is running
2025-09-03 14:00:02 - ✓ redis is running
2025-09-03 14:00:02 - ✓ phpmyadmin is running
2025-09-03 14:00:02 - ✓ pgadmin is running
2025-09-03 14:00:02 - ✓ mongo-express is running
2025-09-03 14:00:02 - ✓ redis-commander is running
2025-09-03 14:00:02 - === END SUMMARY ===
2025-09-03 15:00:01 - === HEALTH CHECK SUMMARY ===
2025-09-03 15:00:01 - Checking MariaDB...
2025-09-03 15:00:02 - ✗ MariaDB is not responding
2025-09-03 15:00:02 - Checking PostgreSQL...
2025-09-03 15:00:02 - ✓ PostgreSQL is healthy
2025-09-03 15:00:02 -   - Active connections: 6
2025-09-03 15:00:02 - Checking MongoDB...
2025-09-03 15:00:02 - ✗ MongoDB is not responding
2025-09-03 15:00:02 - Checking Redis...
2025-09-03 15:00:02 - ✓ Redis is healthy
2025-09-03 15:00:02 -   - Memory usage: 1.13M
2025-09-03 15:00:02 -   - Connected clients: 2
2025-09-03 15:00:02 - Database Services: 2/4 healthy
2025-09-03 15:00:02 - Checking disk space...
2025-09-03 15:00:02 - Disk usage: 20%
2025-09-03 15:00:02 - ✓ Disk space is adequate
2025-09-03 15:00:02 - Checking container status...
2025-09-03 15:00:02 - ✓ mariadb is running
2025-09-03 15:00:03 - ✓ postgresql is running
2025-09-03 15:00:03 - ✓ mongodb is running
2025-09-03 15:00:03 - ✓ redis is running
2025-09-03 15:00:03 - ✓ phpmyadmin is running
2025-09-03 15:00:03 - ✓ pgadmin is running
2025-09-03 15:00:03 - ✓ mongo-express is running
2025-09-03 15:00:03 - ✓ redis-commander is running
2025-09-03 15:00:03 - === END SUMMARY ===
2025-09-03 16:00:01 - === HEALTH CHECK SUMMARY ===
2025-09-03 16:00:01 - Checking MariaDB...
2025-09-03 16:00:01 - ✗ MariaDB is not responding
2025-09-03 16:00:01 - Checking PostgreSQL...
2025-09-03 16:00:01 - ✓ PostgreSQL is healthy
2025-09-03 16:00:01 -   - Active connections: 6
2025-09-03 16:00:01 - Checking MongoDB...
2025-09-03 16:00:02 - ✗ MongoDB is not responding
2025-09-03 16:00:02 - Checking Redis...
2025-09-03 16:00:02 - ✓ Redis is healthy
2025-09-03 16:00:02 -   - Memory usage: 1.13M
2025-09-03 16:00:02 -   - Connected clients: 2
2025-09-03 16:00:02 - Database Services: 2/4 healthy
2025-09-03 16:00:02 - Checking disk space...
2025-09-03 16:00:02 - Disk usage: 20%
2025-09-03 16:00:02 - ✓ Disk space is adequate
2025-09-03 16:00:02 - Checking container status...
2025-09-03 16:00:02 - ✓ mariadb is running
2025-09-03 16:00:02 - ✓ postgresql is running
2025-09-03 16:00:02 - ✓ mongodb is running
2025-09-03 16:00:02 - ✓ redis is running
2025-09-03 16:00:02 - ✓ phpmyadmin is running
2025-09-03 16:00:02 - ✓ pgadmin is running
2025-09-03 16:00:02 - ✓ mongo-express is running
2025-09-03 16:00:02 - ✓ redis-commander is running
2025-09-03 16:00:02 - === END SUMMARY ===
2025-09-03 17:00:01 - === HEALTH CHECK SUMMARY ===
2025-09-03 17:00:01 - Checking MariaDB...
2025-09-03 17:00:01 - ✗ MariaDB is not responding
2025-09-03 17:00:01 - Checking PostgreSQL...
2025-09-03 17:00:02 - ✓ PostgreSQL is healthy
2025-09-03 17:00:02 -   - Active connections: 6
2025-09-03 17:00:02 - Checking MongoDB...
2025-09-03 17:00:02 - ✗ MongoDB is not responding
2025-09-03 17:00:02 - Checking Redis...
2025-09-03 17:00:02 - ✓ Redis is healthy
2025-09-03 17:00:02 -   - Memory usage: 1.13M
2025-09-03 17:00:02 -   - Connected clients: 2
2025-09-03 17:00:02 - Database Services: 2/4 healthy
2025-09-03 17:00:02 - Checking disk space...
2025-09-03 17:00:02 - Disk usage: 20%
2025-09-03 17:00:02 - ✓ Disk space is adequate
2025-09-03 17:00:02 - Checking container status...
2025-09-03 17:00:02 - ✓ mariadb is running
2025-09-03 17:00:02 - ✓ postgresql is running
2025-09-03 17:00:03 - ✓ mongodb is running
2025-09-03 17:00:03 - ✓ redis is running
2025-09-03 17:00:03 - ✓ phpmyadmin is running
2025-09-03 17:00:03 - ✓ pgadmin is running
2025-09-03 17:00:03 - ✓ mongo-express is running
2025-09-03 17:00:03 - ✓ redis-commander is running
2025-09-03 17:00:03 - === END SUMMARY ===
2025-09-03 18:00:01 - === HEALTH CHECK SUMMARY ===
2025-09-03 18:00:01 - Checking MariaDB...
2025-09-03 18:00:01 - ✗ MariaDB is not responding
2025-09-03 18:00:01 - Checking PostgreSQL...
2025-09-03 18:00:01 - ✓ PostgreSQL is healthy
2025-09-03 18:00:01 -   - Active connections: 6
2025-09-03 18:00:01 - Checking MongoDB...
2025-09-03 18:00:01 - ✗ MongoDB is not responding
2025-09-03 18:00:01 - Checking Redis...
2025-09-03 18:00:02 - ✓ Redis is healthy
2025-09-03 18:00:02 -   - Memory usage: 1.13M
2025-09-03 18:00:02 -   - Connected clients: 2
2025-09-03 18:00:02 - Database Services: 2/4 healthy
2025-09-03 18:00:02 - Checking disk space...
2025-09-03 18:00:02 - Disk usage: 20%
2025-09-03 18:00:02 - ✓ Disk space is adequate
2025-09-03 18:00:02 - Checking container status...
2025-09-03 18:00:02 - ✓ mariadb is running
2025-09-03 18:00:02 - ✓ postgresql is running
2025-09-03 18:00:02 - ✓ mongodb is running
2025-09-03 18:00:02 - ✓ redis is running
2025-09-03 18:00:02 - ✓ phpmyadmin is running
2025-09-03 18:00:02 - ✓ pgadmin is running
2025-09-03 18:00:02 - ✓ mongo-express is running
2025-09-03 18:00:02 - ✓ redis-commander is running
2025-09-03 18:00:02 - === END SUMMARY ===
2025-09-03 19:00:01 - === HEALTH CHECK SUMMARY ===
2025-09-03 19:00:01 - Checking MariaDB...
2025-09-03 19:00:01 - ✗ MariaDB is not responding
2025-09-03 19:00:01 - Checking PostgreSQL...
2025-09-03 19:00:02 - ✓ PostgreSQL is healthy
2025-09-03 19:00:02 -   - Active connections: 6
2025-09-03 19:00:02 - Checking MongoDB...
2025-09-03 19:00:02 - ✗ MongoDB is not responding
2025-09-03 19:00:02 - Checking Redis...
2025-09-03 19:00:02 - ✓ Redis is healthy
2025-09-03 19:00:02 -   - Memory usage: 1.13M
2025-09-03 19:00:02 -   - Connected clients: 2
2025-09-03 19:00:02 - Database Services: 2/4 healthy
2025-09-03 19:00:02 - Checking disk space...
2025-09-03 19:00:02 - Disk usage: 20%
2025-09-03 19:00:02 - ✓ Disk space is adequate
2025-09-03 19:00:02 - Checking container status...
2025-09-03 19:00:02 - ✓ mariadb is running
2025-09-03 19:00:02 - ✓ postgresql is running
2025-09-03 19:00:02 - ✓ mongodb is running
2025-09-03 19:00:02 - ✓ redis is running
2025-09-03 19:00:02 - ✓ phpmyadmin is running
2025-09-03 19:00:03 - ✓ pgadmin is running
2025-09-03 19:00:03 - ✓ mongo-express is running
2025-09-03 19:00:03 - ✓ redis-commander is running
2025-09-03 19:00:03 - === END SUMMARY ===
2025-09-03 20:00:01 - === HEALTH CHECK SUMMARY ===
2025-09-03 20:00:01 - Checking MariaDB...
2025-09-03 20:00:01 - ✗ MariaDB is not responding
2025-09-03 20:00:01 - Checking PostgreSQL...
2025-09-03 20:00:01 - ✓ PostgreSQL is healthy
2025-09-03 20:00:01 -   - Active connections: 6
2025-09-03 20:00:01 - Checking MongoDB...
2025-09-03 20:00:01 - ✗ MongoDB is not responding
2025-09-03 20:00:01 - Checking Redis...
2025-09-03 20:00:01 - ✓ Redis is healthy
2025-09-03 20:00:01 -   - Memory usage: 1.13M
2025-09-03 20:00:02 -   - Connected clients: 2
2025-09-03 20:00:02 - Database Services: 2/4 healthy
2025-09-03 20:00:02 - Checking disk space...
2025-09-03 20:00:02 - Disk usage: 20%
2025-09-03 20:00:02 - ✓ Disk space is adequate
2025-09-03 20:00:02 - Checking container status...
2025-09-03 20:00:02 - ✓ mariadb is running
2025-09-03 20:00:02 - ✓ postgresql is running
2025-09-03 20:00:02 - ✓ mongodb is running
2025-09-03 20:00:02 - ✓ redis is running
2025-09-03 20:00:02 - ✓ phpmyadmin is running
2025-09-03 20:00:02 - ✓ pgadmin is running
2025-09-03 20:00:02 - ✓ mongo-express is running
2025-09-03 20:00:02 - ✓ redis-commander is running
2025-09-03 20:00:02 - === END SUMMARY ===
2025-09-03 21:00:01 - === HEALTH CHECK SUMMARY ===
2025-09-03 21:00:01 - Checking MariaDB...
2025-09-03 21:00:01 - ✗ MariaDB is not responding
2025-09-03 21:00:01 - Checking PostgreSQL...
2025-09-03 21:00:01 - ✓ PostgreSQL is healthy
2025-09-03 21:00:02 -   - Active connections: 6
2025-09-03 21:00:02 - Checking MongoDB...
2025-09-03 21:00:02 - ✗ MongoDB is not responding
2025-09-03 21:00:02 - Checking Redis...
2025-09-03 21:00:02 - ✓ Redis is healthy
2025-09-03 21:00:02 -   - Memory usage: 1.13M
2025-09-03 21:00:02 -   - Connected clients: 2
2025-09-03 21:00:02 - Database Services: 2/4 healthy
2025-09-03 21:00:02 - Checking disk space...
2025-09-03 21:00:02 - Disk usage: 20%
2025-09-03 21:00:02 - ✓ Disk space is adequate
2025-09-03 21:00:02 - Checking container status...
2025-09-03 21:00:02 - ✓ mariadb is running
2025-09-03 21:00:02 - ✓ postgresql is running
2025-09-03 21:00:02 - ✓ mongodb is running
2025-09-03 21:00:02 - ✓ redis is running
2025-09-03 21:00:02 - ✓ phpmyadmin is running
2025-09-03 21:00:02 - ✓ pgadmin is running
2025-09-03 21:00:02 - ✓ mongo-express is running
2025-09-03 21:00:02 - ✓ redis-commander is running
2025-09-03 21:00:02 - === END SUMMARY ===
2025-09-03 22:00:02 - === HEALTH CHECK SUMMARY ===
2025-09-03 22:00:02 - Checking MariaDB...
2025-09-03 22:00:02 - ✗ MariaDB is not responding
2025-09-03 22:00:02 - Checking PostgreSQL...
2025-09-03 22:00:02 - ✓ PostgreSQL is healthy
2025-09-03 22:00:02 -   - Active connections: 6
2025-09-03 22:00:02 - Checking MongoDB...
2025-09-03 22:00:02 - ✗ MongoDB is not responding
2025-09-03 22:00:02 - Checking Redis...
2025-09-03 22:00:02 - ✓ Redis is healthy
2025-09-03 22:00:02 -   - Memory usage: 1.13M
2025-09-03 22:00:03 -   - Connected clients: 2
2025-09-03 22:00:03 - Database Services: 2/4 healthy
2025-09-03 22:00:03 - Checking disk space...
2025-09-03 22:00:03 - Disk usage: 20%
2025-09-03 22:00:03 - ✓ Disk space is adequate
2025-09-03 22:00:03 - Checking container status...
2025-09-03 22:00:03 - ✓ mariadb is running
2025-09-03 22:00:03 - ✓ postgresql is running
2025-09-03 22:00:03 - ✓ mongodb is running
2025-09-03 22:00:03 - ✓ redis is running
2025-09-03 22:00:03 - ✓ phpmyadmin is running
2025-09-03 22:00:03 - ✓ pgadmin is running
2025-09-03 22:00:03 - ✓ mongo-express is running
2025-09-03 22:00:03 - ✓ redis-commander is running
2025-09-03 22:00:03 - === END SUMMARY ===
2025-09-03 23:00:01 - === HEALTH CHECK SUMMARY ===
2025-09-03 23:00:01 - Checking MariaDB...
2025-09-03 23:00:01 - ✗ MariaDB is not responding
2025-09-03 23:00:01 - Checking PostgreSQL...
2025-09-03 23:00:01 - ✓ PostgreSQL is healthy
2025-09-03 23:00:01 -   - Active connections: 6
2025-09-03 23:00:01 - Checking MongoDB...
2025-09-03 23:00:02 - ✗ MongoDB is not responding
2025-09-03 23:00:02 - Checking Redis...
2025-09-03 23:00:02 - ✓ Redis is healthy
2025-09-03 23:00:02 -   - Memory usage: 1.13M
2025-09-03 23:00:02 -   - Connected clients: 2
2025-09-03 23:00:02 - Database Services: 2/4 healthy
2025-09-03 23:00:02 - Checking disk space...
2025-09-03 23:00:02 - Disk usage: 20%
2025-09-03 23:00:02 - ✓ Disk space is adequate
2025-09-03 23:00:02 - Checking container status...
2025-09-03 23:00:02 - ✓ mariadb is running
2025-09-03 23:00:02 - ✓ postgresql is running
2025-09-03 23:00:02 - ✓ mongodb is running
2025-09-03 23:00:02 - ✓ redis is running
2025-09-03 23:00:02 - ✓ phpmyadmin is running
2025-09-03 23:00:02 - ✓ pgadmin is running
2025-09-03 23:00:02 - ✓ mongo-express is running
2025-09-03 23:00:02 - ✓ redis-commander is running
2025-09-03 23:00:02 - === END SUMMARY ===
2025-09-04 00:00:01 - === HEALTH CHECK SUMMARY ===
2025-09-04 00:00:01 - Checking MariaDB...
2025-09-04 00:00:01 - ✗ MariaDB is not responding
2025-09-04 00:00:01 - Checking PostgreSQL...
2025-09-04 00:00:02 - ✓ PostgreSQL is healthy
2025-09-04 00:00:02 -   - Active connections: 6
2025-09-04 00:00:02 - Checking MongoDB...
2025-09-04 00:00:02 - ✗ MongoDB is not responding
2025-09-04 00:00:02 - Checking Redis...
2025-09-04 00:00:02 - ✓ Redis is healthy
2025-09-04 00:00:02 -   - Memory usage: 1.13M
2025-09-04 00:00:02 -   - Connected clients: 2
2025-09-04 00:00:02 - Database Services: 2/4 healthy
2025-09-04 00:00:02 - Checking disk space...
2025-09-04 00:00:02 - Disk usage: 20%
2025-09-04 00:00:02 - ✓ Disk space is adequate
2025-09-04 00:00:02 - Checking container status...
2025-09-04 00:00:02 - ✓ mariadb is running
2025-09-04 00:00:02 - ✓ postgresql is running
2025-09-04 00:00:02 - ✓ mongodb is running
2025-09-04 00:00:02 - ✓ redis is running
2025-09-04 00:00:02 - ✓ phpmyadmin is running
2025-09-04 00:00:03 - ✓ pgadmin is running
2025-09-04 00:00:03 - ✓ mongo-express is running
2025-09-04 00:00:03 - ✓ redis-commander is running
2025-09-04 00:00:03 - === END SUMMARY ===
2025-09-04 01:00:01 - === HEALTH CHECK SUMMARY ===
2025-09-04 01:00:01 - Checking MariaDB...
2025-09-04 01:00:01 - ✗ MariaDB is not responding
2025-09-04 01:00:01 - Checking PostgreSQL...
2025-09-04 01:00:01 - ✓ PostgreSQL is healthy
2025-09-04 01:00:01 -   - Active connections: 6
2025-09-04 01:00:01 - Checking MongoDB...
2025-09-04 01:00:01 - ✗ MongoDB is not responding
2025-09-04 01:00:01 - Checking Redis...
2025-09-04 01:00:01 - ✓ Redis is healthy
2025-09-04 01:00:02 -   - Memory usage: 1.13M
2025-09-04 01:00:02 -   - Connected clients: 2
2025-09-04 01:00:02 - Database Services: 2/4 healthy
2025-09-04 01:00:02 - Checking disk space...
2025-09-04 01:00:02 - Disk usage: 20%
2025-09-04 01:00:02 - ✓ Disk space is adequate
2025-09-04 01:00:02 - Checking container status...
2025-09-04 01:00:02 - ✓ mariadb is running
2025-09-04 01:00:02 - ✓ postgresql is running
2025-09-04 01:00:02 - ✓ mongodb is running
2025-09-04 01:00:02 - ✓ redis is running
2025-09-04 01:00:02 - ✓ phpmyadmin is running
2025-09-04 01:00:02 - ✓ pgadmin is running
2025-09-04 01:00:02 - ✓ mongo-express is running
2025-09-04 01:00:02 - ✓ redis-commander is running
2025-09-04 01:00:02 - === END SUMMARY ===
2025-09-04 02:00:01 - === HEALTH CHECK SUMMARY ===
2025-09-04 02:00:01 - Checking MariaDB...
2025-09-04 02:00:01 - ✗ MariaDB is not responding
2025-09-04 02:00:01 - Checking PostgreSQL...
2025-09-04 02:00:01 - ✓ PostgreSQL is healthy
2025-09-04 02:00:02 -   - Active connections: 8
2025-09-04 02:00:02 - Checking MongoDB...
2025-09-04 02:00:02 - ✗ MongoDB is not responding
2025-09-04 02:00:02 - Checking Redis...
2025-09-04 02:00:02 - ✓ Redis is healthy
2025-09-04 02:00:02 -   - Memory usage: 1.13M
2025-09-04 02:00:02 -   - Connected clients: 2
2025-09-04 02:00:02 - Database Services: 2/4 healthy
2025-09-04 02:00:02 - Checking disk space...
2025-09-04 02:00:02 - Disk usage: 20%
2025-09-04 02:00:02 - ✓ Disk space is adequate
2025-09-04 02:00:02 - Checking container status...
2025-09-04 02:00:02 - ✓ mariadb is running
2025-09-04 02:00:02 - ✓ postgresql is running
2025-09-04 02:00:02 - ✓ mongodb is running
2025-09-04 02:00:02 - ✓ redis is running
2025-09-04 02:00:02 - ✓ phpmyadmin is running
2025-09-04 02:00:02 - ✓ pgadmin is running
2025-09-04 02:00:02 - ✓ mongo-express is running
2025-09-04 02:00:02 - ✓ redis-commander is running
2025-09-04 02:00:02 - === END SUMMARY ===
2025-09-04 03:00:01 - === HEALTH CHECK SUMMARY ===
2025-09-04 03:00:01 - Checking MariaDB...
2025-09-04 03:00:01 - ✗ MariaDB is not responding
2025-09-04 03:00:01 - Checking PostgreSQL...
2025-09-04 03:00:01 - ✓ PostgreSQL is healthy
2025-09-04 03:00:01 -   - Active connections: 6
2025-09-04 03:00:01 - Checking MongoDB...
2025-09-04 03:00:02 - ✗ MongoDB is not responding
2025-09-04 03:00:02 - Checking Redis...
2025-09-04 03:00:02 - ✓ Redis is healthy
2025-09-04 03:00:02 -   - Memory usage: 1.13M
2025-09-04 03:00:02 -   - Connected clients: 2
2025-09-04 03:00:02 - Database Services: 2/4 healthy
2025-09-04 03:00:02 - Checking disk space...
2025-09-04 03:00:02 - Disk usage: 20%
2025-09-04 03:00:02 - ✓ Disk space is adequate
2025-09-04 03:00:02 - Checking container status...
2025-09-04 03:00:02 - ✓ mariadb is running
2025-09-04 03:00:02 - ✓ postgresql is running
2025-09-04 03:00:02 - ✓ mongodb is running
2025-09-04 03:00:02 - ✓ redis is running
2025-09-04 03:00:02 - ✓ phpmyadmin is running
2025-09-04 03:00:02 - ✓ pgadmin is running
2025-09-04 03:00:02 - ✓ mongo-express is running
2025-09-04 03:00:02 - ✓ redis-commander is running
2025-09-04 03:00:02 - === END SUMMARY ===
2025-09-04 04:00:01 - === HEALTH CHECK SUMMARY ===
2025-09-04 04:00:01 - Checking MariaDB...
2025-09-04 04:00:02 - ✗ MariaDB is not responding
2025-09-04 04:00:02 - Checking PostgreSQL...
2025-09-04 04:00:02 - ✓ PostgreSQL is healthy
2025-09-04 04:00:02 -   - Active connections: 6
2025-09-04 04:00:02 - Checking MongoDB...
2025-09-04 04:00:02 - ✗ MongoDB is not responding
2025-09-04 04:00:02 - Checking Redis...
2025-09-04 04:00:02 - ✓ Redis is healthy
2025-09-04 04:00:02 -   - Memory usage: 1.13M
2025-09-04 04:00:02 -   - Connected clients: 2
2025-09-04 04:00:02 - Database Services: 2/4 healthy
2025-09-04 04:00:02 - Checking disk space...
2025-09-04 04:00:02 - Disk usage: 20%
2025-09-04 04:00:02 - ✓ Disk space is adequate
2025-09-04 04:00:02 - Checking container status...
2025-09-04 04:00:02 - ✓ mariadb is running
2025-09-04 04:00:02 - ✓ postgresql is running
2025-09-04 04:00:02 - ✓ mongodb is running
2025-09-04 04:00:03 - ✓ redis is running
2025-09-04 04:00:03 - ✓ phpmyadmin is running
2025-09-04 04:00:03 - ✓ pgadmin is running
2025-09-04 04:00:03 - ✓ mongo-express is running
2025-09-04 04:00:03 - ✓ redis-commander is running
2025-09-04 04:00:03 - === END SUMMARY ===
2025-09-04 05:00:01 - === HEALTH CHECK SUMMARY ===
2025-09-04 05:00:01 - Checking MariaDB...
2025-09-04 05:00:01 - ✗ MariaDB is not responding
2025-09-04 05:00:01 - Checking PostgreSQL...
2025-09-04 05:00:01 - ✓ PostgreSQL is healthy
2025-09-04 05:00:01 -   - Active connections: 6
2025-09-04 05:00:01 - Checking MongoDB...
2025-09-04 05:00:01 - ✗ MongoDB is not responding
2025-09-04 05:00:01 - Checking Redis...
2025-09-04 05:00:01 - ✓ Redis is healthy
2025-09-04 05:00:02 -   - Memory usage: 1.13M
2025-09-04 05:00:02 -   - Connected clients: 2
2025-09-04 05:00:02 - Database Services: 2/4 healthy
2025-09-04 05:00:02 - Checking disk space...
2025-09-04 05:00:02 - Disk usage: 20%
2025-09-04 05:00:02 - ✓ Disk space is adequate
2025-09-04 05:00:02 - Checking container status...
2025-09-04 05:00:02 - ✓ mariadb is running
2025-09-04 05:00:02 - ✓ postgresql is running
2025-09-04 05:00:02 - ✓ mongodb is running
2025-09-04 05:00:02 - ✓ redis is running
2025-09-04 05:00:02 - ✓ phpmyadmin is running
2025-09-04 05:00:02 - ✓ pgadmin is running
2025-09-04 05:00:02 - ✓ mongo-express is running
2025-09-04 05:00:02 - ✓ redis-commander is running
2025-09-04 05:00:02 - === END SUMMARY ===
2025-09-04 06:00:01 - === HEALTH CHECK SUMMARY ===
2025-09-04 06:00:01 - Checking MariaDB...
2025-09-04 06:00:01 - ✗ MariaDB is not responding
2025-09-04 06:00:01 - Checking PostgreSQL...
2025-09-04 06:00:01 - ✓ PostgreSQL is healthy
2025-09-04 06:00:02 -   - Active connections: 6
2025-09-04 06:00:02 - Checking MongoDB...
2025-09-04 06:00:02 - ✗ MongoDB is not responding
2025-09-04 06:00:02 - Checking Redis...
2025-09-04 06:00:02 - ✓ Redis is healthy
2025-09-04 06:00:02 -   - Memory usage: 1.13M
2025-09-04 06:00:02 -   - Connected clients: 2
2025-09-04 06:00:02 - Database Services: 2/4 healthy
2025-09-04 06:00:02 - Checking disk space...
2025-09-04 06:00:02 - Disk usage: 20%
2025-09-04 06:00:02 - ✓ Disk space is adequate
2025-09-04 06:00:02 - Checking container status...
2025-09-04 06:00:02 - ✓ mariadb is running
2025-09-04 06:00:02 - ✓ postgresql is running
2025-09-04 06:00:02 - ✓ mongodb is running
2025-09-04 06:00:02 - ✓ redis is running
2025-09-04 06:00:02 - ✓ phpmyadmin is running
2025-09-04 06:00:02 - ✓ pgadmin is running
2025-09-04 06:00:02 - ✓ mongo-express is running
2025-09-04 06:00:02 - ✓ redis-commander is running
2025-09-04 06:00:03 - === END SUMMARY ===
2025-09-04 07:00:01 - === HEALTH CHECK SUMMARY ===
2025-09-04 07:00:01 - Checking MariaDB...
2025-09-04 07:00:01 - ✗ MariaDB is not responding
2025-09-04 07:00:01 - Checking PostgreSQL...
2025-09-04 07:00:01 - ✓ PostgreSQL is healthy
2025-09-04 07:00:01 -   - Active connections: 6
2025-09-04 07:00:01 - Checking MongoDB...
2025-09-04 07:00:01 - ✗ MongoDB is not responding
2025-09-04 07:00:01 - Checking Redis...
2025-09-04 07:00:01 - ✓ Redis is healthy
2025-09-04 07:00:01 -   - Memory usage: 1.13M
2025-09-04 07:00:01 -   - Connected clients: 2
2025-09-04 07:00:01 - Database Services: 2/4 healthy
2025-09-04 07:00:01 - Checking disk space...
2025-09-04 07:00:01 - Disk usage: 20%
2025-09-04 07:00:02 - ✓ Disk space is adequate
2025-09-04 07:00:02 - Checking container status...
2025-09-04 07:00:02 - ✓ mariadb is running
2025-09-04 07:00:02 - ✓ postgresql is running
2025-09-04 07:00:02 - ✓ mongodb is running
2025-09-04 07:00:02 - ✓ redis is running
2025-09-04 07:00:02 - ✓ phpmyadmin is running
2025-09-04 07:00:02 - ✓ pgadmin is running
2025-09-04 07:00:02 - ✓ mongo-express is running
2025-09-04 07:00:02 - ✓ redis-commander is running
2025-09-04 07:00:02 - === END SUMMARY ===
2025-09-04 08:00:01 - === HEALTH CHECK SUMMARY ===
2025-09-04 08:00:01 - Checking MariaDB...
2025-09-04 08:00:01 - ✗ MariaDB is not responding
2025-09-04 08:00:01 - Checking PostgreSQL...
2025-09-04 08:00:01 - ✓ PostgreSQL is healthy
2025-09-04 08:00:01 -   - Active connections: 6
2025-09-04 08:00:01 - Checking MongoDB...
2025-09-04 08:00:02 - ✗ MongoDB is not responding
2025-09-04 08:00:02 - Checking Redis...
2025-09-04 08:00:02 - ✓ Redis is healthy
2025-09-04 08:00:02 -   - Memory usage: 1.13M
2025-09-04 08:00:02 -   - Connected clients: 2
2025-09-04 08:00:02 - Database Services: 2/4 healthy
2025-09-04 08:00:02 - Checking disk space...
2025-09-04 08:00:02 - Disk usage: 20%
2025-09-04 08:00:02 - ✓ Disk space is adequate
2025-09-04 08:00:02 - Checking container status...
2025-09-04 08:00:02 - ✓ mariadb is running
2025-09-04 08:00:02 - ✓ postgresql is running
2025-09-04 08:00:02 - ✓ mongodb is running
2025-09-04 08:00:02 - ✓ redis is running
2025-09-04 08:00:02 - ✓ phpmyadmin is running
2025-09-04 08:00:02 - ✓ pgadmin is running
2025-09-04 08:00:02 - ✓ mongo-express is running
2025-09-04 08:00:02 - ✓ redis-commander is running
2025-09-04 08:00:02 - === END SUMMARY ===
2025-09-04 09:00:01 - === HEALTH CHECK SUMMARY ===
2025-09-04 09:00:01 - Checking MariaDB...
2025-09-04 09:00:01 - ✗ MariaDB is not responding
2025-09-04 09:00:01 - Checking PostgreSQL...
2025-09-04 09:00:02 - ✓ PostgreSQL is healthy
2025-09-04 09:00:02 -   - Active connections: 6
2025-09-04 09:00:02 - Checking MongoDB...
2025-09-04 09:00:02 - ✗ MongoDB is not responding
2025-09-04 09:00:02 - Checking Redis...
2025-09-04 09:00:02 - ✓ Redis is healthy
2025-09-04 09:00:02 -   - Memory usage: 1.13M
2025-09-04 09:00:02 -   - Connected clients: 2
2025-09-04 09:00:02 - Database Services: 2/4 healthy
2025-09-04 09:00:02 - Checking disk space...
2025-09-04 09:00:02 - Disk usage: 20%
2025-09-04 09:00:02 - ✓ Disk space is adequate
2025-09-04 09:00:02 - Checking container status...
2025-09-04 09:00:02 - ✓ mariadb is running
2025-09-04 09:00:02 - ✓ postgresql is running
2025-09-04 09:00:02 - ✓ mongodb is running
2025-09-04 09:00:02 - ✓ redis is running
2025-09-04 09:00:03 - ✓ phpmyadmin is running
2025-09-04 09:00:03 - ✓ pgadmin is running
2025-09-04 09:00:03 - ✓ mongo-express is running
2025-09-04 09:00:03 - ✓ redis-commander is running
2025-09-04 09:00:03 - === END SUMMARY ===
2025-09-04 10:00:01 - === HEALTH CHECK SUMMARY ===
2025-09-04 10:00:01 - Checking MariaDB...
2025-09-04 10:00:01 - ✗ MariaDB is not responding
2025-09-04 10:00:01 - Checking PostgreSQL...
2025-09-04 10:00:01 - ✓ PostgreSQL is healthy
2025-09-04 10:00:01 -   - Active connections: 6
2025-09-04 10:00:01 - Checking MongoDB...
2025-09-04 10:00:01 - ✗ MongoDB is not responding
2025-09-04 10:00:01 - Checking Redis...
2025-09-04 10:00:01 - ✓ Redis is healthy
2025-09-04 10:00:02 -   - Memory usage: 1.13M
2025-09-04 10:00:02 -   - Connected clients: 2
2025-09-04 10:00:02 - Database Services: 2/4 healthy
2025-09-04 10:00:02 - Checking disk space...
2025-09-04 10:00:02 - Disk usage: 20%
2025-09-04 10:00:02 - ✓ Disk space is adequate
2025-09-04 10:00:02 - Checking container status...
2025-09-04 10:00:02 - ✓ mariadb is running
2025-09-04 10:00:02 - ✓ postgresql is running
2025-09-04 10:00:02 - ✓ mongodb is running
2025-09-04 10:00:02 - ✓ redis is running
2025-09-04 10:00:02 - ✓ phpmyadmin is running
2025-09-04 10:00:02 - ✓ pgadmin is running
2025-09-04 10:00:02 - ✓ mongo-express is running
2025-09-04 10:00:02 - ✓ redis-commander is running
2025-09-04 10:00:02 - === END SUMMARY ===
2025-09-04 11:00:01 - === HEALTH CHECK SUMMARY ===
2025-09-04 11:00:01 - Checking MariaDB...
2025-09-04 11:00:01 - ✗ MariaDB is not responding
2025-09-04 11:00:01 - Checking PostgreSQL...
2025-09-04 11:00:01 - ✓ PostgreSQL is healthy
2025-09-04 11:00:02 -   - Active connections: 6
2025-09-04 11:00:02 - Checking MongoDB...
2025-09-04 11:00:02 - ✗ MongoDB is not responding
2025-09-04 11:00:02 - Checking Redis...
2025-09-04 11:00:02 - ✓ Redis is healthy
2025-09-04 11:00:02 -   - Memory usage: 1.13M
2025-09-04 11:00:02 -   - Connected clients: 2
2025-09-04 11:00:02 - Database Services: 2/4 healthy
2025-09-04 11:00:02 - Checking disk space...
2025-09-04 11:00:02 - Disk usage: 20%
2025-09-04 11:00:02 - ✓ Disk space is adequate
2025-09-04 11:00:02 - Checking container status...
2025-09-04 11:00:02 - ✓ mariadb is running
2025-09-04 11:00:02 - ✓ postgresql is running
2025-09-04 11:00:02 - ✓ mongodb is running
2025-09-04 11:00:02 - ✓ redis is running
2025-09-04 11:00:02 - ✓ phpmyadmin is running
2025-09-04 11:00:02 - ✓ pgadmin is running
2025-09-04 11:00:02 - ✓ mongo-express is running
2025-09-04 11:00:02 - ✓ redis-commander is running
2025-09-04 11:00:02 - === END SUMMARY ===
2025-09-04 12:00:01 - === HEALTH CHECK SUMMARY ===
2025-09-04 12:00:02 - Checking MariaDB...
2025-09-04 12:00:02 - ✗ MariaDB is not responding
2025-09-04 12:00:02 - Checking PostgreSQL...
2025-09-04 12:00:02 - ✓ PostgreSQL is healthy
2025-09-04 12:00:02 -   - Active connections: 6
2025-09-04 12:00:02 - Checking MongoDB...
2025-09-04 12:00:02 - ✗ MongoDB is not responding
2025-09-04 12:00:02 - Checking Redis...
2025-09-04 12:00:02 - ✓ Redis is healthy
2025-09-04 12:00:02 -   - Memory usage: 1.13M
2025-09-04 12:00:02 -   - Connected clients: 2
2025-09-04 12:00:02 - Database Services: 2/4 healthy
2025-09-04 12:00:02 - Checking disk space...
2025-09-04 12:00:02 - Disk usage: 20%
2025-09-04 12:00:02 - ✓ Disk space is adequate
2025-09-04 12:00:02 - Checking container status...
2025-09-04 12:00:03 - ✓ mariadb is running
2025-09-04 12:00:03 - ✓ postgresql is running
2025-09-04 12:00:03 - ✓ mongodb is running
2025-09-04 12:00:03 - ✓ redis is running
2025-09-04 12:00:03 - ✓ phpmyadmin is running
2025-09-04 12:00:03 - ✓ pgadmin is running
2025-09-04 12:00:03 - ✓ mongo-express is running
2025-09-04 12:00:03 - ✓ redis-commander is running
2025-09-04 12:00:03 - === END SUMMARY ===
2025-09-04 13:00:01 - === HEALTH CHECK SUMMARY ===
2025-09-04 13:00:01 - Checking MariaDB...
2025-09-04 13:00:01 - ✗ MariaDB is not responding
2025-09-04 13:00:01 - Checking PostgreSQL...
2025-09-04 13:00:01 - ✓ PostgreSQL is healthy
2025-09-04 13:00:01 -   - Active connections: 6
2025-09-04 13:00:01 - Checking MongoDB...
2025-09-04 13:00:02 - ✗ MongoDB is not responding
2025-09-04 13:00:02 - Checking Redis...
2025-09-04 13:00:02 - ✓ Redis is healthy
2025-09-04 13:00:02 -   - Memory usage: 1.13M
2025-09-04 13:00:02 -   - Connected clients: 2
2025-09-04 13:00:02 - Database Services: 2/4 healthy
2025-09-04 13:00:02 - Checking disk space...
2025-09-04 13:00:02 - Disk usage: 20%
2025-09-04 13:00:02 - ✓ Disk space is adequate
2025-09-04 13:00:02 - Checking container status...
2025-09-04 13:00:02 - ✓ mariadb is running
2025-09-04 13:00:02 - ✓ postgresql is running
2025-09-04 13:00:02 - ✓ mongodb is running
2025-09-04 13:00:02 - ✓ redis is running
2025-09-04 13:00:02 - ✓ phpmyadmin is running
2025-09-04 13:00:02 - ✓ pgadmin is running
2025-09-04 13:00:02 - ✓ mongo-express is running
2025-09-04 13:00:02 - ✓ redis-commander is running
2025-09-04 13:00:02 - === END SUMMARY ===
2025-09-04 14:00:01 - === HEALTH CHECK SUMMARY ===
2025-09-04 14:00:01 - Checking MariaDB...
2025-09-04 14:00:02 - ✗ MariaDB is not responding
2025-09-04 14:00:02 - Checking PostgreSQL...
2025-09-04 14:00:02 - ✓ PostgreSQL is healthy
2025-09-04 14:00:02 -   - Active connections: 6
2025-09-04 14:00:02 - Checking MongoDB...
2025-09-04 14:00:02 - ✗ MongoDB is not responding
2025-09-04 14:00:02 - Checking Redis...
2025-09-04 14:00:02 - ✓ Redis is healthy
2025-09-04 14:00:02 -   - Memory usage: 1.13M
2025-09-04 14:00:02 -   - Connected clients: 2
2025-09-04 14:00:02 - Database Services: 2/4 healthy
2025-09-04 14:00:02 - Checking disk space...
2025-09-04 14:00:02 - Disk usage: 20%
2025-09-04 14:00:02 - ✓ Disk space is adequate
2025-09-04 14:00:02 - Checking container status...
2025-09-04 14:00:02 - ✓ mariadb is running
2025-09-04 14:00:02 - ✓ postgresql is running
2025-09-04 14:00:02 - ✓ mongodb is running
2025-09-04 14:00:03 - ✓ redis is running
2025-09-04 14:00:03 - ✓ phpmyadmin is running
2025-09-04 14:00:03 - ✓ pgadmin is running
2025-09-04 14:00:03 - ✓ mongo-express is running
2025-09-04 14:00:03 - ✓ redis-commander is running
2025-09-04 14:00:03 - === END SUMMARY ===
2025-09-04 15:00:01 - === HEALTH CHECK SUMMARY ===
2025-09-04 15:00:01 - Checking MariaDB...
2025-09-04 15:00:01 - ✗ MariaDB is not responding
2025-09-04 15:00:01 - Checking PostgreSQL...
2025-09-04 15:00:01 - ✓ PostgreSQL is healthy
2025-09-04 15:00:01 -   - Active connections: 6
2025-09-04 15:00:01 - Checking MongoDB...
2025-09-04 15:00:01 - ✗ MongoDB is not responding
2025-09-04 15:00:01 - Checking Redis...
2025-09-04 15:00:02 - ✓ Redis is healthy
2025-09-04 15:00:02 -   - Memory usage: 1.13M
2025-09-04 15:00:02 -   - Connected clients: 2
2025-09-04 15:00:02 - Database Services: 2/4 healthy
2025-09-04 15:00:02 - Checking disk space...
2025-09-04 15:00:02 - Disk usage: 20%
2025-09-04 15:00:02 - ✓ Disk space is adequate
2025-09-04 15:00:02 - Checking container status...
2025-09-04 15:00:02 - ✓ mariadb is running
2025-09-04 15:00:02 - ✓ postgresql is running
2025-09-04 15:00:02 - ✓ mongodb is running
2025-09-04 15:00:02 - ✓ redis is running
2025-09-04 15:00:02 - ✓ phpmyadmin is running
2025-09-04 15:00:02 - ✓ pgadmin is running
2025-09-04 15:00:02 - ✓ mongo-express is running
2025-09-04 15:00:02 - ✓ redis-commander is running
2025-09-04 15:00:02 - === END SUMMARY ===
2025-09-04 16:00:01 - === HEALTH CHECK SUMMARY ===
2025-09-04 16:00:01 - Checking MariaDB...
2025-09-04 16:00:01 - ✗ MariaDB is not responding
2025-09-04 16:00:01 - Checking PostgreSQL...
2025-09-04 16:00:02 - ✓ PostgreSQL is healthy
2025-09-04 16:00:02 -   - Active connections: 6
2025-09-04 16:00:02 - Checking MongoDB...
2025-09-04 16:00:02 - ✗ MongoDB is not responding
2025-09-04 16:00:02 - Checking Redis...
2025-09-04 16:00:02 - ✓ Redis is healthy
2025-09-04 16:00:02 -   - Memory usage: 1.13M
2025-09-04 16:00:02 -   - Connected clients: 2
2025-09-04 16:00:02 - Database Services: 2/4 healthy
2025-09-04 16:00:02 - Checking disk space...
2025-09-04 16:00:02 - Disk usage: 20%
2025-09-04 16:00:02 - ✓ Disk space is adequate
2025-09-04 16:00:02 - Checking container status...
2025-09-04 16:00:02 - ✓ mariadb is running
2025-09-04 16:00:02 - ✓ postgresql is running
2025-09-04 16:00:02 - ✓ mongodb is running
2025-09-04 16:00:02 - ✓ redis is running
2025-09-04 16:00:02 - ✓ phpmyadmin is running
2025-09-04 16:00:02 - ✓ pgadmin is running
2025-09-04 16:00:03 - ✓ mongo-express is running
2025-09-04 16:00:03 - ✓ redis-commander is running
2025-09-04 16:00:03 - === END SUMMARY ===
2025-09-04 17:00:01 - === HEALTH CHECK SUMMARY ===
2025-09-04 17:00:01 - Checking MariaDB...
2025-09-04 17:00:01 - ✗ MariaDB is not responding
2025-09-04 17:00:01 - Checking PostgreSQL...
2025-09-04 17:00:01 - ✓ PostgreSQL is healthy
2025-09-04 17:00:01 -   - Active connections: 6
2025-09-04 17:00:01 - Checking MongoDB...
2025-09-04 17:00:01 - ✗ MongoDB is not responding
2025-09-04 17:00:01 - Checking Redis...
2025-09-04 17:00:01 - ✓ Redis is healthy
2025-09-04 17:00:01 -   - Memory usage: 1.13M
2025-09-04 17:00:02 -   - Connected clients: 2
2025-09-04 17:00:02 - Database Services: 2/4 healthy
2025-09-04 17:00:02 - Checking disk space...
2025-09-04 17:00:02 - Disk usage: 20%
2025-09-04 17:00:02 - ✓ Disk space is adequate
2025-09-04 17:00:02 - Checking container status...
2025-09-04 17:00:02 - ✓ mariadb is running
2025-09-04 17:00:02 - ✓ postgresql is running
2025-09-04 17:00:02 - ✓ mongodb is running
2025-09-04 17:00:02 - ✓ redis is running
2025-09-04 17:00:02 - ✓ phpmyadmin is running
2025-09-04 17:00:02 - ✓ pgadmin is running
2025-09-04 17:00:02 - ✓ mongo-express is running
2025-09-04 17:00:02 - ✓ redis-commander is running
2025-09-04 17:00:02 - === END SUMMARY ===
2025-09-04 18:00:01 - === HEALTH CHECK SUMMARY ===
2025-09-04 18:00:01 - Checking MariaDB...
2025-09-04 18:00:01 - ✗ MariaDB is not responding
2025-09-04 18:00:01 - Checking PostgreSQL...
2025-09-04 18:00:01 - ✓ PostgreSQL is healthy
2025-09-04 18:00:02 -   - Active connections: 6
2025-09-04 18:00:02 - Checking MongoDB...
2025-09-04 18:00:02 - ✗ MongoDB is not responding
2025-09-04 18:00:02 - Checking Redis...
2025-09-04 18:00:02 - ✓ Redis is healthy
2025-09-04 18:00:02 -   - Memory usage: 1.13M
2025-09-04 18:00:02 -   - Connected clients: 2
2025-09-04 18:00:02 - Database Services: 2/4 healthy
2025-09-04 18:00:02 - Checking disk space...
2025-09-04 18:00:02 - Disk usage: 20%
2025-09-04 18:00:02 - ✓ Disk space is adequate
2025-09-04 18:00:02 - Checking container status...
2025-09-04 18:00:02 - ✓ mariadb is running
2025-09-04 18:00:02 - ✓ postgresql is running
2025-09-04 18:00:02 - ✓ mongodb is running
2025-09-04 18:00:02 - ✓ redis is running
2025-09-04 18:00:02 - ✓ phpmyadmin is running
2025-09-04 18:00:02 - ✓ pgadmin is running
2025-09-04 18:00:02 - ✓ mongo-express is running
2025-09-04 18:00:02 - ✓ redis-commander is running
2025-09-04 18:00:02 - === END SUMMARY ===
2025-09-04 19:00:01 - === HEALTH CHECK SUMMARY ===
2025-09-04 19:00:01 - Checking MariaDB...
2025-09-04 19:00:02 - ✗ MariaDB is not responding
2025-09-04 19:00:02 - Checking PostgreSQL...
2025-09-04 19:00:02 - ✓ PostgreSQL is healthy
2025-09-04 19:00:02 -   - Active connections: 6
2025-09-04 19:00:02 - Checking MongoDB...
2025-09-04 19:00:02 - ✗ MongoDB is not responding
2025-09-04 19:00:02 - Checking Redis...
2025-09-04 19:00:02 - ✓ Redis is healthy
2025-09-04 19:00:02 -   - Memory usage: 1.13M
2025-09-04 19:00:02 -   - Connected clients: 2
2025-09-04 19:00:02 - Database Services: 2/4 healthy
2025-09-04 19:00:02 - Checking disk space...
2025-09-04 19:00:02 - Disk usage: 20%
2025-09-04 19:00:02 - ✓ Disk space is adequate
2025-09-04 19:00:02 - Checking container status...
2025-09-04 19:00:02 - ✓ mariadb is running
2025-09-04 19:00:03 - ✓ postgresql is running
2025-09-04 19:00:03 - ✓ mongodb is running
2025-09-04 19:00:03 - ✓ redis is running
2025-09-04 19:00:03 - ✓ phpmyadmin is running
2025-09-04 19:00:03 - ✓ pgadmin is running
2025-09-04 19:00:03 - ✓ mongo-express is running
2025-09-04 19:00:03 - ✓ redis-commander is running
2025-09-04 19:00:03 - === END SUMMARY ===
2025-09-04 20:00:01 - === HEALTH CHECK SUMMARY ===
2025-09-04 20:00:01 - Checking MariaDB...
2025-09-04 20:00:01 - ✗ MariaDB is not responding
2025-09-04 20:00:01 - Checking PostgreSQL...
2025-09-04 20:00:01 - ✓ PostgreSQL is healthy
2025-09-04 20:00:01 -   - Active connections: 6
2025-09-04 20:00:01 - Checking MongoDB...
2025-09-04 20:00:01 - ✗ MongoDB is not responding
2025-09-04 20:00:01 - Checking Redis...
2025-09-04 20:00:02 - ✓ Redis is healthy
2025-09-04 20:00:02 -   - Memory usage: 1.13M
2025-09-04 20:00:02 -   - Connected clients: 2
2025-09-04 20:00:02 - Database Services: 2/4 healthy
2025-09-04 20:00:02 - Checking disk space...
2025-09-04 20:00:02 - Disk usage: 20%
2025-09-04 20:00:02 - ✓ Disk space is adequate
2025-09-04 20:00:02 - Checking container status...
2025-09-04 20:00:02 - ✓ mariadb is running
2025-09-04 20:00:02 - ✓ postgresql is running
2025-09-04 20:00:02 - ✓ mongodb is running
2025-09-04 20:00:02 - ✓ redis is running
2025-09-04 20:00:02 - ✓ phpmyadmin is running
2025-09-04 20:00:02 - ✓ pgadmin is running
2025-09-04 20:00:02 - ✓ mongo-express is running
2025-09-04 20:00:02 - ✓ redis-commander is running
2025-09-04 20:00:02 - === END SUMMARY ===
2025-09-04 21:00:01 - === HEALTH CHECK SUMMARY ===
2025-09-04 21:00:01 - Checking MariaDB...
2025-09-04 21:00:01 - ✗ MariaDB is not responding
2025-09-04 21:00:01 - Checking PostgreSQL...
2025-09-04 21:00:02 - ✓ PostgreSQL is healthy
2025-09-04 21:00:02 -   - Active connections: 6
2025-09-04 21:00:02 - Checking MongoDB...
2025-09-04 21:00:02 - ✗ MongoDB is not responding
2025-09-04 21:00:02 - Checking Redis...
2025-09-04 21:00:02 - ✓ Redis is healthy
2025-09-04 21:00:02 -   - Memory usage: 1.13M
2025-09-04 21:00:02 -   - Connected clients: 2
2025-09-04 21:00:02 - Database Services: 2/4 healthy
2025-09-04 21:00:02 - Checking disk space...
2025-09-04 21:00:02 - Disk usage: 20%
2025-09-04 21:00:02 - ✓ Disk space is adequate
2025-09-04 21:00:02 - Checking container status...
2025-09-04 21:00:02 - ✓ mariadb is running
2025-09-04 21:00:02 - ✓ postgresql is running
2025-09-04 21:00:02 - ✓ mongodb is running
2025-09-04 21:00:03 - ✓ redis is running
2025-09-04 21:00:03 - ✓ phpmyadmin is running
2025-09-04 21:00:03 - ✓ pgadmin is running
2025-09-04 21:00:03 - ✓ mongo-express is running
2025-09-04 21:00:03 - ✓ redis-commander is running
2025-09-04 21:00:03 - === END SUMMARY ===
2025-09-04 22:00:01 - === HEALTH CHECK SUMMARY ===
2025-09-04 22:00:01 - Checking MariaDB...
2025-09-04 22:00:01 - ✗ MariaDB is not responding
2025-09-04 22:00:01 - Checking PostgreSQL...
2025-09-04 22:00:01 - ✓ PostgreSQL is healthy
2025-09-04 22:00:01 -   - Active connections: 6
2025-09-04 22:00:01 - Checking MongoDB...
2025-09-04 22:00:01 - ✗ MongoDB is not responding
2025-09-04 22:00:01 - Checking Redis...
2025-09-04 22:00:02 - ✓ Redis is healthy
2025-09-04 22:00:02 -   - Memory usage: 1.13M
2025-09-04 22:00:02 -   - Connected clients: 2
2025-09-04 22:00:02 - Database Services: 2/4 healthy
2025-09-04 22:00:02 - Checking disk space...
2025-09-04 22:00:02 - Disk usage: 20%
2025-09-04 22:00:02 - ✓ Disk space is adequate
2025-09-04 22:00:02 - Checking container status...
2025-09-04 22:00:02 - ✓ mariadb is running
2025-09-04 22:00:02 - ✓ postgresql is running
2025-09-04 22:00:02 - ✓ mongodb is running
2025-09-04 22:00:02 - ✓ redis is running
2025-09-04 22:00:02 - ✓ phpmyadmin is running
2025-09-04 22:00:02 - ✓ pgadmin is running
2025-09-04 22:00:02 - ✓ mongo-express is running
2025-09-04 22:00:02 - ✓ redis-commander is running
2025-09-04 22:00:02 - === END SUMMARY ===
2025-09-04 23:00:01 - === HEALTH CHECK SUMMARY ===
2025-09-04 23:00:01 - Checking MariaDB...
2025-09-04 23:00:01 - ✗ MariaDB is not responding
2025-09-04 23:00:01 - Checking PostgreSQL...
2025-09-04 23:00:02 - ✓ PostgreSQL is healthy
2025-09-04 23:00:02 -   - Active connections: 6
2025-09-04 23:00:02 - Checking MongoDB...
2025-09-04 23:00:02 - ✗ MongoDB is not responding
2025-09-04 23:00:02 - Checking Redis...
2025-09-04 23:00:02 - ✓ Redis is healthy
2025-09-04 23:00:02 -   - Memory usage: 1.13M
2025-09-04 23:00:02 -   - Connected clients: 2
2025-09-04 23:00:02 - Database Services: 2/4 healthy
2025-09-04 23:00:02 - Checking disk space...
2025-09-04 23:00:02 - Disk usage: 20%
2025-09-04 23:00:02 - ✓ Disk space is adequate
2025-09-04 23:00:02 - Checking container status...
2025-09-04 23:00:02 - ✓ mariadb is running
2025-09-04 23:00:02 - ✓ postgresql is running
2025-09-04 23:00:02 - ✓ mongodb is running
2025-09-04 23:00:02 - ✓ redis is running
2025-09-04 23:00:03 - ✓ phpmyadmin is running
2025-09-04 23:00:03 - ✓ pgadmin is running
2025-09-04 23:00:03 - ✓ mongo-express is running
2025-09-04 23:00:03 - ✓ redis-commander is running
2025-09-04 23:00:03 - === END SUMMARY ===
2025-09-05 00:00:01 - === HEALTH CHECK SUMMARY ===
2025-09-05 00:00:01 - Checking MariaDB...
2025-09-05 00:00:01 - ✗ MariaDB is not responding
2025-09-05 00:00:01 - Checking PostgreSQL...
2025-09-05 00:00:01 - ✓ PostgreSQL is healthy
2025-09-05 00:00:01 -   - Active connections: 6
2025-09-05 00:00:01 - Checking MongoDB...
2025-09-05 00:00:01 - ✗ MongoDB is not responding
2025-09-05 00:00:01 - Checking Redis...
2025-09-05 00:00:01 - ✓ Redis is healthy
2025-09-05 00:00:02 -   - Memory usage: 1.13M
2025-09-05 00:00:02 -   - Connected clients: 2
2025-09-05 00:00:02 - Database Services: 2/4 healthy
2025-09-05 00:00:02 - Checking disk space...
2025-09-05 00:00:02 - Disk usage: 20%
2025-09-05 00:00:02 - ✓ Disk space is adequate
2025-09-05 00:00:02 - Checking container status...
2025-09-05 00:00:02 - ✓ mariadb is running
2025-09-05 00:00:02 - ✓ postgresql is running
2025-09-05 00:00:02 - ✓ mongodb is running
2025-09-05 00:00:02 - ✓ redis is running
2025-09-05 00:00:02 - ✓ phpmyadmin is running
2025-09-05 00:00:02 - ✓ pgadmin is running
2025-09-05 00:00:02 - ✓ mongo-express is running
2025-09-05 00:00:02 - ✓ redis-commander is running
2025-09-05 00:00:02 - === END SUMMARY ===
2025-09-05 01:00:01 - === HEALTH CHECK SUMMARY ===
2025-09-05 01:00:01 - Checking MariaDB...
2025-09-05 01:00:01 - ✗ MariaDB is not responding
2025-09-05 01:00:01 - Checking PostgreSQL...
2025-09-05 01:00:01 - ✓ PostgreSQL is healthy
2025-09-05 01:00:02 -   - Active connections: 6
2025-09-05 01:00:02 - Checking MongoDB...
2025-09-05 01:00:02 - ✗ MongoDB is not responding
2025-09-05 01:00:02 - Checking Redis...
2025-09-05 01:00:02 - ✓ Redis is healthy
2025-09-05 01:00:02 -   - Memory usage: 1.13M
2025-09-05 01:00:02 -   - Connected clients: 2
2025-09-05 01:00:02 - Database Services: 2/4 healthy
2025-09-05 01:00:02 - Checking disk space...
2025-09-05 01:00:02 - Disk usage: 20%
2025-09-05 01:00:02 - ✓ Disk space is adequate
2025-09-05 01:00:02 - Checking container status...
2025-09-05 01:00:02 - ✓ mariadb is running
2025-09-05 01:00:02 - ✓ postgresql is running
2025-09-05 01:00:02 - ✓ mongodb is running
2025-09-05 01:00:02 - ✓ redis is running
2025-09-05 01:00:02 - ✓ phpmyadmin is running
2025-09-05 01:00:02 - ✓ pgadmin is running
2025-09-05 01:00:02 - ✓ mongo-express is running
2025-09-05 01:00:03 - ✓ redis-commander is running
2025-09-05 01:00:03 - === END SUMMARY ===
2025-09-05 02:00:01 - === HEALTH CHECK SUMMARY ===
2025-09-05 02:00:01 - Checking MariaDB...
2025-09-05 02:00:01 - ✗ MariaDB is not responding
2025-09-05 02:00:01 - Checking PostgreSQL...
2025-09-05 02:00:01 - ✓ PostgreSQL is healthy
2025-09-05 02:00:01 -   - Active connections: 8
2025-09-05 02:00:01 - Checking MongoDB...
2025-09-05 02:00:01 - ✗ MongoDB is not responding
2025-09-05 02:00:01 - Checking Redis...
2025-09-05 02:00:01 - ✓ Redis is healthy
2025-09-05 02:00:01 -   - Memory usage: 1.13M
2025-09-05 02:00:01 -   - Connected clients: 2
2025-09-05 02:00:01 - Database Services: 2/4 healthy
2025-09-05 02:00:01 - Checking disk space...
2025-09-05 02:00:01 - Disk usage: 20%
2025-09-05 02:00:01 - ✓ Disk space is adequate
2025-09-05 02:00:01 - Checking container status...
2025-09-05 02:00:01 - ✓ mariadb is running
2025-09-05 02:00:02 - ✓ postgresql is running
2025-09-05 02:00:02 - ✓ mongodb is running
2025-09-05 02:00:02 - ✓ redis is running
2025-09-05 02:00:02 - ✓ phpmyadmin is running
2025-09-05 02:00:02 - ✓ pgadmin is running
2025-09-05 02:00:02 - ✓ mongo-express is running
2025-09-05 02:00:02 - ✓ redis-commander is running
2025-09-05 02:00:02 - === END SUMMARY ===
2025-09-05 03:00:01 - === HEALTH CHECK SUMMARY ===
2025-09-05 03:00:01 - Checking MariaDB...
2025-09-05 03:00:01 - ✗ MariaDB is not responding
2025-09-05 03:00:01 - Checking PostgreSQL...
2025-09-05 03:00:01 - ✓ PostgreSQL is healthy
2025-09-05 03:00:01 -   - Active connections: 6
2025-09-05 03:00:01 - Checking MongoDB...
2025-09-05 03:00:01 - ✗ MongoDB is not responding
2025-09-05 03:00:01 - Checking Redis...
2025-09-05 03:00:01 - ✓ Redis is healthy
2025-09-05 03:00:01 -   - Memory usage: 1.13M
2025-09-05 03:00:02 -   - Connected clients: 2
2025-09-05 03:00:02 - Database Services: 2/4 healthy
2025-09-05 03:00:02 - Checking disk space...
2025-09-05 03:00:02 - Disk usage: 20%
2025-09-05 03:00:02 - ✓ Disk space is adequate
2025-09-05 03:00:02 - Checking container status...
2025-09-05 03:00:02 - ✓ mariadb is running
2025-09-05 03:00:02 - ✓ postgresql is running
2025-09-05 03:00:02 - ✓ mongodb is running
2025-09-05 03:00:02 - ✓ redis is running
2025-09-05 03:00:02 - ✓ phpmyadmin is running
2025-09-05 03:00:02 - ✓ pgadmin is running
2025-09-05 03:00:02 - ✓ mongo-express is running
2025-09-05 03:00:02 - ✓ redis-commander is running
2025-09-05 03:00:02 - === END SUMMARY ===
2025-09-05 04:00:01 - === HEALTH CHECK SUMMARY ===
2025-09-05 04:00:01 - Checking MariaDB...
2025-09-05 04:00:01 - ✗ MariaDB is not responding
2025-09-05 04:00:01 - Checking PostgreSQL...
2025-09-05 04:00:01 - ✓ PostgreSQL is healthy
2025-09-05 04:00:02 -   - Active connections: 6
2025-09-05 04:00:02 - Checking MongoDB...
2025-09-05 04:00:02 - ✗ MongoDB is not responding
2025-09-05 04:00:02 - Checking Redis...
2025-09-05 04:00:02 - ✓ Redis is healthy
2025-09-05 04:00:02 -   - Memory usage: 1.13M
2025-09-05 04:00:02 -   - Connected clients: 2
2025-09-05 04:00:02 - Database Services: 2/4 healthy
2025-09-05 04:00:02 - Checking disk space...
2025-09-05 04:00:02 - Disk usage: 20%
2025-09-05 04:00:02 - ✓ Disk space is adequate
2025-09-05 04:00:02 - Checking container status...
2025-09-05 04:00:02 - ✓ mariadb is running
2025-09-05 04:00:02 - ✓ postgresql is running
2025-09-05 04:00:02 - ✓ mongodb is running
2025-09-05 04:00:02 - ✓ redis is running
2025-09-05 04:00:02 - ✓ phpmyadmin is running
2025-09-05 04:00:02 - ✓ pgadmin is running
2025-09-05 04:00:02 - ✓ mongo-express is running
2025-09-05 04:00:02 - ✓ redis-commander is running
2025-09-05 04:00:02 - === END SUMMARY ===
2025-09-05 05:00:01 - === HEALTH CHECK SUMMARY ===
2025-09-05 05:00:01 - Checking MariaDB...
2025-09-05 05:00:02 - ✗ MariaDB is not responding
2025-09-05 05:00:02 - Checking PostgreSQL...
2025-09-05 05:00:02 - ✓ PostgreSQL is healthy
2025-09-05 05:00:02 -   - Active connections: 6
2025-09-05 05:00:02 - Checking MongoDB...
2025-09-05 05:00:02 - ✗ MongoDB is not responding
2025-09-05 05:00:02 - Checking Redis...
2025-09-05 05:00:02 - ✓ Redis is healthy
2025-09-05 05:00:02 -   - Memory usage: 1.13M
2025-09-05 05:00:02 -   - Connected clients: 2
2025-09-05 05:00:02 - Database Services: 2/4 healthy
2025-09-05 05:00:02 - Checking disk space...
2025-09-05 05:00:02 - Disk usage: 20%
2025-09-05 05:00:02 - ✓ Disk space is adequate
2025-09-05 05:00:02 - Checking container status...
2025-09-05 05:00:02 - ✓ mariadb is running
2025-09-05 05:00:03 - ✓ postgresql is running
2025-09-05 05:00:03 - ✓ mongodb is running
2025-09-05 05:00:03 - ✓ redis is running
2025-09-05 05:00:03 - ✓ phpmyadmin is running
2025-09-05 05:00:03 - ✓ pgadmin is running
2025-09-05 05:00:03 - ✓ mongo-express is running
2025-09-05 05:00:03 - ✓ redis-commander is running
2025-09-05 05:00:03 - === END SUMMARY ===
2025-09-05 06:00:01 - === HEALTH CHECK SUMMARY ===
2025-09-05 06:00:01 - Checking MariaDB...
2025-09-05 06:00:01 - ✗ MariaDB is not responding
2025-09-05 06:00:01 - Checking PostgreSQL...
2025-09-05 06:00:01 - ✓ PostgreSQL is healthy
2025-09-05 06:00:01 -   - Active connections: 6
2025-09-05 06:00:01 - Checking MongoDB...
2025-09-05 06:00:01 - ✗ MongoDB is not responding
2025-09-05 06:00:01 - Checking Redis...
2025-09-05 06:00:02 - ✓ Redis is healthy
2025-09-05 06:00:02 -   - Memory usage: 1.13M
2025-09-05 06:00:02 -   - Connected clients: 2
2025-09-05 06:00:02 - Database Services: 2/4 healthy
2025-09-05 06:00:02 - Checking disk space...
2025-09-05 06:00:02 - Disk usage: 20%
2025-09-05 06:00:02 - ✓ Disk space is adequate
2025-09-05 06:00:02 - Checking container status...
2025-09-05 06:00:02 - ✓ mariadb is running
2025-09-05 06:00:02 - ✓ postgresql is running
2025-09-05 06:00:02 - ✓ mongodb is running
2025-09-05 06:00:02 - ✓ redis is running
2025-09-05 06:00:02 - ✓ phpmyadmin is running
2025-09-05 06:00:02 - ✓ pgadmin is running
2025-09-05 06:00:02 - ✓ mongo-express is running
2025-09-05 06:00:02 - ✓ redis-commander is running
2025-09-05 06:00:02 - === END SUMMARY ===
